Workbook

Sheet Ecosystem extent
B1: Montane forest | C1: Coastal forest | D1: Mangroves | E1: Dryland forest | F1: Acacia-Commiphora bushland | G1: Coastal wooded grassland | H1: Moist wooded grassland | I1: Montane wooded grassland | J1: Masai xeric shrubland | K1: Grassland | L1: Wetland | M1: Open Water | N1: Annual Cropland | O1: Perennial Cropland | P1: Plantation Forest | Q1: Sparsely vegetated areas | R1: Built-up
A2: Opening extent (2002) | B2: 1499089 | C2: 656044 | D2: 47764 | E2: 1641558 | F2: 27514253 | G2: 1506387 | H2: 374693 | I2: 994855 | J2: 2525862 | K2: 9496957 | L2: 38443 | M2: 1211962 | N2: 4676206 | O2: 318061 | P2: 87438 | Q2: 6522495 | R2: 127091
A3: Additions | B3: 373533 | C3: 226553 | D3: 763 | E3: 1043152 | F3: 5351318 | G3: 275193 | H3: 177040 | I3: 467359 | J3: 805542 | K3: 5425717 | L3: 41285 | M3: 59067 | N3: 2868200 | O3: 200263 | P3: 21075 | Q3: 2211185 | R3: 138862
A4: Reductions | B4: 496472 | C4: 272822 | D4: 1422 | E4: 1080674 | F4: 5789489 | G4: 395838 | H4: 285442 | I4: 529196 | J4: 1200432 | K4: 5488469 | L4: 32313 | M4: 41818 | N4: 1490022 | O4: 202644 | P4: 38302 | Q4: 2340248 | R4: 504
A5: Closing extent (2018) | B5: 1376150 | C5: 609775 | D5: 47105 | E5: 1604036 | F5: 27076082 | G5: 1385742 | H5: 266291 | I5: 933018 | J5: 2130972 | K5: 9434205 | L5: 47415 | M5: 1229211 | N5: 6054384 | O5: 315680 | P5: 70211 | Q5: 6393432 | R5: 265449
A6: Net change | B6: -122939 | C6: -46269 | D6: -659 | E6: -37522 | F6: -438171 | G6: -120645 | H6: -108402 | I6: -61837 | J6: -394890 | K6: -62752 | L6: 8972 | M6: 17249 | N6: 1378178 | O6: -2381 | P6: -17227 | Q6: -129063 | R6: 138358
A7: Net change % | B7: -0.082 | C7: -0.071 | D7: -0.014 | E7: -0.023 | F7: -0.016 | G7: -0.08 | H7: -0.289 | I7: -0.062 | J7: -0.156 | K7: -0.007 | L7: 0.233 | M7: 0.014 | N7: 0.295 | O7: -0.007 | P7: -0.197 | Q7: -0.02 | R7: 1.089

Sheet Extent change matrix
C1: 2018
C2: Montane forest | D2: Coastal forest | E2: Mangroves | F2: Dryland forest | G2: Acacia-Commiphora bushland | H2: Coastal wooded grassland | I2: Moist wooded grassland | J2: Montane wooded grassland | K2: Masai xeric shrubland | L2: Grassland | M2: Wetland | N2: Open Water | O2: Annual Cropland | P2: Perennial Cropland | Q2: Plantation Forest | R2: Sparsely vegetated areas | S2: Built-up | T2: Total reductions
A3: 2002 | B3: Montane forest | C3: 1002617 | G3: 99746 | I3: 5145 | J3: 113192 | K3: 1352 | L3: 52246 | M3: 570 | N3: 771 | O3: 186426 | P3: 32810 | R3: 1802 | S3: 2412 | T3: 496472
B4: Coastal forest | D4: 383222 | E4: 26 | G4: 31364 | H4: 200495 | L4: 8394 | M4: 1190 | N4: 1456 | O4: 24546 | P4: 2350 | R4: 2216 | S4: 785 | T4: 272822
B5: Mangroves | D5: 137 | E5: 46342 | H5: 142 | L5: 14 | M5: 18 | N5: 12 | O5: 41 | R5: 1057 | S5: 1 | T5: 1422
B6: Dryland forest | F6: 560884 | G6: 820967 | H6: 82 | I6: 3600 | J6: 30289 | K6: 21577 | L6: 65990 | M6: 2547 | N6: 5853 | O6: 104809 | P6: 7422 | R6: 16368 | S6: 1170 | T6: 1080674
B7: Acacia-Commiphora bushland | C7: 89393 | D7: 26879 | F7: 832458 | G7: 21724764 | H7: 25 | L7: 3248205 | M7: 7028 | N7: 17137 | O7: 878913 | P7: 7221 | Q7: 83 | R7: 663602 | S7: 18545 | T7: 5789489
B8: Coastal wooded grassland | D8: 188966 | E8: 75 | F8: 96 | G8: 13 | H8: 1110549 | L8: 47155 | M8: 4367 | N8: 5427 | O8: 129237 | P8: 2822 | Q8: 256 | R8: 9264 | S8: 8160 | T8: 395838
B9: Moist wooded grassland | C9: 1962 | F9: 3537 | I9: 89251 | L9: 30408 | M9: 6131 | N9: 1686 | O9: 232143 | P9: 4556 | Q9: 160 | R9: 1956 | S9: 2903 | T9: 285442
B10: Montane wooded grassland | C10: 106495 | F10: 29910 | J10: 465659 | L10: 79802 | M10: 1343 | N10: 1180 | O10: 288390 | P10: 6495 | Q10: 3720 | R10: 6808 | S10: 5053 | T10: 529196
B11: Masai xeric shrubland | C11: 3514 | F11: 28493 | K11: 1325430 | L11: 522538 | M11: 1980 | N11: 1103 | O11: 107 | R11: 642446 | S11: 251 | T11: 1200432
B12: Grassland | C12: 65230 | D12: 6243 | E12: 1 | F12: 70278 | G12: 3073176 | H12: 34294 | I12: 43207 | J12: 119461 | K12: 339693 | L12: 4008488 | M12: 4345 | N12: 7582 | O12: 833569 | P12: 15683 | Q12: 6851 | R12: 836199 | S12: 32657 | T12: 5488469
B13: Wetland | C13: 417 | D13: 324 | F13: 1675 | G13: 5285 | H13: 1147 | I13: 3802 | J13: 637 | K13: 299 | L13: 4201 | M13: 6130 | N13: 2429 | O13: 10616 | P13: 600 | Q13: 34 | R13: 723 | S13: 124 | T13: 32313
B14: Open Water | C14: 303 | D14: 872 | E14: 6 | F14: 3891 | G14: 5996 | H14: 2343 | I14: 1589 | J14: 273 | K14: 1023 | L14: 4136 | M14: 6948 | N14: 1170144 | O14: 7622 | P14: 116 | Q14: 1 | R14: 6624 | S14: 75 | T14: 41818
B15: Annual Cropland | C15: 81322 | D15: 2067 | F15: 49823 | G15: 528247 | H15: 26069 | I15: 110401 | J15: 190171 | K15: 13 | L15: 289518 | M15: 2882 | N15: 4767 | O15: 3186184 | P15: 119340 | Q15: 8291 | R15: 20135 | S15: 56976 | T15: 1490022
B16: Perennial Cropland | C16: 23297 | D16: 570 | F16: 4377 | G16: 6326 | H16: 4879 | I16: 8365 | J16: 5601 | L16: 8828 | M16: 528 | N16: 528 | O16: 133544 | P16: 115417 | Q16: 1649 | R16: 1840 | S16: 2312 | T16: 202644
B17: Plantation Forest | G17: 26 | H17: 179 | I17: 466 | J17: 3179 | L17: 9296 | M17: 33 | N17: 19 | O17: 24289 | P17: 729 | Q17: 49136 | R17: 72 | S17: 14 | T17: 38302
B18: Sparsely vegetated areas | C18: 1594 | D18: 493 | E18: 655 | F18: 18613 | G18: 780064 | H18: 5512 | I18: 459 | J18: 4537 | K18: 441585 | L18: 1054928 | M18: 1374 | N18: 9114 | O18: 13747 | P18: 119 | Q18: 30 | R18: 4182247 | S18: 7424 | T18: 2340248
B19: Built-up | C19: 6 | D19: 2 | F19: 1 | G19: 108 | H19: 26 | I19: 6 | J19: 19 | L19: 58 | M19: 1 | N19: 3 | O19: 201 | R19: 73 | S19: 126587 | T19: 504
B20: Total addtions | C20: 373533 | D20: 226553 | E20: 763 | F20: 1043152 | G20: 5351318 | H20: 275193 | I20: 177040 | J20: 467359 | K20: 805542 | L20: 5425717 | M20: 41285 | N20: 59067 | O20: 2868200 | P20: 200263 | Q20: 21075 | R20: 2211185 | S20: 138862

Sheet Ecosystem condition
B1: Montane & Western Rainforest | C1: Coastal Forest | D1: Mangroves | E1: Dryland Forest | F1: Acacia-Commiphora Bushland | G1: Coastal Wooded Grassland | H1: Moist Wooded Grassland | I1: Montane Wooded Grassland | J1: Masai Xeric Shrubland | K1: Grassland
A2: Opening condition score (2002) | B2: 0.57283594 | C2: 0.42878368 | D2: 0.51722074 | E2: 0.41004323 | F2: 0.58529143 | G2: 0.6876137 | H2: 0.69368047 | I2: 0.74150332 | J2: 0.46690074 | K2: 0.68016039
A3: Closing condition score (2018) | B3: 0.58765253 | C3: 0.42046652 | D3: 0.51965833 | E3: 0.39102283 | F3: 0.56865241 | G3: 0.63442298 | H3: 0.73263187 | I3: 0.69716531 | J3: 0.4522181 | K3: 0.61404576
A4: Net change from 2002 | B4: 0.014816597 | C4: -0.0083171622 | D4: 0.0024375894 | E4: -0.019020397 | F4: -0.016639019 | G4: -0.053190716 | H4: 0.0389514 | I4: -0.044338014 | J4: -0.014682634 | K4: -0.066114623
A5: Net change % | B5: 0.025865341 | C5: -0.019397105 | D5: 0.0047128609 | E5: -0.046386321 | F5: -0.028428606 | G5: -0.077355521 | H5: 0.056151791 | I5: -0.059794762 | J5: -0.031447013 | K5: -0.09720446

Sheet Ecosystem services
A2: Physical supply 2002 | B2: Industry | C2: Government | D2: Households | E2: Total | F2: Montane Rainforest | G2: Coastal Forest | H2: Dryland Forest | I2: Acacia-Commiphora bushland | J2: Coastal wooded grassland | K2: Moist wooded grassland | L2: Montane wooded grassland | M2: Masai xeric shrubland | N2: Grassland | O2: Total | Q2: Monetary supply 2002 (KSh million) | R2: Industry | S2: Government | T2: Households | U2: Total | V2: Montane Rainforest | W2: Coastal Forest | X2: Dryland Forest | Y2: Acacia-Commiphora bushland | Z2: Coastal wooded grassland | AA2: Moist wooded grassland | AB2: Montane wooded grassland | AC2: Masai xeric shrubland | AD2: Grassland | AE2: Total | AG2: Monetary supply 2002 (USD million) | AH2: Industry | AI2: Government | AJ2: Households | AK2: Total | AL2: Montane Rainforest | AM2: Coastal Forest | AN2: Dryland Forest | AO2: Acacia-Commiphora bushland | AP2: Coastal wooded grassland | AQ2: Moist wooded grassland | AR2: Montane wooded grassland | AS2: Masai xeric shrubland | AT2: Grassland | AU2: Total
A3: Livestock (TLU '000) | B3: - | C3: - | D3: - | E3: - | F3: ='[1]Monetary values'!$G$20/1000 -> 209.03394 | G3: ='[1]Monetary values'!$G$21/1000 -> 43.258627 | H3: ='[1]Monetary values'!$G$22/1000 -> 182.11535 | I3: ='[1]Monetary values'!$G$23/1000 -> 2828.3893 | J3: ='[1]Monetary values'!$G$24/1000 -> 112.48233 | K3: ='[1]Monetary values'!$G$25/1000 -> 113.28953 | L3: ='[1]Monetary values'!$G$26/1000 -> 230.1089 | M3: ='[1]Monetary values'!$G$27/1000 -> 136.63844 | N3: ='[1]Monetary values'!$G$28/1000 -> 1501.8904 | O3: =SUM(F3:N3) -> 5357.2068 | Q3: Livestock | R3: - | S3: - | T3: - | U3: - | V3: ='[1]Monetary values'!$I$4/1000000 -> 3191.58 | W3: ='[1]Monetary values'!$I$5/1000000 -> 694.68113 | X3: ='[1]Monetary values'!$I$6/1000000 -> 4776.1256 | Y3: ='[1]Monetary values'!$I$7/1000000 -> 69416.286 | Z3: ='[1]Monetary values'!$I$8/1000000 -> 1981.7826 | AA3: ='[1]Monetary values'!$I$9/1000000 -> 4710.8579 | AB3: ='[1]Monetary values'!$I$10/1000000 -> 5219.662 | AC3: ='[1]Monetary values'!$I$11/1000000 -> 2200.1274 | AD3: ='[1]Monetary values'!$I$12/1000000 -> 46865.868 | AE3: =SUM(V3:AD3) -> 139056.97 | AG3: Livestock | AH3: - | AI3: - | AJ3: - | AK3: - | AL3: =V3*'USD to KSh'!$B$1 -> 24.575166 | AM3: =W3*'USD to KSh'!$B$1 -> 5.3490447 | AN3: =X3*'USD to KSh'!$B$1 -> 36.776167 | AO3: =Y3*'USD to KSh'!$B$1 -> 534.5054 | AP3: =Z3*'USD to KSh'!$B$1 -> 15.259726 | AQ3: =AA3*'USD to KSh'!$B$1 -> 36.273606 | AR3: =AB3*'USD to KSh'!$B$1 -> 40.191397 | AS3: =AC3*'USD to KSh'!$B$1 -> 16.940981 | ... AU3: =AE3*'USD to KSh'!$B$1 -> 1070.7387
A4: Sediment retention (Mt/y) | B4: - | C4: - | D4: - | E4: - | F4: ='[2]Sed valuation results'!B13 -> 175.06046 | G4: ='[2]Sed valuation results'!C13 -> 2.0449196 | H4: ='[2]Sed valuation results'!D13 -> 48.702649 | I4: ='[2]Sed valuation results'!E13 -> 243.74442 | J4: ='[2]Sed valuation results'!F13 -> 6.5516701 | K4: ='[2]Sed valuation results'!G13 -> 18.894222 | L4: ='[2]Sed valuation results'!H13 -> 73.630638 | M4: ='[2]Sed valuation results'!I13 -> 11.084751 | ... O4: ='[2]Sed valuation results'!K13 -> 671.43909 | Q4: Sediment retention | R4: - | S4: - | T4: - | U4: - | V4: ='[2]Sed valuation results'!B21 -> 9477.4909 | W4: ='[2]Sed valuation results'!C21 -> 260.3554 | X4: ='[2]Sed valuation results'!D21 -> 1764.5362 | Y4: ='[2]Sed valuation results'!E21 -> 7973.6009 | Z4: ='[2]Sed valuation results'!F21 -> 678.66667 | AA4: ='[2]Sed valuation results'!G21 -> 1879.2921 | AB4: ='[2]Sed valuation results'!H21 -> 2541.175 | AC4: ='[2]Sed valuation results'!I21 -> 51.226457 | ... AE4: ='[2]Sed valuation results'!K21 -> 29589.109 | AG4: Sediment retention | AH4: - | AI4: - | AJ4: - | AK4: - | AL4: =V4*'USD to KSh'!$B$1 -> 72.97668 | AM4: =W4*'USD to KSh'!$B$1 -> 2.0047366 | AN4: =X4*'USD to KSh'!$B$1 -> 13.586928 | AO4: =Y4*'USD to KSh'!$B$1 -> 61.396727 | AP4: =Z4*'USD to KSh'!$B$1 -> 5.2257334 | AQ4: =AA4*'USD to KSh'!$B$1 -> 14.470549 | AR4: =AB4*'USD to KSh'!$B$1 -> 19.567047 | AS4: =AC4*'USD to KSh'!$B$1 -> 0.39444372 | ... AU4: =AE4*'USD to KSh'!$B$1 -> 227.83614
A5: Tourism value (KSh millions / y) | B5: - | C5: - | D5: - | E5: - | F5: ='[3]Results pivots'!B33 -> 999.54142 | G5: ='[3]Results pivots'!C33 -> 177.81655 | H5: ='[3]Results pivots'!D33 -> 614.40618 | I5: ='[3]Results pivots'!E33 -> 6741.654 | J5: ='[3]Results pivots'!F33 -> 719.76649 | K5: ='[3]Results pivots'!G33 -> 80.167761 | L5: ='[3]Results pivots'!H33 -> 718.47905 | M5: ='[3]Results pivots'!I33 -> 70.199494 | ... O5: ='[3]Results pivots'!K33 -> 19018.835 | Q5: Tourism value | R5: - | S5: - | T5: - | U5: - | V5: =F5 -> 999.54142 | W5: =G5 -> 177.81655 | X5: =H5 -> 614.40618 | Y5: =I5 -> 6741.654 | Z5: =J5 -> 719.76649 | AA5: =K5 -> 80.167761 | AB5: =L5 -> 718.47905 | AC5: =M5 -> 70.199494 | ... AE5: =O5 -> 19018.835 | AG5: Tourism value | AH5: - | AI5: - | AJ5: - | AK5: - | AL5: =V5*'USD to KSh'!$B$1 -> 7.6964689 | AM5: =W5*'USD to KSh'!$B$1 -> 1.3691874 | AN5: =X5*'USD to KSh'!$B$1 -> 4.7309276 | AO5: =Y5*'USD to KSh'!$B$1 -> 51.910736 | AP5: =Z5*'USD to KSh'!$B$1 -> 5.5422019 | AQ5: =AA5*'USD to KSh'!$B$1 -> 0.61729176 | AR5: =AB5*'USD to KSh'!$B$1 -> 5.5322887 | AS5: =AC5*'USD to KSh'!$B$1 -> 0.5405361 | ... AU5: =AE5*'USD to KSh'!$B$1 -> 146.44503
A6: Physical use 2002 | Q6: Monetary use 2002 (KSh million) | V6: - | W6: - | X6: - | Y6: - | Z6: - | AA6: - | AB6: - | AC6: - | AD6: - | AE6: - | AG6: Monetary use 2002 (USD million) | AL6: - | AM6: - | AN6: - | AO6: - | AP6: - | AQ6: - | AR6: - | AS6: - | AT6: - | AU6: -
A7: Livestock (TLU '000) | B7: =$O$3*'Resource user'!B2 -> 0 | C7: =$O$3*'Resource user'!C2 -> 0 | D7: =$O$3*'Resource user'!D2 -> 5357.2068 | E7: =SUM(B7:D7) -> 5357.2068 | F7: - | G7: - | H7: - | I7: - | J7: - | K7: - | L7: - | M7: - | N7: - | O7: - | Q7: Livestock | R7: =$AE$3*'Resource user'!B2 -> 0 | S7: =$AE$3*'Resource user'!C2 -> 0 | T7: =$AE$3*'Resource user'!D2 -> 139056.97 | U7: =SUM(R7:T7) -> 139056.97 | V7: - | W7: - | X7: - | Y7: - | Z7: - | AA7: - | AB7: - | AC7: - | AD7: - | AE7: - | AG7: Livestock | AH7: =R7*'USD to KSh'!$B$1 -> 0 | AI7: =S7*'USD to KSh'!$B$1 -> 0 | AJ7: =T7*'USD to KSh'!$B$1 -> 1070.7387 | AK7: =U7*'USD to KSh'!$B$1 -> 1070.7387 | AL7: - | AM7: - | AN7: - | AO7: - | AP7: - | AQ7: - | AR7: - | AS7: - | AT7: - | AU7: -
A8: Sediment retention (t/y) | B8: =$O$4*'Resource user'!B3 -> 0 | C8: =$O$4*'Resource user'!C3 -> 671.43909 | D8: =$O$4*'Resource user'!D3 -> 0 | E8: =SUM(B8:D8) -> 671.43909 | F8: - | G8: - | H8: - | I8: - | J8: - | K8: - | L8: - | M8: - | N8: - | O8: - | Q8: Sediment retention | R8: =$AE$4*'Resource user'!B3 -> 0 | S8: =$AE$4*'Resource user'!C3 -> 29589.109 | T8: =$AE$4*'Resource user'!D3 -> 0 | U8: =SUM(R8:T8) -> 29589.109 | V8: - | W8: - | X8: - | Y8: - | Z8: - | AA8: - | AB8: - | AC8: - | AD8: - | AE8: - | AG8: Sediment retention | AH8: =R8*'USD to KSh'!$B$1 -> 0 | AI8: =S8*'USD to KSh'!$B$1 -> 227.83614 | AJ8: =T8*'USD to KSh'!$B$1 -> 0 | AK8: =U8*'USD to KSh'!$B$1 -> 227.83614 | AL8: - | AM8: - | AN8: - | AO8: - | AP8: - | AQ8: - | AR8: - | AS8: - | AT8: - | AU8: -
A9: Tourism value (KSh millions / y) | B9: =$O$5*'Resource user'!B5 -> 18258.082 | C9: =$O$5*'Resource user'!C5 -> 760.75341 | D9: =$O$5*'Resource user'!D5 -> 0 | E9: =SUM(B9:D9) -> 19018.835 | F9: - | G9: - | H9: - | I9: - | J9: - | K9: - | L9: - | M9: - | N9: - | O9: - | Q9: Tourism value | R9: =$AE$5*'Resource user'!B5 -> 18258.082 | S9: =$AE$5*'Resource user'!C5 -> 760.75341 | T9: =$AE$5*'Resource user'!D5 -> 0 | U9: =SUM(R9:T9) -> 19018.835 | V9: - | W9: - | X9: - | Y9: - | Z9: - | AA9: - | AB9: - | AC9: - | AD9: - | AE9: - | AG9: Tourism value | AH9: =R9*'USD to KSh'!$B$1 -> 140.58723 | AI9: =S9*'USD to KSh'!$B$1 -> 5.8578013 | AJ9: =T9*'USD to KSh'!$B$1 -> 0 | AK9: =U9*'USD to KSh'!$B$1 -> 146.44503 | AL9: - | AM9: - | AN9: - | AO9: - | AP9: - | AQ9: - | AR9: - | AS9: - | AT9: - | AU9: -
A12: Physical supply 2018 | B12: Industry | C12: Government | D12: Households | E12: Total | F12: Montane Rainforest | G12: Coastal Forest | H12: Dryland Forest | I12: Acacia-Commiphora bushland | J12: Coastal wooded grassland | K12: Moist wooded grassland | L12: Montane wooded grassland | M12: Masai xeric shrubland | N12: Grassland | O12: Total | Q12: Monetary supply 2018 (KSh million) | R12: Industry | S12: Government | T12: Households | U12: Total | V12: Montane Rainforest | W12: Coastal Forest | X12: Dryland Forest | Y12: Acacia-Commiphora bushland | Z12: Coastal wooded grassland | AA12: Moist wooded grassland | AB12: Montane wooded grassland | AC12: Masai xeric shrubland | AD12: Grassland | AE12: Total | AG12: Monetary supply 2018 (USD million) | AH12: Industry | AI12: Government | AJ12: Households | AK12: Total | AL12: Montane Rainforest | AM12: Coastal Forest | AN12: Dryland Forest | AO12: Acacia-Commiphora bushland | AP12: Coastal wooded grassland | AQ12: Moist wooded grassland | AR12: Montane wooded grassland | AS12: Masai xeric shrubland | AT12: Grassland | AU12: Total
A13: Livestock (TLU '000) | B13: - | C13: - | D13: - | E13: - | F13: ='[1]Monetary values'!$O$20/1000 -> 315.01534 | G13: ='[1]Monetary values'!$O$21/1000 -> 80.8721 | H13: ='[1]Monetary values'!$O$22/1000 -> 273.34378 | I13: ='[1]Monetary values'!$O$23/1000 -> 5651.6178 | J13: ='[1]Monetary values'!$O$24/1000 -> 193.32609 | K13: ='[1]Monetary values'!$O$25/1000 -> 151.87607 | L13: ='[1]Monetary values'!$O$26/1000 -> 421.17119 | M13: ='[1]Monetary values'!$O$27/1000 -> 216.94147 | N13: ='[1]Monetary values'!$O$28/1000 -> 2855.576 | O13: =SUM(F13:N13) -> 10159.74 | Q13: Livestock | R13: - | S13: - | T13: - | U13: - | V13: ='[1]Monetary values'!$Q$4/1000000 -> 4318.893 | W13: ='[1]Monetary values'!$Q$5/1000000 -> 1099.9374 | X13: ='[1]Monetary values'!$Q$6/1000000 -> 6968.1305 | Y13: ='[1]Monetary values'!$Q$7/1000000 -> 114266.53 | Z13: ='[1]Monetary values'!$Q$8/1000000 -> 2933.2427 | AA13: ='[1]Monetary values'!$Q$9/1000000 -> 5360.4899 | AB13: ='[1]Monetary values'!$Q$10/1000000 -> 7919.074 | AC13: ='[1]Monetary values'!$Q$11/1000000 -> 2729.9873 | AD13: ='[1]Monetary values'!$Q$12/1000000 -> 38985.917 | AE13: =SUM(V13:AD13) -> 184582.21 | AG13: Livestock | AH13: - | AI13: - | AJ13: - | AK13: - | AL13: =V13*'USD to KSh'!$B$1 -> 33.255476 | AM13: =W13*'USD to KSh'!$B$1 -> 8.4695177 | AN13: =X13*'USD to KSh'!$B$1 -> 53.654605 | AO13: =Y13*'USD to KSh'!$B$1 -> 879.85231 | AP13: =Z13*'USD to KSh'!$B$1 -> 22.585969 | AQ13: =AA13*'USD to KSh'!$B$1 -> 41.275772 | AR13: =AB13*'USD to KSh'!$B$1 -> 60.97687 | AS13: =AC13*'USD to KSh'!$B$1 -> 21.020903 | ... AU13: =AE13*'USD to KSh'!$B$1 -> 1421.283
A14: Sediment retention (t/y) | B14: - | C14: - | D14: - | E14: - | F14: ='[2]Sed valuation results'!B14 -> 170.57125 | G14: ='[2]Sed valuation results'!C14 -> 2.1172454 | H14: ='[2]Sed valuation results'!D14 -> 51.062691 | I14: ='[2]Sed valuation results'!E14 -> 239.65335 | J14: ='[2]Sed valuation results'!F14 -> 5.483764 | K14: ='[2]Sed valuation results'!G14 -> 14.873391 | L14: ='[2]Sed valuation results'!H14 -> 70.793027 | M14: ='[2]Sed valuation results'!I14 -> 10.506951 | ... O14: ='[2]Sed valuation results'!K14 -> 622.67024 | Q14: Sediment retention | R14: - | S14: - | T14: - | U14: - | V14: ='[2]Sed valuation results'!B22 -> 6774.8571 | W14: ='[2]Sed valuation results'!C22 -> 327.30515 | X14: ='[2]Sed valuation results'!D22 -> 1791.1841 | Y14: ='[2]Sed valuation results'!E22 -> 8450.3749 | Z14: ='[2]Sed valuation results'!F22 -> 791.27089 | AA14: ='[2]Sed valuation results'!G22 -> 1194.8507 | AB14: ='[2]Sed valuation results'!H22 -> 2319.9427 | AC14: ='[2]Sed valuation results'!I22 -> 81.229892 | ... AE14: ='[2]Sed valuation results'!K22 -> 23911.652 | AG14: Sediment retention | AH14: - | AI14: - | AJ14: - | AK14: - | AL14: =V14*'USD to KSh'!$B$1 -> 52.166399 | AM14: =W14*'USD to KSh'!$B$1 -> 2.5202497 | AN14: =X14*'USD to KSh'!$B$1 -> 13.792118 | AO14: =Y14*'USD to KSh'!$B$1 -> 65.067887 | AP14: =Z14*'USD to KSh'!$B$1 -> 6.0927859 | AQ14: =AA14*'USD to KSh'!$B$1 -> 9.2003502 | AR14: =AB14*'USD to KSh'!$B$1 -> 17.863559 | AS14: =AC14*'USD to KSh'!$B$1 -> 0.62547017 | ... AU14: =AE14*'USD to KSh'!$B$1 -> 184.11972
A15: Tourism value (KSh millions / y) | B15: - | C15: - | D15: - | E15: - | F15: ='[3]Results pivots'!B34 -> 2003.368 | G15: ='[3]Results pivots'!C34 -> 356.39542 | H15: ='[3]Results pivots'!D34 -> 1231.4464 | I15: ='[3]Results pivots'!E34 -> 13512.21 | J15: ='[3]Results pivots'!F34 -> 1442.6187 | K15: ='[3]Results pivots'!G34 -> 160.67921 | L15: ='[3]Results pivots'!H34 -> 1440.0383 | M15: ='[3]Results pivots'!I34 -> 140.69994 | ... O15: ='[3]Results pivots'!K34 -> 38119.206 | Q15: Tourism value | R15: - | S15: - | T15: - | U15: - | V15: =F15 -> 2003.368 | W15: =G15 -> 356.39542 | X15: =H15 -> 1231.4464 | Y15: =I15 -> 13512.21 | Z15: =J15 -> 1442.6187 | AA15: =K15 -> 160.67921 | AB15: =L15 -> 1440.0383 | AC15: =M15 -> 140.69994 | ... AE15: =O15 -> 38119.206 | AG15: Tourism value | AH15: - | AI15: - | AJ15: - | AK15: - | AL15: =V15*'USD to KSh'!$B$1 -> 15.425933 | AM15: =W15*'USD to KSh'!$B$1 -> 2.7442447 | AN15: =X15*'USD to KSh'!$B$1 -> 9.4821371 | AO15: =Y15*'USD to KSh'!$B$1 -> 104.04402 | AP15: =Z15*'USD to KSh'!$B$1 -> 11.108164 | AQ15: =AA15*'USD to KSh'!$B$1 -> 1.2372299 | AR15: =AB15*'USD to KSh'!$B$1 -> 11.088295 | AS15: =AC15*'USD to KSh'!$B$1 -> 1.0833895 | ... AU15: =AE15*'USD to KSh'!$B$1 -> 293.51789
A16: Physical use 2018 | Q16: Monetary use 2018 (KSh million) | V16: - | W16: - | X16: - | Y16: - | Z16: - | AA16: - | AB16: - | AC16: - | AD16: - | AE16: - | AG16: Monetary use 2018 (USD million) | AL16: - | AM16: - | AN16: - | AO16: - | AP16: - | AQ16: - | AR16: - | AS16: - | AT16: - | AU16: -
A17: Livestock (TLU '000) | B17: =$O$13*'Resource user'!B2 -> 0 | C17: =$O$13*'Resource user'!C2 -> 0 | D17: =$O$13*'Resource user'!D2 -> 10159.74 | E17: =SUM(B17:D17) -> 10159.74 | F17: - | G17: - | H17: - | I17: - | J17: - | K17: - | L17: - | M17: - | N17: - | O17: - | Q17: Livestock | R17: =$AE$13*'Resource user'!B2 -> 0 | S17: =$AE$13*'Resource user'!C2 -> 0 | T17: =$AE$13*'Resource user'!D2 -> 184582.21 | U17: =SUM(R17:T17) -> 184582.21 | V17: - | W17: - | X17: - | Y17: - | Z17: - | AA17: - | AB17: - | AC17: - | AD17: - | AE17: - | AG17: Livestock | AH17: =R17*'USD to KSh'!$B$1 -> 0 | AI17: =S17*'USD to KSh'!$B$1 -> 0 | AJ17: =T17*'USD to KSh'!$B$1 -> 1421.283 | AK17: =U17*'USD to KSh'!$B$1 -> 1421.283 | AL17: - | AM17: - | AN17: - | AO17: - | AP17: - | AQ17: - | AR17: - | AS17: - | AT17: - | AU17: -
A18: Sediment retention (t/y) | B18: =$O$14*'Resource user'!B3 -> 0 | C18: =$O$14*'Resource user'!C3 -> 622.67024 | D18: =$O$14*'Resource user'!D3 -> 0 | E18: =SUM(B18:D18) -> 622.67024 | F18: - | G18: - | H18: - | I18: - | J18: - | K18: - | L18: - | M18: - | N18: - | O18: - | Q18: Sediment retention | R18: =$AE$14*'Resource user'!B3 -> 0 | S18: =$AE$14*'Resource user'!C3 -> 23911.652 | T18: =$AE$14*'Resource user'!D3 -> 0 | U18: =SUM(R18:T18) -> 23911.652 | V18: - | W18: - | X18: - | Y18: - | AC18: - | AD18: - | AE18: - | AG18: Sediment retention | AH18: =R18*'USD to KSh'!$B$1 -> 0 | AI18: =S18*'USD to KSh'!$B$1 -> 184.11972 | AJ18: =T18*'USD to KSh'!$B$1 -> 0 | AK18: =U18*'USD to KSh'!$B$1 -> 184.11972 | AL18: - | AM18: - | AN18: - | AO18: - | AS18: - | AT18: - | AU18: -
A19: Tourism value (KSh millions / y) | B19: =$O$15*'Resource user'!B5 -> 36594.438 | C19: =$O$15*'Resource user'!C5 -> 1524.7682 | D19: =$O$15*'Resource user'!D5 -> 0 | E19: =SUM(B19:D19) -> 38119.206 | F19: - | G19: - | H19: - | I19: - | J19: - | K19: - | L19: - | M19: - | N19: - | O19: - | Q19: Tourism value | R19: =$AE$15*'Resource user'!B5 -> 36594.438 | S19: =$AE$15*'Resource user'!C5 -> 1524.7682 | T19: =$AE$15*'Resource user'!D5 -> 0 | U19: =SUM(R19:T19) -> 38119.206 | V19: - | W19: - | X19: - | Y19: - | AC19: - | AD19: - | AE19: - | AG19: Tourism value | AH19: =R19*'USD to KSh'!$B$1 -> 281.77717 | AI19: =S19*'USD to KSh'!$B$1 -> 11.740715 | AJ19: =T19*'USD to KSh'!$B$1 -> 0 | AK19: =U19*'USD to KSh'!$B$1 -> 293.51789 | AL19: - | AM19: - | AN19: - | AO19: - | AS19: - | AT19: - | AU19: -

Sheet GDP contribution
A1: Taken from WB World Development Indicators database
B2: 2002 | C2: 2018
A3: GDP (in current LCU) - million | B3: 1035373 | C3: 9340307
A4: GDP in 2025 terms | B4: =FVSCHEDULE(B3,Inflation!B6:B28) -> 6616167.2 | C4: =FVSCHEDULE(C3,Inflation!B22:B28) -> 13940638
A7: Total ecosystem services value
A8: Total (in KSh millions) | B8: =SUM('Ecosystem services'!AE3:AE5) -> 187664.91 | C8: =SUM('Ecosystem services'!AE13:AE15) -> 246613.06
A9: Total (in USD millions) | B9: =B8*'USD to KSh'!$B$1 -> 1445.0198 | C9: =C8*'USD to KSh'!$B$1 -> 1898.9206
A11: Percentage of GDP | B11: =B8/B4 -> 0.028364597 | C11: =C8/C4 -> 0.017690228

Sheet Inflation
A1: https://data.worldbank.org/indicator/FP.CPI.TOTL.ZG
A2: Country Name | B2: Kenya
A3: Country Code | B3: KEN
A4: Indicator Name | B4: Inflation, consumer prices (annual %)
A5: Indicator Code | B5: FP.CPI.TOTL.ZG
A6: 2002 | B6: 0.019613082
A7: 2003 | B7: 0.098156906
A8: 2004 | B8: 0.11624036
A9: 2005 | B9: 0.10312778
A10: 2006 | B10: 0.14453734
A11: 2007 | B11: 0.097588802
A12: 2008 | B12: 0.26239817
A13: 2009 | B13: 0.092341259
A14: 2010 | B14: 0.039613889
A15: 2011 | B15: 0.14022491
A16: 2012 | B16: 0.0937777
A17: 2013 | B17: 0.057174936
... A28: 2024 | B28: 0.044897885

Sheet USD to KSh
A1: KSH to USD | B1: 0.0077

Sheet Resource user
A1: Resource | B1: Industry | C1: Government | D1: Households
A2: Livestock (TLU) | B2: 0 | C2: 0 | D2: 1
A3: Sediment retention (million t/y) | B3: 0 | C3: 1 | D3: 0
A4: Carbon retention (t) | B4: 0 | C4: 1 | D4: 0
A5: Tourism (Ksh millions/y) | B5: 0.96 | C5: 0.04 | D5: 0
