Workbook

Sheet Sheet1
A1: Supply Table 2009/10, Uganda | N1: Flows to the Environment | O1: Overall total
A2: Description | B2: Agric. Production | C2: Forestry | D2: Fishings | E2: Mining & Quarrying | F2: H/hold | G2: Manufacturing | H2: Construction & Housing | I2: Wholesale & Retail trade | J2: Transport | K2: other services | L2: Education, health & social work | M2: Importations
A3: Natural inputs
A4: Sand (ha) | C4: =Sheet3!C4/10 -> 3.3 | O4: -
A5: Seed (kg) | C5: =Sheet3!C5/0.7 -> 792.85714 | O5: -
A6: Seedlings (No.) | C6: =Sheet3!C6*1000000/500 -> 2144000 | O6: -
A7: Wood biomass available for supply | O7: -
A8: Hard wood plantation (m3) | C8: 362964 | O8: 362964
A9: Soft wood plantation (m3) | C9: 744954 | O9: 744954
A10: Natural forest wood (m3) | C10: 27709169 | O10: 27709169
A11: NWFPs | O11: -
A12: Shea nut (tons) | B12: =1507035/1000 -> 1507.035 | O12: 1752
A13: Prunus Africana (trees>30 DBH) | B13: 22768 | O13: 22768
A14: Sandal wood | O14: -
A16: Products | O16: -
A17: Sawn wood ('000 tons) | B17: 5677 | C17: 1957 | D17: - | E17: - | F17: - | G17: - | K17: - | L17: - | O17: 7634
A18: Poles ('000 tons) | C18: 1056 | O18: 1056
A19: Firewood ('000 tons) | C19: 29013 | D19: - | E19: - | F19: - | G19: - | K19: - | L19: - | M19: - | O19: 29013
A20: Charcoal ('000 tons) | C20: 9134 | D20: - | E20: - | F20: - | G20: - | K20: - | L20: - | M20: - | O20: 9134
A21: Finished products
A22: Wood & articles of wood; wood charcoal (m3) | M22: 1937709 | O22: 1937709 | P22: =O57/O22 -> 2.1885082
A23: Cork & cork articles (kg) | M23: 1966 | O23: 1966 | P23: =O58/O23 -> 128.71974
A24: Manufacture of straw, esparata or other plaiting materials, basket ware or wicker work (kg) | M24: 278037 | O24: 278037 | P24: =O59/O24 -> 0.0025284405
A25: Pulp of wood or other fibrous cellulosic material, recovered (waste & scrap) paper or paperboard (kg) | M25: 482157 | O25: 482157 | P25: =O60/O25 -> 1.3676458
A26: Paper & paper board, article of paper or paper board (kg) | M26: 96989954 | O26: 96989954 | P26: =O61/O26 -> 0.071226583
A27: Non-wood forest products | O27: -
A28: Shea butter oil (tons) | F28: =B12*0.3 -> 452.1105 | O28: =F28 -> 452.1105
A29: Prunus Africana (Kg) | B29: 22768 | O29: =B29 -> 22768
A30: Sandalwood | O30: -
A31: Residues | O31: -
A32: Wood residues | O32: -
A35: Use Table 2009/10, Uganda | C35: - | D35: - | E35: - | K35: - | L35: -
A36: Description | B36: Agric. Production | C36: Forests | D36: Fisheries | E36: Mining & Quarrying | F36: household | G36: manufacturing | H36: construction & Housing | I36: Wholesale & Retail trade | J36: Transport | K36: other services | L36: Education, health & social work | M36: Exportations
A37: Natural inputs
A38: Forest soils/sand (ha)
A39: Seed
A40: Seedlings
A41: Wood biomass available for supply
A42: Hard wood plantation (m3)
A43: Soft wood plantation (m3)
A44: NWFPs
A45: Shea nut (tons)
A46: Prunus Africana (trees>30 DBH)
A47: Sandal wood
A48: Inputs
A49: Sand (ha) | H49: =C4 -> 3.3
A50: Seeds (kg) | B50: =C5 -> 792.85714
A51: Seedlings (No.) | B51: =C6*0.75 -> 1608000 | C51: =C6-B51 -> 536000
A52: Forest Products
A53: Timber and Poles | C53: - | D53: - | E53: - | F53: =(O17+O18)-P53 -> 6064.409 | G53: 208.977 | H53: 2390.36 | I53: - | J53: - | K53: 26.257 | L53: - | M53: 6.34 | O53: =O17+O18 -> 8690 | P53: 2625.591 | Q53: =F53/O53 -> 0.69786064 | R53: =H53/O53 -> 0.2750702
A54: Firewood | C54: 5.517 | D54: - | E54: 16.551 | F54: =O19-P54 -> 28724.492 | G54: 64.4 | H54: 16.458 | I54: 62.655 | J54: - | K54: 73.881 | L54: 49.046 | M54: - | O54: =O19 -> 29013 | P54: 288.508 | Q54: =F54/O54 -> 0.99005591 | R54: =H54/O54 -> 0.00056726295
A55: Charcoal | C55: - | D55: - | E55: - | F55: =O20-P55 -> 8989.668 | G55: 47.617 | H55: - | I55: 26.554 | J55: - | K55: 44.182 | L55: 25.98 | M55: - | O55: =O20 -> 9134 | P55: 144.332 | Q55: =F55/O55 -> 0.98419838
A56: Finished products
A57: Wood & articles of wood; wood charcoal (m3) | M57: 4240692 | O57: 4240692
A58: Cork & cork articles (kg) | M58: 253063 | O58: 253063
A59: Manufacture of straw, esparata or other plaiting materials, basket ware or wicker work (kg) | M59: 703 | O59: 703
A60: Pulp of wood or other fibrous cellulosic material, recovered (waste & scrap) paper or paperboard (kg) | M60: 659420 | O60: 659420
A61: Paper & paper board, article of paper or paper board (kg) | M61: 6908263 | O61: 6908263
A63: Non-Wood Forest Products
A64: Shea butter oil (kg) | G64: =F28 -> 452.1105 | M64: =0.2*G64 -> 90.4221
A65: Prunus Africana (kg) | M65: =B29 -> 22768
A66: Sandalwood
A67: Residues

Sheet Sheet2
A1: Supply Table 2016/17, Uganda
A2: Description | B2: Agric prod.n | C2: Forestry | D2: Fishing | E2: Mining & Oil&gas | F2: Households | G2: Manuf-acturing | H2: Construction & Housing | I2: Wholesale & Retail trade | J2: Transport | K2: other services | L2: Education, health, others | M2: Import-ations | N2: Flows to environ-ment | O2: Overall total
A3: Natural inputs
A4: Forest sand (ha) | C4: =Sheet4!C4/15 -> 15.866667 | O4: 4752
A5: Seed (kg) | C5: =Sheet4!C5/0.7 -> 505.71429 | O5: -
A6: Seedlings (No) | C6: =Sheet4!C6*1000000/500 -> 3640000 | O6: -
A7: Wood biomass supply | O7: -
A8: Hard wood plantation (m3) | C8: 1465196 | O8: 1465196
A9: Soft wood plantation (m3) | C9: 1491362 | O9: 1491362
A10: Natural forest wood (m3) | C10: 21426364 | O10: 21426364
A11: Non-wood forest products | O11: -
A12: Prunus Africana (kg) | C12: 88090 | O12: 88090
A13: Sandalwood (tons) | C13: 98 | O13: 98
A14: Shea nut (tons) | B14: 1752 | C14: 0 | O14: 1752
A15: Wood products | O15: -
A16: Timber ('000tons) | B16: 7818.581 | C16: 2453 | O16: =SUM(B16:N16) -> 10271.581
A17: Poles ('000tons) | C17: 1247 | O17: 1247
A18: Firewood ('000tons) | B18: =O58-P18 -> 9157.6 | C18: 33044 | O18: =O58 -> 42201.6 | P18: 33044
A19: Charcoal ('000tons) | C19: 11962 | O19: 11962
A21: Finished products
A22: Wood & articles of wood; wood charcoal (m3) | M22: 2624.201 | O22: =M22 -> 2624.201
A23: Cork & cork articles (kg) | M23: 12.046 | O23: =M23 -> 12.046
A24: Manufacture of straw, esparata or other plaiting materials, basket ware or wicker work (kg) | M24: 165.046 | O24: =M24 -> 165.046
A25: Pulp of wood or other fibrous cellulosic material, recovered (waste & scrap) paper or paperboard (kg) | M25: 3851.637 | O25: =M25 -> 3851.637
A26: Paper & paper board, article of paper or paper board (kg) | M26: 138631.73 | O26: =M26 -> 138631.73
A28: Non-wood forest products | O28: -
A29: Shea oil (tons) | B29: 526 | O29: 526
A30: Prunus Africana (kg) | C30: 252567 | O30: 252567
A31: Sandalwood (tons) | C31: =M70 -> 6400 | O31: -
A32: Residuals | O32: -
A33: Wood residues | B33: - | C33: 180000 | G33: 18000 | H33: - | I33: - | J33: - | K33: - | L33: - | O33: 198000
A38: Use Table 2016/17, Uganda
A39: Description | B39: Agric prod. | C39: Forestry | D39: Fishing | E39: Mining & Oil & gas | F39: House-holds | G39: Manuf-acturing | H39: Construction & Housing | I39: Wholesale & Retail trade | J39: Transport | K39: other services | L39: Education, health, others | M39: Export-ations | N39: Flows to environ-ment | O39: Overall total
A40: Natural inputs
A41: Forest soils/sand (ha) | O41: -
A42: Seed | O42: -
A43: Seedlings | O43: -
A44: Wood biomass available for supply | O44: -
A45: Hard wood plantation (m3) | O45: -
A46: Soft wood plantation (m3) | O46: -
A47: Natural forest wood (m3)
A48: Non-wood forest products
A49: Prunus Africana (kg)
A50: Sandalwood (tons) | O50: -
A51: Shea nut (tons) | O51: -
A52: Inputs | O52: -
A53: Sand (ha) | H53: =C4 -> 15.866667
A54: Seed (Kg) | B54: =C5 -> 505.71429
A55: Seedlings (No.) | B55: =0.75*C6 -> 2730000 | C55: =0.25*C6 -> 910000
A56: Wood products
A57: Timber and Poles ('000tons) | B57: - | C57: - | D57: - | E57: - | F57: =O16+O17-O57 -> 0 | G57: 2506.476 | H57: 8713.438 | I57: - | J57: - | K57: 298.667 | L57: - | M57: - | O57: 11518.581
A58: Firewood ('000tons) | B58: - | C58: 2278.25 | D58: - | E58: 13975.65 | G58: 7518.7 | H58: 3072.2 | I58: - | J58: - | K58: 3622 | L58: 11734.8 | M58: - | O58: 42201.6
A59: Charcoal ('000tons) | B59: - | C59: - | D59: - | E59: - | F59: =O19-P59 -> 11342.408 | G59: 188.248 | H59: - | I59: 189.861 | J59: - | K59: 55.876 | L59: 185.607 | M59: - | O59: =O19 -> 11962 | P59: 619.592
A60: Finished products
A61: Wood & articles of wood; wood charcoal (m3) | M61: 2901.73 | O61: =M61 -> 2901.73 | P61: =O61/O22 -> 1.1057575
A62: Cork & cork articles (kg) | M62: 5.601 | O62: =M62 -> 5.601 | P62: =O62/O23 -> 0.46496762
A63: Manufacture of straw, esparata or other plaiting materials, basket ware or wicker work (kg) | M63: 26.141 | O63: =M63 -> 26.141 | P63: =O63/O24 -> 0.15838615
A64: Pulp of wood or other fibrous cellulosic material, recovered (waste & scrap) paper or paperboard (kg) | M64: 117.726 | O64: =M64 -> 117.726 | P64: =O64/O25 -> 0.030565186
A65: Paper & paper board, article of paper or paper board (kg) | M65: 11624.762 | O65: =M65 -> 11624.762 | P65: =O65/O26 -> 0.083853545
A67: Non-wood forest products | O67: -
A68: Shea butter oil (tons) | F68: 420.8 | M68: 105.2 | O68: 526
A69: Prunus Africana (kg) | M69: 88089 | O69: 88089
A70: Sandalwood oil (tons) | M70: 6400 | O70: 6400
A71: Residuals | O71: -
A72: Wood residues (tons) | O72: -

Sheet Sheet3
A1: Supply Table 2009/10, Uganda
A2: Description | B2: Agric. Production | C2: Forestry | D2: Fisheries | E2: Mining & Quarrying | F2: House-hold | G2: Manufacturing | H2: Construction & Housing | I2: Wholesale & Retail trade | J2: Transport | K2: Other services | L2: Education, health & social work | M2: Import-ations | N2: Flows to environ-ment | O2: Overall total
A3: Natural inputs
A4: Forest sand (UGX mill) | C4: 33 | O4: 33
A5: Seed (UGX mill) | C5: 555 | O5: 555
A6: Seedlings (UGX mill) | C6: 1072 | O6: 1072
A7: Wood biomass available for supply | O7: -
A8: Hard wood plantation (UGX mill) | C8: 36296 | O8: 36296
A9: Soft wood plantation (UGX mill) | C9: 78220 | O9: 78220
A10: Natural forest wood (UGX mill) | C10: 2632371 | O10: 2632371
A11: NWFPs
A12: Shea Pods (number)
A13: Prunus Africana (trees>30 DBH)
A14: Sandal wood
A15: Bamboo
A16: Wood products
A17: Timber | C17: 132677 | D17: - | E17: - | F17: - | G17: - | K17: - | L17: - | M17: 1720 | O17: =SUM(B17:N17) -> 134397
A18: Poles | C18: 41438 | O18: =SUM(B18:N18) -> 41438
A19: Firewood | B19: 114234 | C19: =128916+25228+20130 -> 174274 | D19: - | E19: - | F19: - | G19: - | K19: - | L19: - | M19: - | O19: =SUM(B19:N19) -> 288508
A20: Charcoal | B20: 93123 | C20: 51210 | D20: - | E20: - | F20: - | G20: - | K20: - | L20: - | M20: - | O20: =SUM(B20:N20) -> 144333 | P20: =SUM(O17:O20) -> 608676
A21: Finished products | O21: =SUM(B21:N21) -> 0
A22: Wood & articles of wood; wood charcoal (m3) | M22: =14501778/1000 -> 14501.778 | O22: =SUM(B22:N22) -> 14501.778 | Q22: =O22-O59 -> 1789.993
A23: Cork & cork articles (kg) | M23: =15399/1000 -> 15.399 | O23: =SUM(B23:N23) -> 15.399
A24: Manufacture of straw, esparata or other plaiting materials, basket ware or wicker work (kg) | M24: =352961/1000 -> 352.961 | O24: =SUM(B24:N24) -> 352.961
A25: Pulp of wood or other fibrous cellulosic material, recovered (waste & scrap) paper or paperboard (kg) | M25: =476687/1000 -> 476.687 | O25: =SUM(B25:N25) -> 476.687
A26: Paper & paper board, article of paper or paper board (kg) | M26: =186423731/1000 -> 186423.73 | O26: =SUM(B26:N26) -> 186423.73 | P26: =SUM(O22:O26) -> 201770.56 | Q26: =P26/P63 -> 5.7506151
A27: Non-Wood Forest Products | O27: =SUM(B27:N27) -> 0
A28: Shea butter oil (tons) | F28: =Sheet1!F28*12*255/1000 -> 1383.4581 | O28: =SUM(B28:N28) -> 1383.4581
A29: Prunus Africana | B29: =M67 -> 68.304 | O29: =SUM(B29:N29) -> 68.304
A30: Sandalwood | O30: =SUM(B30:N30) -> 0 | P30: =SUM(O28:O30) -> 1451.7621
A31: Residues | O31: =SUM(B31:N31) -> 0
A32: Wood residuals | O32: =SUM(B32:N32) -> 0
O33: =SUM(B33:N33) -> 0
A34: Total (mill UGX) | B34: =SUM(B3:B33) -> 207425.3 | C34: =SUM(C16:C33) -> 399599 | D34: =SUM(D3:D33) -> 0 | E34: =SUM(E3:E33) -> 0 | F34: =SUM(F3:F33) -> 1383.4581 | G34: =SUM(G3:G33) -> 0 | H34: =SUM(H3:H33) -> 0 | I34: =SUM(I3:I33) -> 0 | J34: =SUM(J3:J33) -> 0 | K34: =SUM(K3:K33) -> 0 | ... N34: =SUM(N3:N33) -> 0 | O34: =SUM(B34:N34) -> 811898.32
O35: =SUM(B35:N35) -> 0 | P35: 811898.32 | R35: =Sheet4!O82/Sheet3!P35 -> 2.7195992
A36: Use Table 2009/10, Uganda | C36: - | D36: - | E36: - | K36: - | L36: - | O36: =SUM(B36:N36) -> 0
A37: Description | B37: Agric. Production | C37: Forests | D37: Fisheries | E37: Mining & Quarrying | F37: House-hold | G37: Manufa-cturing | H37: Construction & Housing | I37: Wholesale & Retail trade | J37: Transport | K37: other services | L37: Education, health & social work | M37: Exportations | N37: Flows to environ-ment | O37: =SUM(B37:N37) -> 0
A38: Natural Inputs | O38: =SUM(B38:N38) -> 0
A39: Forest soils/sand (UGX) | O39: =SUM(B39:N39) -> 0
A40: Seed (UGX) | O40: =SUM(B40:N40) -> 0
A41: Seedlings (UGX) | O41: =SUM(B41:N41) -> 0
A42: Wood biomass available for supply | O42: =SUM(B42:N42) -> 0
A43: Hard wood plantation (mill UGX) | O43: =SUM(B43:N43) -> 0
A44: Soft wood plantation (mill UGX) | O44: =SUM(B44:N44) -> 0
A45: Natural forest wood (million UGX) | O45: =SUM(B45:N45) -> 0
A46: NWFPs | O46: =SUM(B46:N46) -> 0
A47: Shea Pods (number) | O47: =SUM(B47:N47) -> 0
A48: Prunus Africana (trees>30 DBH) | O48: =SUM(B48:N48) -> 0
A49: Sandal wood | O49: =SUM(B49:N49) -> 0
A50: Inputs | O50: =SUM(B50:N50) -> 0
A51: Sand | H51: =C4 -> 33 | O51: =SUM(B51:N51) -> 33
A52: Seed | B52: =C5 -> 555 | O52: =SUM(B52:N52) -> 555
A53: Seedlings | B53: =0.75*C6 -> 804 | C53: =C6-B53 -> 268 | O53: =SUM(B53:N53) -> 1072 | P53: =SUM(O51:O53) -> 1660
A54: Forest Products
A55: Timber and Poles | C55: - | D55: - | E55: - | F55: 61200 | G55: 63320 | I55: - | J55: - | K55: 7956 | L55: - | M55: 1921 | O55: =SUM(B55:N55) -> 134397
A56: Firewood | C56: 5517 | D56: - | E56: 16551 | F56: - | G56: 64400 | H56: 16458 | I56: 62655 | J56: - | K56: 73881 | L56: 49046 | M56: - | O56: =SUM(B56:N56) -> 288508
A57: Charcoal | C57: - | D57: - | E57: - | F57: - | G57: 47617 | H57: - | I57: 26554 | J57: - | K57: 44182 | L57: 25980 | M57: - | O57: =SUM(B57:N57) -> 144333 | P57: =SUM(O55:O57) -> 567238
A58: Finished products | O58: =SUM(B58:N58) -> 0
A59: Wood & articles of wood; wood charcoal (m3) | M59: =12711785/1000 -> 12711.785 | O59: =SUM(B59:N59) -> 12711.785
A60: Cork & cork articles (kg) | M60: =153195/1000 -> 153.195 | O60: =SUM(B60:N60) -> 153.195
A61: Manufacture of straw, esparata or other plaiting materials, basket ware or wicker work (kg) | M61: =26490/1000 -> 26.49 | O61: =SUM(B61:N61) -> 26.49
A62: Pulp of wood or other fibrous cellulosic material, recovered (waste & scrap) paper or paperboard (kg) | M62: =672905/1000 -> 672.905 | O62: =SUM(B62:N62) -> 672.905
A63: Paper & paper board, article of paper or paper board (kg) | M63: =21522403/1000 -> 21522.403 | O63: =SUM(B63:N63) -> 21522.403 | P63: =SUM(O59:O63) -> 35086.778
O64: =SUM(B64:N64) -> 0
A65: Non-Wood Forest Products | O65: =SUM(B65:N65) -> 0
A66: Shea butter oil (litres) | O66: =SUM(B66:N66) -> 0
A67: Prunus Africana | M67: =Sheet1!B29*3000/1000000 -> 68.304 | O67: =SUM(C67:N67) -> 68.304
A68: Sandalwood | F68: =0.8*F28 -> 1106.7665 | M68: =0.2*F28 -> 276.69163 | O68: =SUM(B68:N68) -> 1383.4581
O69: =SUM(B69:N69) -> 0 | P69: =SUM(O67:O69) -> 1451.7621
A70: Residues | O70: =SUM(B70:N70) -> 0
A71: Wood residues | N71: =P35-Q73-1660 -> 206461.78 | O71: =SUM(B71:N71) -> 206461.78
O72: =SUM(B72:N72) -> 0
A73: Total UGX (Mill) | B73: =SUM(B38:B72) -> 1359 | C73: =SUM(C38:C72) -> 5785 | D73: =SUM(D38:D72) -> 0 | E73: =SUM(E38:E72) -> 16551 | F73: =SUM(F38:F72) -> 62306.767 | G73: =SUM(G38:G72) -> 175337 | H73: =SUM(H38:H72) -> 16491 | I73: =SUM(I38:I72) -> 89209 | ... O73: =SUM(O38:O72) -> 811898.32 | Q73: 603776.54

Sheet Sheet4
A1: Supply Table 2016/17, Uganda | N1: Flows to environment | O1: Overall total
A2: Description | B2: Agric production | C2: Forestry | D2: Fishing | E2: Mining & Oil&gas | F2: House-holds | G2: Manufa-cturing | H2: Construction & Housing | I2: Wholesale & Retail trade | J2: Transport | K2: Other services | L2: Education, health, others | M2: Import-ations
A3: Natural inputs
A4: Sand (UGX mill) | C4: 238 | O4: =SUM(B4:N4) -> 238
A5: Seed (UGX mill) | C5: 354 | O5: =SUM(B5:N5) -> 354
A6: Seedlings (UGX mill) | C6: 1820 | O6: =SUM(B6:N6) -> 1820 | P6: =SUM(O4:O6) -> 2412
A7: Wood biomass available for supply | O7: =SUM(B7:N7) -> 0
A8: Hard wood plantation (mill UGX) | C8: 146520 | O8: =SUM(B8:N8) -> 146520
A9: Soft wood plantation (mill UGX) | C9: 156593 | O9: =SUM(B9:N9) -> 156593
A10: Natural forest wood (million UGX) | C10: 2035505 | O10: =SUM(B10:N10) -> 2035505
A11: NWFPs | O11: =SUM(B11:N11) -> 0
A12: Prunus Africana (UGX mill) | C12: 758 | O12: =SUM(B12:N12) -> 758
A13: Sandal wood (UGX mill) | C13: 3561 | O13: =SUM(B13:N13) -> 3561
A14: Shea nuts (UGX mill) | C14: 3504 | O14: =SUM(B14:N14) -> 3504
O15: =SUM(B15:N15) -> 0
A16: Wood products | O16: =SUM(B16:N16) -> 0
A17: Timber (UGX million) | B17: - | C17: 361976 | D17: - | E17: - | F17: - | G17: - | H17: - | I17: - | J17: - | K17: - | L17: - | M17: - | O17: =SUM(B17:N17) -> 361976
A18: Poles (UGX million) | C18: 99291 | O18: =SUM(B18:N18) -> 99291
A19: Firewood (UGX million) | B19: 176277 | C19: 667755 | D19: - | E19: - | F19: - | G19: - | H19: - | I19: - | J19: - | K19: - | L19: - | M19: - | O19: =SUM(B19:N19) -> 844032
A20: Charcoal (UGX million) | B20: 430476 | C20: 27488 | D20: - | E20: - | F20: - | G20: - | H20: - | I20: - | J20: - | K20: - | L20: - | M20: - | O20: =SUM(B20:N20) -> 457964 | P20: =SUM(O17:O20) -> 1763263
O21: =SUM(B21:N21) -> 0
A22: Finished products | O22: =SUM(B22:N22) -> 0
A23: Wood & articles of wood; wood charcoal (m3) | M23: =18202503/1000 -> 18202.503 | O23: =SUM(B23:N23) -> 18202.503
A24: Cork & cork articles (kg) | M24: =212008/1000 -> 212.008 | O24: =SUM(B24:N24) -> 212.008
A25: Manufacture of straw, esparata or other plaiting materials, basket ware or wicker work (kg) | M25: =518636/1000 -> 518.636 | O25: =SUM(B25:N25) -> 518.636
A26: Pulp of wood or other fibrous cellulosic material, recovered (waste & scrap) paper or paperboard (kg) | M26: =2728314/1000 -> 2728.314 | O26: =SUM(B26:N26) -> 2728.314
A27: Paper & paper board, article of paper or paper board (kg) | M27: =417774026/1000 -> 417774.03 | O27: =SUM(B27:N27) -> 417774.03 | P27: =SUM(O23:O27) -> 439435.49 | Q27: =P27/P71 -> 2.5330621
O28: =SUM(B28:N28) -> 0
O29: =SUM(B29:N29) -> 0
A30: Non-wood forest products | O30: =SUM(B30:N30) -> 0
A31: Shea butter oil (litres) | B31: =F74+M74 -> 2630 | O31: =SUM(B31:N31) -> 2630
A32: Prunus Africana (UGX mill) | B32: =M75 -> 758 | O32: =SUM(B32:N32) -> 758
A33: Sandalwood | G33: =M77 -> 927.309 | O33: =SUM(B33:N33) -> 927.309
A34: Residuals | O34: =SUM(B34:N34) -> 0
A35: Wood residues (UGX mill) | C35: 1620 | G35: 162 | O35: =SUM(B35:N35) -> 1782 | P35: =SUM(O31:O35) -> 6097.309
O36: =SUM(B36:N36) -> 0
A37: Total (UGX Mill) | B37: =SUM(B15:B36) -> 610141 | C37: =SUM(C15:C36) -> 1158130 | D37: =SUM(D15:D36) -> 0 | E37: =SUM(E15:E36) -> 0 | F37: =SUM(F15:F36) -> 0 | G37: =SUM(G15:G36) -> 1089.309 | H37: =SUM(H15:H36) -> 0 | I37: =SUM(I15:I36) -> 0 | ... O37: =SUM(O15:O36) -> 2208795.8 | Q37: 2208037.8 | R37: =Q37/Sheet3!P35 -> 2.7195989
A42: Use Table 2016/17, Uganda Description | B42: Agric production | C42: Forestry | D42: Fishing | E42: Mining & Oil & gas | F42: Households | G42: Manuf-acturing | H42: Construction & Housing | I42: Wholesale & Retail trade | J42: Transport | K42: other services | L42: Education, health, others | M42: Export-ations | N42: Flows to environ-ment | O42: Overall total
A43: Natural inputs
A44: Forest soils/sand (UGX) | O44: -
A45: Seed (UGX) | O45: -
A46: Seedlings (UGX) | O46: -
A47: Wood biomass available for supply | O47: -
A48: Hard wood plantation (mill UGX) | O48: -
A49: Soft wood plantation (mill UGX) | O49: -
A50: Natural forest wood (million UGX) | O50: -
A51: NWFPs | O51: -
A52: Prunus Africana (UGX mill)
A53: Sandal wood (UGX mill)
A54: Shea nuts (UGX mill)
A57: Inputs | O57: =SUM(B57:N57) -> 0
A58: Sand | H58: =C4 -> 238 | O58: =SUM(B58:N58) -> 238
A59: Seed | B59: =C5 -> 354 | O59: =SUM(B59:N59) -> 354
A60: Seedlings | B60: =0.75*C6 -> 1365 | C60: =C6-B60 -> 455 | O60: =SUM(B60:N60) -> 1820 | P60: =SUM(O58:O60) -> 2412
A61: Wood products | O61: =SUM(B61:N61) -> 0
A62: Timber and Poles | B62: - | C62: - | D62: - | E62: - | F62: 67436 | G62: 263180 | H62: - | I62: - | J62: - | K62: 31360 | L62: - | M62: - | O62: =SUM(B62:N62) -> 361976
A63: Firewood | B63: - | C63: 45565 | D63: - | E63: 279513 | F63: - | G63: 150374 | H63: 61444 | I63: - | J63: - | K63: 72440 | L63: 234696 | M63: - | O63: =SUM(B63:N63) -> 844032
A64: Charcoal | B64: - | C64: - | D64: - | E64: - | F64: - | G64: 139123 | H64: - | I64: 140315 | J64: - | K64: 41295 | L64: 137171 | M64: - | O64: =SUM(B64:N64) -> 457904 | P64: =SUM(O62:O64) -> 1663912
O65: =SUM(B65:N65) -> 0
A66: Finished products | O66: =SUM(B66:N66) -> 0
A67: Wood & articles of wood; wood charcoal (m3) | M67: =108962149/1000 -> 108962.15 | O67: =SUM(B67:N67) -> 108962.15
A68: Cork & cork articles (kg) | M68: =4773/1000 -> 4.773 | O68: =SUM(B68:N68) -> 4.773
A69: Manufacture of straw, esparata or other plaiting materials, basket ware or wicker work (kg) | M69: =761932/1000 -> 761.932 | O69: =SUM(B69:N69) -> 761.932
A70: Pulp of wood or other fibrous cellulosic material, recovered (waste & scrap) paper or paperboard (kg) | M70: =111148/1000 -> 111.148 | O70: =SUM(B70:N70) -> 111.148
A71: Paper & paper board, article of paper or paper board (kg) | M71: =63639947/1000 -> 63639.947 | O71: =SUM(B71:N71) -> 63639.947 | P71: =SUM(O67:O71) -> 173479.95
O72: =SUM(B72:N72) -> 0
A73: Non-wood forest products | O73: =SUM(B73:N73) -> 0
A74: Shea butter oil (UGX mill) | F74: =Sheet2!B29*5*0.8 -> 2104 | M74: =Sheet2!B29*5*0.2 -> 526 | O74: =SUM(B74:N74) -> 2630
A75: Prunus Africana (UGX mill) | M75: 758 | O75: =SUM(B75:N75) -> 758 | Q75: =O75*1000000/Sheet2!C30 -> 3001.1838
A76: Bamboo (shoots and others) | O76: =SUM(B76:N76) -> 0
A77: Sandalwood (UGX/million) | M77: 927.309 | O77: =SUM(B77:N77) -> 927.309 | P77: =SUM(O73:O77) -> 4315.309
O78: =SUM(B78:N78) -> 0
A79: Residuals | O79: =SUM(B79:N79) -> 0
A80: wood use residues | N80: =Q37-Q82 -> 363918.8 | O80: =SUM(B80:N80) -> 363918.8
O81: =SUM(B81:N81) -> 0
A82: Total (UGX Mill) | B82: =SUM(B43:B81) -> 1719 | C82: =SUM(C43:C81) -> 46020 | D82: =SUM(D43:D81) -> 0 | E82: =SUM(E43:E81) -> 279513 | F82: =SUM(F43:F81) -> 69540 | G82: =SUM(G43:G81) -> 552677 | H82: =SUM(H43:H81) -> 61682 | I82: =SUM(I43:I81) -> 140315 | ... N82: =SUM(N43:N81) -> 363918.8 | O82: =SUM(O57:O81) -> 2208038.1 | Q82: 1844119
Q83: 2210449.8

Sheet PSUT 1990
A1: Supply Table 1990, Uganda | O1: Flows to the Environment | P1: Overall total
A2: Description | B2: Agric. Production | C2: Forestry | D2: Fishings | E2: Mining & Quarrying | F2: H/hold | G2: Manufacturing | H2: Construction & Housing | I2: Wholesale & Retail trade | J2: Transport | K2: Utilities (electricity) | L2: Education, health & social work | M2: Accumulation | N2: Importations | O2: Flows to the Environment | P2: Overall total
A3: Natural inputs | P3: =SUM(B3:O3) -> 0
A4: Seed (kg) | P4: =SUM(B4:O4) -> 0
A5: Seedlings (No.) | P5: =SUM(B5:O5) -> 0
A6: Wood biomass available for supply | P6: =SUM(B6:O6) -> 0
A7: Broad leaved plantations wood ('000 tons) | C7: =([1]Sheet3!$F$5/1000)/10 -> 34.5316 | P7: =SUM(B7:O7) -> 34.5316
A8: Coniferous plantations wood ('000 tons) | C8: =([2]Sheet2!$G$5/1000)/10 -> 63.0416 | P8: =SUM(B8:O8) -> 63.0416
A9: THF Well stocked wood ('000 tons) | C9: =([2]Sheet2!$I$5/1000)/30 -> 805.16807 | P9: =SUM(B9:O9) -> 805.16807
A10: THF Low stocked wood ('000 tons) | C10: =([2]Sheet2!$J$5/1000)/30 -> 122.96073 | P10: =SUM(B10:O10) -> 122.96073
A11: Woodlands wood ('000 tons) | C11: =([2]Sheet2!$K$5/1000)/30 -> 501.27357 | P11: =SUM(B11:O11) -> 501.27357
A12: Sub-total | C12: =SUM(C7:C11) -> 1526.9756
A13: Wood from other land covers ('000 tons) | C13: =[3]Sheet2!$P$7/1000 -> 57468.892
A14: Available wood inputs | C14: =SUM(C7:C13) -> 60522.843
A15: Wood not available for supply | C15: =P21-C14 -> -42271.643
A16: NWFPs | P16: =SUM(B16:O16) -> 0
A17: Shea nut (pods) | P17: =SUM(B17:O17) -> 0
A18: Prunus Africana (trees>30 DBH) | P18: =SUM(B18:O18) -> 0
A19: Sandal wood | P19: =SUM(B19:O19) -> 0
P20: =SUM(B20:O20) -> 0
A21: Wood Products ('000 tons) | C21: =SUM(C22:C27) -> 16592 | O21: =0.1*SUM(B21:N21) -> 1659.2 | P21: =SUM(B21:O21) -> 18251.2
A22: Sawn wood ('000 t) | C22: 324 | O22: =0.1*SUM(B22:N22) -> 32.4 | P22: =SUM(B22:O22) -> 356.4 | R22: =C22/$C$28 -> 0.019527483
A23: Poles ('000 t) | C23: 431 | O23: =0.1*SUM(B23:N23) -> 43.1 | P23: =SUM(B23:O23) -> 474.1 | R23: =C23/$C$28 -> 0.025976374
A24: Firewood Household ('000 ts) | C24: 11654 | O24: =0.1*SUM(B24:N24) -> 1165.4 | P24: =SUM(B24:O24) -> 12819.4 | R24: =C24/$C$28 -> 0.70238669 | S24: =R24+R25+R26 -> 0.8100892
A25: Firewood Commecial ('000 t) | C25: 1534 | O25: =0.1*SUM(B25:N25) -> 153.4 | P25: =SUM(B25:O25) -> 1687.4 | R25: =C25/$C$28 -> 0.092454195
A26: Firewood Industrial ('000 t) | C26: 253 | O26: =0.1*SUM(B26:N26) -> 25.3 | P26: =SUM(B26:O26) -> 278.3 | R26: =C26/$C$28 -> 0.015248312
A27: Charcoal ('000 t) | C27: =(2142+254) -> 2396 | O27: =0.1*SUM(B27:N27) -> 239.6 | P27: =SUM(B27:O27) -> 2635.6 | R27: =C27/$C$28 -> 0.14440694
A28: Sub-total | B28: =SUM(B22:B27) -> 0 | C28: =SUM(C22:C27) -> 16592 | E28: =SUM(E22:E27) -> 0 | F28: =SUM(F22:F27) -> 0 | G28: =SUM(G22:G27) -> 0 | H28: =SUM(H22:H27) -> 0 | I28: =SUM(I22:I27) -> 0 | J28: =SUM(J22:J27) -> 0 | K28: =SUM(K22:K27) -> 0 | L28: =SUM(L22:L27) -> 0 | N28: =SUM(N22:N27) -> 0 | O28: =SUM(O22:O27) -> 1659.2 | P28: =SUM(B28:O28) -> 18251.2 | R28: =C28/$C$28 -> 1
A29: Finished products | P29: =SUM(B29:O29) -> 0
A30: Wood & articles of wood; wood charcoal (m3) | P30: =SUM(B30:O30) -> 0
A31: Cork & cork articles (kg) | P31: =SUM(B31:O31) -> 0
A32: Manufacture of straw, esparata or other plaiting materials, basket ware or wicker work (kg) | P32: =SUM(B32:O32) -> 0
A33: Pulp of wood or other fibrous cellulosic material, recovered (waste & scrap) paper or paperboard (kg) | P33: =SUM(B33:O33) -> 0
A34: Paper & paper board, article of paper or paper board (kg) | P34: =SUM(B34:O34) -> 0
A35: Non-wood forest products | P35: =SUM(B35:O35) -> 0
A36: Shea butter oil (tons) | P36: =SUM(B36:O36) -> 0
A37: Prunus Africana (Kg) | P37: =SUM(B37:O37) -> 0
A38: Sandalwood | P38: =SUM(B38:O38) -> 0
A39: Residues | P39: =SUM(B39:O39) -> 0
A40: Wood residues | C40: =0.1*C28 -> 1659.2 | P40: =SUM(B40:O40) -> 1659.2
A41: total | C41: =C40+C28 -> 18251.2 | M41: =M28 -> 0 | O41: =O28 -> 1659.2 | P41: =P40+P28 -> 19910.4
A43: Use Table 1990, Uganda | B43: Agric. Production | C43: Forestry | D43: Fishings | E43: Mining & Quarrying | F43: H/hold | G43: Manufacturing | H43: Construction & Housing | I43: Wholesale & Retail trade | J43: Transport | K43: Utilities (electricity) | L43: Education, health & social work | N43: Exportations | O43: Flows to the Environment | P43: Overall total
A44: Description | P44: =SUM(B44:O44) -> 0
A45: Natural inputs | P45: =SUM(B45:O45) -> 0
A46: Forest soils/sand (ha) | P46: =SUM(B46:O46) -> 0
A47: Seed | P47: =SUM(B47:O47) -> 0
A48: Seedlings | P48: =SUM(B48:O48) -> 0
A49: Wood biomass available for supply | P49: =SUM(B49:O49) -> 0
A50: Hard wood plantation (m3) | P50: =SUM(B50:O50) -> 0
A51: Soft wood plantation (m3) | P51: =SUM(B51:O51) -> 0
A52: NWFPs | P52: =SUM(B52:O52) -> 0
A53: Shea nut (tons) | P53: =SUM(B53:O53) -> 0
A54: Prunus Africana (trees>30 DBH) | P54: =SUM(B54:O54) -> 0
A55: Sandal wood | P55: =SUM(B55:O55) -> 0
... A65: Woodlands wood (tons) | P65: =SUM(B65:O65) -> 0
A66: Wood poductssProducts
A67: Sawn wood ('000 tons) | H67: 324 | O67: =0.1*SUM(B67:N67) -> 32.4 | P67: =SUM(B67:O67) -> 356.4
A68: Poles ('000 t) | F68: 323 | H68: 108 | O68: =0.1*SUM(B68:N68) -> 43.1 | P68: =SUM(B68:O68) -> 474.1
A69: Firewood Household ('000 t) | F69: =407+11249 -> 11656 | O69: =0.1*SUM(B69:N69) -> 1165.6 | P69: =SUM(B69:O69) -> 12821.6
A70: Firewood Commecial ('000 t) | L70: =243+1291 -> 1534 | O70: =0.1*SUM(B70:N70) -> 153.4 | P70: =SUM(B70:O70) -> 1687.4
A71: Firewood Industrial ('000 t) | G71: =152+101 -> 253 | O71: =0.1*SUM(B71:N71) -> 25.3 | P71: =SUM(B71:O71) -> 278.3
A72: Charcoal ('000 tons) | I72: =(C27+G27) -> 2396 | O72: =0.1*SUM(B72:N72) -> 239.6 | P72: =SUM(B72:O72) -> 2635.6
A73: Sub-total | B73: =SUM(B67:B72) -> 0 | C73: =SUM(C67:C72) -> 0 | D73: =SUM(D67:D72) -> 0 | E73: =SUM(E67:E72) -> 0 | F73: =SUM(F67:F72) -> 11979 | G73: =SUM(G67:G72) -> 253 | H73: =SUM(H67:H72) -> 432 | I73: =SUM(I67:I72) -> 2396 | ... L73: =SUM(L67:L72) -> 1534 | N73: =SUM(N67:N72) -> 0 | O73: =SUM(O67:O72) -> 1659.4 | P73: =SUM(B73:O73) -> 18253.4
A74: Finished products | P74: =SUM(B74:O74) -> 0
A75: Wood & articles of wood; wood charcoal (m3) | P75: =SUM(B75:O75) -> 0
A76: Cork & cork articles (kg) | P76: =SUM(B76:O76) -> 0
A77: Manufacture of straw, esparata or other plaiting materials, basket ware or wicker work (kg) | P77: =SUM(B77:O77) -> 0
A78: Pulp of wood or other fibrous cellulosic material, recovered (waste & scrap) paper or paperboard (kg) | P78: =SUM(B78:O78) -> 0
A79: Paper & paper board, article of paper or paper board (kg) | P79: =SUM(B79:O79) -> 0
A80: Non-Wood Forest Products | P80: =SUM(B80:O80) -> 0
A81: Shea butter oil (kg) | P81: =SUM(B81:O81) -> 0
A82: Prunus Africana (kg) | P82: =SUM(B82:O82) -> 0
A83: Sandalwood | P83: =SUM(B83:O83) -> 0
A84: Residues | B84: =0.1*B73 -> 0 | C84: =0.1*C73 -> 0 | D84: =0.1*D73 -> 0 | E84: =0.1*E73 -> 0 | F84: =0.1*F73 -> 1197.9 | G84: =0.1*G73 -> 25.3 | H84: =0.1*H73 -> 43.2 | I84: =0.1*I73 -> 239.6 | ... L84: =0.1*L73 -> 153.4 | N84: =0.1*N73 -> 0 | P84: =SUM(B84:N84) -> 1659.4
A85: Total | P85: =P84+P73 -> 19912.8

Sheet PSUT 2000
A1: Supply Table 2000, Uganda | N1: Flows to the Environment | O1: Overall total
A2: Description | B2: Agric. Production | C2: Forestry | D2: Fishings | E2: Mining & Quarrying | F2: H/hold | G2: Manufacturing | H2: Construction & Housing | I2: Wholesale & Retail trade | J2: Transport | K2: Utilities (electricity) | L2: Education, health & social work | M2: Importations | N2: Flows to the Environment | O2: Overall total
A3: Natural inputs | O3: =SUM(B3:N3) -> 0
A4: Seed (kg) | O4: =SUM(B4:N4) -> 0
A5: Seedlings (No.) | O5: =SUM(B5:N5) -> 0
A6: Wood biomass available for supply | C6: =SUM(C7:C11) -> 1494.4512 | O6: =SUM(B6:N6) -> 1494.4512
A7: Broad leaved plantations wood ('000tons) | C7: =([2]Sheet2!$F$5/1000)/15 -> 23.021067 | O7: =SUM(B7:N7) -> 23.021067
A8: Coniferous plantations wood ('000tons) | C8: =([2]Sheet2!$G$5/1000)/15 -> 42.027733 | O8: =SUM(B8:N8) -> 42.027733
A9: THF Well stocked wood ('000tons) | C9: =([2]Sheet2!$I$5/1000)/30 -> 805.16807 | O9: =SUM(B9:N9) -> 805.16807
A10: THF Low stocked wood ('000tons) | C10: =([2]Sheet2!$J$5/1000)/30 -> 122.96073 | O10: =SUM(B10:N10) -> 122.96073
A11: Woodlands wood ('000tons) | C11: =([2]Sheet2!$K$5/1000)/30 -> 501.27357 | O11: =SUM(B11:N11) -> 501.27357
A12: Forest wood available for supply | C12: =C6 -> 1494.4512
A13: Wood from other land covers | C13: =[3]Sheet2!$P$15/1000 -> 41813.499
A14: Wood available as natural inputs | C14: =C13+C12 -> 43307.951
A15: Wood not available for supply sources | C15: =O27-C14 -> -15577.451
A16: NWFPs | O16: =SUM(B16:N16) -> 0
A17: Shea nut (pods) | O17: =SUM(B17:N17) -> 0
A18: Prunus Africana (trees>30 DBH) | O18: =SUM(B18:N18) -> 0
A19: Sandal wood | O19: =SUM(B19:N19) -> 0
A20: Wood Products ('000 tons)
A21: Sawn wood ('000 tons) | C21: 652 | N21: =0.05*SUM(B21:M21) -> 32.6 | O21: =SUM(B21:N21) -> 684.6 | Q21: =C21/$C$27 -> 0.024687618
A22: Poles ('000 tons) | C22: 659 | N22: =0.05*SUM(B22:M22) -> 32.95 | O22: =SUM(B22:N22) -> 691.95 | Q22: =C22/$C$27 -> 0.024952669
A23: Firewood Household ('000 tons) | C23: 16100 | N23: =0.05*SUM(B23:M23) -> 805 | O23: =SUM(B23:N23) -> 16905 | Q23: =C23/$C$27 -> 0.60961757
A24: Firewood Commecial ('000 tons) | C24: 2550 | N24: =0.05*SUM(B24:M24) -> 127.5 | O24: =SUM(B24:N24) -> 2677.5 | Q24: =C24/$C$27 -> 0.096554335
A25: Firewood Industrial ('000 tons) | C25: 1569 | N25: =0.05*SUM(B25:M25) -> 78.45 | O25: =SUM(B25:N25) -> 1647.45 | Q25: =C25/$C$27 -> 0.059409315
A26: Charcoal ('000 tons) | C26: =(4332+548) -> 4880 | N26: =0.05*SUM(B26:M26) -> 244 | O26: =SUM(B26:N26) -> 5124 | Q26: =C26/$C$27 -> 0.18477849
A27: Sub-total ('000 tons) | B27: =SUM(B21:B26) -> 0 | C27: =SUM(C21:C26) -> 26410 | D27: =SUM(D21:D26) -> 0 | E27: =SUM(E21:E26) -> 0 | F27: =SUM(F21:F26) -> 0 | G27: =SUM(G21:G26) -> 0 | H27: =SUM(H21:H26) -> 0 | I27: =SUM(I21:I26) -> 0 | ... O27: =SUM(O21:O26) -> 27730.5 | Q27: =C27/$C$27 -> 1
A28: Finished products | N28: =0.05*SUM(B28:M28) -> 0 | O28: =SUM(B28:N28) -> 0
A29: Wood & articles of wood; wood charcoal ('000 tons) | M29: =([4]Sheet1!$G$21)*7/1000000 -> 74158.641 | N29: =0.05*SUM(B29:M29) -> 3707.9321 | O29: =SUM(B29:N29) -> 77866.573 | Q29: =M29-M74 -> 25037.296
A30: Cork & cork articles ('000tons) | M30: =[4]Sheet2!$G$21/1000000 -> 9976.9283 | N30: =0.05*SUM(B30:M30) -> 498.84642 | O30: =SUM(B30:N30) -> 10475.775 | Q30: =M30-M75 -> 9976.9283
A31: Manufacture of straw, esparata or other plaiting materials, basket ware or wicker work ('000tons) | M31: =[4]Sheet3!$G$21/1000000 -> 6135.8527 | N31: =0.05*SUM(B31:M31) -> 306.79264 | O31: =SUM(B31:N31) -> 6442.6453 | Q31: =M31-M76 -> 6133.8527
A32: Pulp of wood or other fibrous cellulosic material, recovered (waste & scrap) paper or paperboard ('000tons) | M32: =[4]Sheet4!$G$21/1000000 -> 191.52192 | N32: =0.05*SUM(B32:M32) -> 9.5760961 | O32: =SUM(B32:N32) -> 201.09802 | Q32: =M32-M77 -> 191.52192
A33: Paper & paper board, article of paper or paper board (tons) | M33: =[4]Sheet5!$G$21/1000000 -> 34303.549 | N33: =0.05*SUM(B33:M33) -> 1715.1775 | O33: =SUM(B33:N33) -> 36018.727 | Q33: =M79-M33 -> 15613.76
A34: Sub-total ('000 tons) | B34: =SUM(B29:B33) -> 0 | C34: =SUM(C29:C33) -> 0 | D34: =SUM(D29:D33) -> 0 | E34: =SUM(E29:E33) -> 0 | F34: =SUM(F29:F33) -> 0 | G34: =SUM(G29:G33) -> 0 | H34: =SUM(H29:H33) -> 0 | I34: =SUM(I29:I33) -> 0 | ... K34: =SUM(K29:K33) -> 0 | M34: =SUM(M29:M33) -> 124766.49 | N34: =SUM(N29:N33) -> 6238.3247 | O34: =SUM(O29:O33) -> 131004.82
A35: Non-wood forest products | N35: =0.05*SUM(B35:M35) -> 0 | O35: =SUM(B35:N35) -> 0
A36: Shea butter oil (tons) | N36: =0.05*SUM(B36:M36) -> 0 | O36: =SUM(B36:N36) -> 0
A37: Prunus Africana (Kg) | N37: =0.05*SUM(B37:M37) -> 0 | O37: =SUM(B37:N37) -> 0
A38: Sandalwood | N38: =0.05*SUM(B38:M38) -> 0 | O38: =SUM(B38:N38) -> 0
A39: Residues | O39: =SUM(B39:N39) -> 0
A40: Wood residues | C40: =N20 -> 0 | D40: =O20 -> 0 | E40: =P20 -> 0 | F40: =Q20 -> 0 | G40: =R20 -> 0 | H40: =S20 -> 0 | I40: =T20 -> 0 | J40: =U20 -> 0 | ... M40: =X20 -> 0 | N40: =N34+N27 -> 7558.8247 | O40: =SUM(B40:N40) -> 7558.8247
A43: Use Table 2000, Uganda | B43: Agric. Production | C43: Forestry | D43: Fishings | E43: Mining & Quarrying | F43: H/hold | G43: Manufacturing | H43: Construction & Housing | I43: Wholesale & Retail trade | J43: Transport | K43: Utilities (electricity) | L43: Education, health & social work | M43: Exportations | N43: Flows to the Environment | O43: Overall total
A44: Description
A45: Natural inputs
A46: Forest soils/sand (ha)
A47: Seed
A48: Seedlings
A49: Wood biomass available for supply
A50: Hard wood plantation (m3)
A51: Soft wood plantation (m3)
A52: NWFPs
A53: Shea nut (tons)
A54: Prunus Africana (trees>30 DBH)
A55: Sandal wood
A56: Inputs
A57: Seeds (kg) | O57: =SUM(B57:N57) -> 0
A58: Seedlings (No.) | O58: =SUM(B58:N58) -> 0
A59: Wood biomass available for supply | O59: =SUM(B59:N59) -> 0
A60: Wood biomass available for supply | O60: =SUM(B60:N60) -> 0
A61: Broad leaved plantations wood (tons) | O61: =SUM(B61:N61) -> 0
A62: Coniferous plantations wood (tons | O62: =SUM(B62:N62) -> 0
A63: THF Well stocked wood (tons) | O63: =SUM(B63:N63) -> 0
A64: THF Low stocked wood (tons) | O64: =SUM(B64:N64) -> 0
A65: Woodlands wood (tons) | O65: =SUM(B65:N65) -> 0
A66: Sawn wood ('000 tons) | H66: 652 | O66: =SUM(B66:N66) -> 652
A67: Poles ('000 tons) | F67: 452 | H67: 207 | O67: =SUM(B67:N67) -> 659
A68: Firewood Household ('000 tons) | F68: 15422 | H68: 678 | O68: =SUM(B68:N68) -> 16100
A69: Firewood Commecial ('000 tons) | L69: =595+1955 -> 2550 | O69: =SUM(B69:N69) -> 2550
A70: Firewood Industrial ('000 tons) | G70: =1285+284 -> 1569 | O70: =SUM(B70:N70) -> 1569
A71: Charcoal ('000 tons) | I71: =C26 -> 4880 | O71: =SUM(B71:N71) -> 4880
A72: Total | B72: =SUM(B66:B71) -> 0 | C72: =SUM(C66:C71) -> 0 | D72: =SUM(D66:D71) -> 0 | E72: =SUM(E66:E71) -> 0 | F72: =SUM(F66:F71) -> 15874 | G72: =SUM(G66:G71) -> 1569 | H72: =SUM(H66:H71) -> 1537 | I72: =SUM(I66:I71) -> 4880 | ... O72: =SUM(O66:O71) -> 26410
A73: Finished products | O73: =SUM(B73:N73) -> 0
A74: Wood & articles of wood; wood charcoal ('000tons) | M74: =([5]Sheet2!$G$222)*0.7/1000 -> 49121.346 | N74: =SUM(B74:M74)*0.05 -> 2456.0673 | O74: =SUM(B74:N74) -> 51577.413
A75: Cork & cork articles('000tons) | N75: =SUM(B75:M75)*0.05 -> 0 | O75: =SUM(B75:N75) -> 0
A76: Manufacture of straw, esparata or other plaiting materials, basket ware or wicker work ('000tons) | M76: =[5]Sheet4!$G$149/1000000 -> 2.000015 | N76: =SUM(B76:M76)*0.05 -> 0.10000075 | O76: =SUM(B76:N76) -> 2.1000157
A77: Pulp of wood or other fibrous cellulosic material, recovered (waste & scrap) paper or paperboard ('000tons) | N77: =SUM(B77:M77)*0.05 -> 0 | O77: =SUM(B77:N77) -> 0
A78: Paper & paper board, article of paper or paper board ('000tons) | M78: =[5]Sheet6!$G$208/1000000 -> 793.96365 | N78: =SUM(B78:M78)*0.05 -> 39.698182 | O78: =SUM(B78:N78) -> 833.66183
A79: Sub-total ('000 tons) | B79: =SUM(B74:B78) -> 0 | C79: =SUM(C74:C78) -> 0 | D79: =SUM(D74:D78) -> 0 | E79: =SUM(E74:E78) -> 0 | F79: =SUM(F74:F78) -> 0 | G79: =SUM(G74:G78) -> 0 | H79: =SUM(H74:H78) -> 0 | I79: =SUM(I74:I78) -> 0 | ... K79: =SUM(K74:K78) -> 0 | M79: =SUM(M74:M78) -> 49917.309 | N79: =SUM(N74:N78) -> 2495.8655 | O79: =SUM(O74:O78) -> 52413.175
A80: Non-Wood Forest Products | O80: =SUM(B80:N80) -> 0
A81: Shea butter oil (kg) | O81: =SUM(B81:N81) -> 0
A82: Prunus Africana (kg) | O82: =SUM(B82:N82) -> 0
A83: Sandalwood | O83: =SUM(B83:N83) -> 0
A84: Residues | B84: =0.05*B72 -> 0 | C84: =0.05*C72 -> 0 | D84: =0.05*D72 -> 0 | E84: =0.05*E72 -> 0 | F84: =0.05*F72 -> 793.7 | G84: =0.05*G72 -> 78.45 | H84: =0.05*H72 -> 76.85 | I84: =0.05*I72 -> 244 | ... N84: =0.05*N72 -> 0 | O84: =SUM(B84:N84) -> 1320.5
O85: =SUM(B85:N85) -> 0
O86: =SUM(B86:N86) -> 0
O87: =SUM(B87:N87) -> 0
F88: =F72/$O$72 -> 0.6010602 | G88: =G72/$O$72 -> 0.059409315 | H88: =H72/$O$72 -> 0.058197652 | I88: =I72/$O$72 -> 0.18477849 | J88: =J72/$O$72 -> 0 | K88: =K72/$O$72 -> 0 | L88: =L72/$O$72 -> 0.096554335 | O88: =SUM(B88:N88) -> 1
O89: =SUM(B89:N89) -> 0

Sheet PSUT 2005
A1: Supply Table 2005, Uganda | N1: Flows to the Environment | O1: Overall total
A2: Description | B2: Agric. Production | C2: Forestry | D2: Fishings | E2: Mining & Quarrying | F2: H/hold | G2: Manufacturing | H2: Construction & Housing | I2: Wholesale & Retail trade | J2: Transport | K2: Utilities (electricity) | L2: Education, health & social work | M2: Importations | N2: Flows to the Environment | O2: Overall total
A3: Natural inputs
A4: Seed (kg) | O4: =SUM(B4:N4) -> 0
A5: Seedlings (No.) | O5: =SUM(B5:N5) -> 0
A6: Wood biomass available for supply | O6: =SUM(B6:N6) -> 0
A7: Broad leaved plantations wood ('000 tons) | C7: =([1]Sheet3!$F$17/1000)/15 -> 24.292533 | O7: =SUM(B7:N7) -> 24.292533
A8: Coniferous plantations wood ('000 tons) | C8: =([1]Sheet3!$G$17/1000)/15 -> 32.9068 | O8: =SUM(B8:N8) -> 32.9068
A9: THF Well stocked wood (('000 tons)tons) | C9: =([2]Sheet2!$I$17/1000)/30 -> 580.45623 | O9: =SUM(B9:N9) -> 580.45623
A10: THF Low stocked wood ('000 tons) | C10: =([2]Sheet2!$J$17/1000)/30 -> 68.7138 | O10: =SUM(B10:N10) -> 68.7138
A11: Woodlands wood ('000 tons) | C11: =([2]Sheet2!$K$17/1000)/30 -> 162.28957 | O11: =SUM(B11:N11) -> 162.28957
A12: Forest wood available for supply | C12: =SUM(C7:C11) -> 868.65893 | D12: =SUM(D7:D11) -> 0 | E12: =SUM(E7:E11) -> 0 | F12: =SUM(F7:F11) -> 0 | G12: =SUM(G7:G11) -> 0 | H12: =SUM(H7:H11) -> 0 | I12: =SUM(I7:I11) -> 0 | J12: =SUM(J7:J11) -> 0 | ... O12: =SUM(O7:O11) -> 868.65893 | P12: =O12/O27 -> 0.025709134
A13: Wood from other land covers | C13: =[3]Sheet2!$P$24/1000 -> 38895.619
A14: Wood available as natural inputs | C14: =C13+C12 -> 39764.278
A15: Wood not available for supply sources | C15: =O27-C14 -> -5976.3284
A16: NWFPs | O16: =SUM(B16:N16) -> 0
A17: Shea nut (pods) | O17: =SUM(B17:N17) -> 0
A18: Prunus Africana (trees>30 DBH) | O18: =SUM(B18:N18) -> 0
A19: Sandal wood | O19: =SUM(B19:N19) -> 0
A20: Wood Products ('000 tons) | C20: =SUM(C21:C26) -> 32179
A21: Sawn wood ('000 tons) | C21: 902 | N21: =0.05*SUM(B21:M21) -> 45.1 | O21: =SUM(B21:N21) -> 947.1 | Q21: =C21/$C$27 -> 0.028030703
A22: Poles ('000 tons) | C22: 808 | N22: =0.05*SUM(B22:M22) -> 40.4 | O22: =SUM(B22:N22) -> 848.4 | Q22: =C22/$C$27 -> 0.025109543
A23: Firewood Household ('000 tons) | C23: 19021 | N23: =0.05*SUM(B23:M23) -> 951.05 | O23: =SUM(B23:N23) -> 19972.05 | Q23: =C23/$C$27 -> 0.59109979
A24: Firewood Commecial ('000 tons) | C24: 2993 | N24: =0.05*SUM(B24:M24) -> 149.65 | O24: =SUM(B24:N24) -> 3142.65 | Q24: =C24/$C$27 -> 0.09301097
A25: Firewood Industrial ('000 tons) | C25: 1949 | N25: =0.05*SUM(B25:M25) -> 97.45 | O25: =SUM(B25:N25) -> 2046.45 | Q25: =C25/$C$27 -> 0.060567451
A26: Charcoal ('000 tons) | C26: =6506 -> 6506 | N26: =0.05*SUM(B26:M26) -> 325.3 | O26: =SUM(B26:N26) -> 6831.3 | Q26: =C26/$C$27 -> 0.20218155
A27: Sub-total ('000 tons) | C27: =SUM(C21:C26) -> 32179 | N27: =0.05*SUM(B27:M27) -> 1608.95 | O27: =SUM(B27:N27) -> 33787.95 | Q27: =C27/$C$27 -> 1
A28: Finished products | N28: =0.05*SUM(B28:M28) -> 0 | O28: =SUM(B28:N28) -> 0
A29: Wood & articles of wood; wood charcoal ('000tons) | M29: =[4]Sheet1!$I$16*0.7/1000 -> 1.2018655 | N29: =0.05*SUM(B29:M29) -> 0.060093274 | O29: =SUM(B29:N29) -> 1.2619588
A30: Cork & cork articles ('000tons) | M30: =[4]Sheet2!$I$16/1000 -> 0.049242251 | N30: =0.05*SUM(B30:M30) -> 0.0024621126 | O30: =SUM(B30:N30) -> 0.051704364
A31: Manufacture of straw, esparata or other plaiting materials, basket ware or wicker work ('000tons) | M31: =[4]Sheet3!$I$16/1000 -> 252.5912 | N31: =0.05*SUM(B31:M31) -> 12.62956 | O31: =SUM(B31:N31) -> 265.22076
A32: Pulp of wood or other fibrous cellulosic material, recovered (waste & scrap) paper or paperboard ('000tons) | M32: =[4]Sheet4!$I$16/1000 -> 0.33981352 | N32: =0.05*SUM(B32:M32) -> 0.016990676 | O32: =SUM(B32:N32) -> 0.3568042
A33: Paper & paper board, article of paper or paper board ('000tons) | M33: =[4]Sheet5!$I$16/1000 -> 18501.792 | N33: =0.05*SUM(B33:M33) -> 925.0896 | O33: =SUM(B33:N33) -> 19426.882
A34: Sub-total ('000 tons) | M34: =SUM(M29:M33) -> 18755.974 | N34: =0.05*SUM(B34:M34) -> 937.79871 | O34: =SUM(O29:O33) -> 19693.773
A35: Non-wood forest products | N35: =0.05*SUM(B35:M35) -> 0 | O35: =SUM(B35:N35) -> 0
A36: Shea butter oil (tons) | N36: =0.05*SUM(B36:M36) -> 0 | O36: =SUM(B36:N36) -> 0
A37: Prunus Africana (Kg) | N37: =0.05*SUM(B37:M37) -> 0 | O37: =SUM(B37:N37) -> 0
A38: Sandalwood | O38: =SUM(B38:N38) -> 0
A39: Residues | O39: =SUM(B39:N39) -> 0
A40: Wood residues | C40: =O20-C20 -> -32179 | O40: =SUM(B40:N40) -> -32179
A43: Use Table 2005, Uganda | B43: Agric. Production | C43: Forestry | D43: Fishings | E43: Mining & Quarrying | F43: H/hold | G43: Manufacturing | H43: Construction & Housing | I43: Wholesale & Retail trade | J43: Transport | K43: Utilities (electricity) | L43: Education, health & social work | M43: Exportations | N43: Flows to the Environment | O43: Overall total
A44: Description
A45: Natural inputs
A46: Forest soils/sand (ha)
A47: Seed
A48: Seedlings
A49: Wood biomass available for supply
A50: Hard wood plantation (m3)
A51: Soft wood plantation (m3)
A52: NWFPs
A53: Shea nut (tons)
A54: Prunus Africana (trees>30 DBH)
A55: Sandal wood
A56: Inputs | O56: =SUM(B56:N56) -> 0
A57: Seeds (kg) | O57: =SUM(B57:N57) -> 0
A58: Seedlings (No.) | O58: =SUM(B58:N58) -> 0
A59: Wood biomass available for supply | O59: =SUM(B59:N59) -> 0
A60: Broad leaved plantations wood (tons) | O60: =SUM(B60:N60) -> 0
A61: Coniferous plantations wood (tons | O61: =SUM(B61:N61) -> 0
A62: THF Well stocked wood (tons) | O62: =SUM(B62:N62) -> 0
A63: THF Low stocked wood (tons) | O63: =SUM(B63:N63) -> 0
A64: Woodlands wood (tons) | O64: =SUM(B64:N64) -> 0
A65: Wood products | O65: =SUM(B65:N65) -> 0
A66: Sawn wood ('000 tons) | H66: 902 | O66: =SUM(B66:N66) -> 902
A67: Poles ('000 tons) | F67: 555 | H67: 253 | O67: =SUM(B67:N67) -> 808
A68: Firewood Household ('000 tons) | F68: =802+18219 -> 19021 | O68: =SUM(B68:N68) -> 19021
A69: Firewood Commecial ('000 tons) | L69: =676+2219 -> 2895 | O69: =SUM(B69:N69) -> 2895
A70: Firewood Industrial ('000 tons) | G70: =346+1562 -> 1908 | O70: =SUM(B70:N70) -> 1908
A71: Charcoal ('000 tons) | I71: =6080 -> 6080 | O71: =SUM(B71:N71) -> 6080
A72: Sub-total ('000 tons) | B72: =SUM(B66:B71) -> 0 | C72: =SUM(C66:C71) -> 0 | D72: =SUM(D66:D71) -> 0 | E72: =SUM(E66:E71) -> 0 | F72: =SUM(F66:F71) -> 19576 | G72: =SUM(G66:G71) -> 1908 | H72: =SUM(H66:H71) -> 1155 | I72: =SUM(I66:I71) -> 6080 | ... O72: =SUM(O66:O71) -> 31614
A73: Finished products | O73: =SUM(B73:N73) -> 0
A74: Wood & articles of wood; wood charcoal (tons) | M74: =[5]Sheet2!$H$170*0.7/1000 -> 462.2212 | N74: =0.05*M74 -> 23.11106 | O74: =SUM(B74:N74) -> 485.33226 | Q74: =M74-M29 -> 461.01933
A75: Cork & cork articles (tons) | N75: =0.05*M75 -> 0 | O75: =SUM(B75:N75) -> 0 | Q75: =M75-M30 -> -0.049242251
A76: Manufacture of straw, esparata or other plaiting materials, basket ware or wicker work (tons) | M76: =[5]Sheet4!$H$119/1000 -> 7.499 | N76: =0.05*M76 -> 0.37495 | O76: =SUM(B76:N76) -> 7.87395 | Q76: =M76-M31 -> -245.0922
A77: Pulp of wood or other fibrous cellulosic material, recovered (waste & scrap) paper or paperboard (tons) | M77: =[5]Sheet5!$H$118/1000 -> 41.496 | N77: =0.05*M77 -> 2.0748 | O77: =SUM(B77:N77) -> 43.5708 | Q77: =M77-M32 -> 41.156186
A78: Paper & paper board, article of paper or paper board (tons) | M78: =[5]Sheet6!$H$148/1000 -> 3524.855 | N78: =0.05*M78 -> 176.24275 | O78: =SUM(B78:N78) -> 3701.0977 | Q78: =M78-M33 -> -14976.937
A79: Sub-total ('000 tons) | M79: =SUM(M74:M78) -> 4036.0712 | N79: =SUM(N74:N78) -> 201.80356 | O79: =SUM(O74:O78) -> 4237.8748
A80: Non-Wood Forest Products | O80: =SUM(B80:N80) -> 0
A81: Shea butter oil (kg) | O81: =SUM(B81:N81) -> 0
A82: Prunus Africana (kg) | O82: =SUM(B82:N82) -> 0
A83: Sandalwood | O83: =SUM(B83:N83) -> 0
A84: Residues | B84: =0.05*B72 -> 0 | C84: =0.05*C72 -> 0 | D84: =0.05*D72 -> 0 | E84: =0.05*E72 -> 0 | F84: =0.05*F72 -> 978.8 | G84: =0.05*G72 -> 95.4 | H84: =0.05*H72 -> 57.75 | I84: =0.05*I72 -> 304 | ... N84: =0.05*N72 -> 0 | O84: =SUM(B84:N84) -> 1580.7
O85: =SUM(B85:N85) -> 0
O86: =SUM(B86:N86) -> 0
F87: =F72/$O$72 -> 0.61921933 | G87: =G72/$O$72 -> 0.060353008 | H87: =H72/$O$72 -> 0.036534447 | I87: =I72/$O$72 -> 0.19231986 | J87: =J72/$O$72 -> 0 | K87: =K72/$O$72 -> 0 | L87: =L72/$O$72 -> 0.091573354 | O87: =SUM(B87:N87) -> 1

Sheet PSUT 2010
A1: Supply Table 2010, Uganda | O1: Flows to the Environment | P1: Overall total
A2: Description | B2: Agric. Production | C2: Forestry | D2: Fishings | E2: Mining & Quarrying | F2: Manufacturing | G2: Utilities (electricity) | H2: Construction & Housing | I2: Wholesale & Retail trade | J2: Transport | K2: Education, health & social work | M2: H/hold | N2: Importations
A3: Natural inputs
A4: Seed (kg) | C4: =Sheet3!C5/0.7 -> 792.85714 | P4: =SUM(B4:O4) -> 792.85714
A5: Seedlings (No.) | C5: =Sheet3!C6*1000000/500 -> 2144000 | P5: =SUM(B5:O5) -> 2144000
A6: Wood biomass available for supply | P6: =SUM(B6:O6) -> 0
A7: Broad leaved plantations wood ('000 tons) | C7: =[2]Sheet2!$F$23/100015 -> 11.306934 | P7: =SUM(B7:O7) -> 11.306934
A8: Coniferous plantations wood ('000 tons) | C8: =[2]Sheet2!$G$23/1000/15 -> 174.301 | P8: =SUM(B8:O8) -> 174.301
A9: THF Well stocked wood ('000 tons) | C9: =([2]Sheet2!$I$23/1000)/30 -> 578.90283 | P9: =SUM(B9:O9) -> 578.90283
A10: THF Low stocked wood ('000 tons) | C10: =[2]Sheet2!$J$23/1000/30 -> 37.245133 | P10: =SUM(B10:O10) -> 37.245133
A11: Woodlands wood ('000 tons) | C11: =[2]Sheet2!$K$23/1000/30 -> 140.9923 | P11: =SUM(B11:O11) -> 140.9923
A12: Forest wood available for supply | C12: =SUM(C7:C11) -> 942.7482 | D12: =SUM(D7:D11) -> 0 | E12: =SUM(E7:E11) -> 0 | F12: =SUM(F7:F11) -> 0 | G12: =SUM(G7:G11) -> 0 | H12: =SUM(H7:H11) -> 0 | I12: =SUM(I7:I11) -> 0 | J12: =SUM(J7:J11) -> 0 | ... P12: =SUM(P7:P11) -> 942.7482 | R12: =C12/P28 -> 0.02274837
A13: Wood from other land covers | C13: =([3]Sheet2!$P$35)/1000 -> 45539.639
A14: Wood available as natural inputs | C14: =C13+C12 -> 46482.387
A15: Wood not available for supply sources | C15: =P28-C14 -> -5039.9374 | R15: =C15/P28 -> -0.12161292
A16: NWFPs | P16: =SUM(B16:O16) -> 0
A17: Shea nut (pods) | B17: 753518 | O17: =0.05*SUM(B17:N17) -> 37675.9 | P17: =SUM(B17:O17) -> 791193.9
A18: Prunus Africana (trees>30 DBH) | C18: =Sheet1!B29 -> 22768 | O18: =0.05*SUM(B18:N18) -> 1138.4 | P18: =SUM(B18:O18) -> 23906.4
A19: Sandal wood | O19: =0.05*SUM(B19:N19) -> 0 | P19: =SUM(B19:O19) -> 0
P20: =SUM(B20:O20) -> 0
A21: Wood Products ('000 tons) | C21: =SUM(C22:C27) -> 39469
A22: Sawn wood ('000 tons) | C22: 1847 | O22: =0.05*SUM(B22:N22) -> 92.35 | P22: =SUM(B22:O22) -> 1939.35 | R22: =C22/$C$21 -> 0.04679622 | S22: 132677 | T22: =S22*1000000/(C22*1000) -> 71833.785
A23: Poles ('000 tons) | C23: 1013 | O23: =0.05*SUM(B23:N23) -> 50.65 | P23: =SUM(B23:O23) -> 1063.65 | R23: =C23/$C$21 -> 0.025665712 | S23: 41438 | T23: =S23*1000000/(C23*1000) -> 40906.219
A24: Firewood Household ('000 tons) | C24: 22692 | O24: =0.05*SUM(B24:N24) -> 1134.6 | P24: =SUM(B24:O24) -> 23826.6 | R24: =C24/$C$21 -> 0.57493223 | S24: 128916 | T24: =S24*1000000/(C24*1000) -> 5681.1211
A25: Firewood Commecial ('000 tons) | C25: 3256 | O25: =0.05*SUM(B25:N25) -> 162.8 | P25: =SUM(B25:O25) -> 3418.8 | R25: =C25/$C$21 -> 0.082495123 | S25: 25225 | T25: =S25*1000000/(C25*1000) -> 7747.2359
A26: Firewood Industrial ('000 tons) | C26: 2126 | O26: =0.05*SUM(B26:N26) -> 106.3 | P26: =SUM(B26:O26) -> 2232.3 | R26: =C26/$C$21 -> 0.053865059 | S26: 20130 | T26: =S26*1000000/(C26*1000) -> 9468.4854
A27: Charcoal ('000 tons) | C27: =8535 -> 8535 | O27: =0.05*SUM(B27:N27) -> 426.75 | P27: =SUM(B27:O27) -> 8961.75 | R27: =C27/$C$21 -> 0.21624566 | S27: 51210 | T27: =S27*1000000/(C27*1000) -> 6000
A28: Sub-total ('000 tons) | B28: =SUM(B22:B27) -> 0 | C28: =SUM(C22:C27) -> 39469 | D28: =SUM(D22:D27) -> 0 | E28: =SUM(E22:E27) -> 0 | F28: =SUM(F22:F27) -> 0 | G28: =SUM(G22:G27) -> 0 | H28: =SUM(H22:H27) -> 0 | I28: =SUM(I22:I27) -> 0 | ... P28: =SUM(P22:P27) -> 41442.45 | R28: =C28/$C$21 -> 1 | S28: 399599 | T28: =S28*1000000/(C28*1000) -> 10124.376
A29: Finished products | B29: =SUM(B22:B28) -> 0 | O29: =0.05*SUM(B29:N29) -> 0 | P29: =SUM(B29:O29) -> 0
A30: Wood & articles of wood; wood charcoal ('000tons) | N30: =3341716*0.7/1000 -> 2339.2012 | O30: =0.05*SUM(B30:N30) -> 116.96006 | P30: =SUM(B30:O30) -> 2456.1613
A31: Cork & cork articles ('000tons) | N31: =2081/1000000 -> 0.002081 | O31: =0.05*SUM(B31:N31) -> 0.00010405 | P31: =SUM(B31:O31) -> 0.00218505
A32: Manufacture of straw, esparata or other plaiting materials, basket ware or wicker work ('000tons) | N32: =345524/1000000 -> 0.345524 | O32: =0.05*SUM(B32:N32) -> 0.0172762 | P32: =SUM(B32:O32) -> 0.3628002
A33: Pulp of wood or other fibrous cellulosic material, recovered (waste & scrap) paper or paperboard ('000tons) | N33: =911851/1000000 -> 0.911851 | O33: =0.05*SUM(B33:N33) -> 0.04559255 | P33: =SUM(B33:O33) -> 0.95744355
A34: Paper & paper board, article of paper or paper board ('000tons) | N34: =95852047/1000000 -> 95.852047 | O34: =0.05*SUM(B34:N34) -> 4.7926024 | P34: =SUM(B34:O34) -> 100.64465
A35: Sub-total ('000 tons) | N35: =SUM(N30:N34) -> 2436.3127 | O35: =SUM(O30:O34) -> 121.81564 | P35: =SUM(P30:P34) -> 2558.1283
A36: Non-wood forest products | O36: =0.05*SUM(B36:N36) -> 0 | P36: =SUM(B36:O36) -> 0
A37: Shea butter oil (tons) | F37: =[6]Sheet1!$Y$12/1000 -> 1507.035 | O37: =0.05*SUM(B37:N37) -> 75.35175 | P37: =SUM(C37:O37) -> 1582.3868
A38: Prunus Africana (Kg) | P38: =SUM(C38:O38) -> 0
A39: Sandalwood | O39: =0.05*SUM(B39:N39) -> 0 | P39: =SUM(B39:O39) -> 0
A40: Residues | O40: =0.05*SUM(B40:N40) -> 0 | P40: =SUM(B40:O40) -> 0
A41: Wood residues | O41: =SUM(O22:O40) -> 4265.883 | P41: =SUM(B41:O41) -> 4265.883
P43: =SUM(B43:O43) -> 0
P44: =SUM(B44:O44) -> 0
A45: Use Table 2009/10, Uganda | C45: - | D45: - | E45: - | G45: - | K45: - | P45: =SUM(B45:O45) -> 0
A46: Description | B46: Crop Growing | C46: Forests | D46: Fisheries | E46: Mining & Quarrying | F46: Manufacturing | G46: Utilities (electricity) | H46: Construction & Housing | I46: Wholesale & Retail trade | J46: Transport | K46: Education, health & social work | L46: Other Services | M46: Household | N46: Exportations | O46: Flows to the Environment | P46: Overall total
A47: Natural inputs | P47: =SUM(B47:O47) -> 0
A48: Seed | P48: =SUM(B48:O48) -> 0
A49: Seedlings | P49: =SUM(B49:O49) -> 0
A50: Wood biomass available for supply | P50: =SUM(B50:O50) -> 0
A51: Broad leaved plantations wood ('000 tons) | P51: =SUM(B51:O51) -> 0
A52: Coniferous plantations wood ('000 tons) | P52: =SUM(B52:O52) -> 0
A53: THF Well stocked wood ('000 tons)
A54: THF Low stocked wood ('000 tons)
A55: Woodlands wood ('000 tons)
A56: NWFPs | P56: =SUM(B56:O56) -> 0
A57: Shea nut (tons) | P57: =SUM(B57:O57) -> 0
A58: Prunus Africana (trees>30 DBH) | P58: =SUM(B58:O58) -> 0
A59: Sandal wood | P59: =SUM(B59:O59) -> 0
A60: Forest products | P60: =SUM(B60:O60) -> 0
A61: Seeds (kg) | B61: 26460 | O61: =SUM(B61:N61)*0.05 -> 1323 | P61: =SUM(B61:O61) -> 27783
A62: Seedlings (No.) | B62: =C7*0.75 -> 8.4802005 | C62: =C7-B62 -> 2.8267335 | O62: =SUM(B62:N62)*0.05 -> 0.5653467 | P62: =SUM(B62:O62) -> 11.872281
A63: Sawn wood ('000 tons) | H63: 1847 | O63: =SUM(B63:N63)*0.05 -> 92.35
A64: Poles ('000 tons) | G64: 21 | H64: 317 | M64: 675 | O64: =SUM(B64:N64)*0.05 -> 50.65 | P64: =SUM(B64:O64) -> 1063.65
A65: Firewood Household ('000 tons) | M65: =948+21743 -> 22691 | O65: =SUM(B65:N65)*0.05 -> 1134.55 | P65: =SUM(B65:O65) -> 23825.55
A66: Firewood Commecial ('000 tons) | K66: =760+2496 -> 3256 | O66: =SUM(B66:N66)*0.05 -> 162.8 | P66: =SUM(B66:O66) -> 3418.8
A67: Firewood Industrial ('000 tons) | F67: =1740+385 -> 2125 | O67: =SUM(B67:N67)*0.05 -> 106.25 | P67: =SUM(B67:O67) -> 2231.25
A68: Charcoal ('000 tons) | I68: =8535 -> 8535 | O68: =SUM(B68:N68)*0.05 -> 426.75 | P68: =SUM(B68:O68) -> 8961.75
A69: Sub-total ('000 tons) | B69: =SUM(B63:B68) -> 0 | C69: =SUM(C63:C68) -> 0 | D69: =SUM(D63:D68) -> 0 | E69: =SUM(E63:E68) -> 0 | F69: =SUM(F63:F68) -> 2125 | G69: =SUM(G63:G68) -> 21 | H69: =SUM(H63:H68) -> 2164 | I69: =SUM(I63:I68) -> 8535 | ... N69: =SUM(N63:N68) -> 0 | O69: =SUM(B69:N69)*0.05 -> 1973.35 | P69: =SUM(P63:P68) -> 39501
A70: Wood & articles of wood; wood charcoal ('000tons) | N70: =3786521*0.7/1000 -> 2650.5647 | O70: =0.05*N70 -> 132.52823 | P70: =SUM(B70:O70) -> 2783.0929 | R70: =N70-N30 -> 311.3635
A71: Cork & cork articles ('000 tons) | N71: =104063/1000000 -> 0.104063 | O71: =0.05*N71 -> 0.00520315 | P71: =SUM(B71:O71) -> 0.10926615 | R71: =N71-N31 -> 0.101982
A72: Manufacture of straw, esparata or other plaiting materials, basket ware or wicker work ('000 tons) | N72: =692/1000000 -> 0.000692 | O72: =0.05*N72 -> 3.46e-05 | P72: =SUM(B72:O72) -> 0.0007266 | R72: =N72-N32 -> -0.344832
A73: Pulp of wood or other fibrous cellulosic material, recovered (waste & scrap) paper or paperboard ('000 tons) | N73: =1205401/1000000 -> 1.205401 | O73: =0.05*N73 -> 0.06027005 | P73: =SUM(B73:O73) -> 1.265671 | R73: =N73-N33 -> 0.29355
A74: Paper & paper board, article of paper or paper board ('000 tons) | N74: =8028727/1000000 -> 8.028727 | O74: =0.05*N74 -> 0.40143635 | P74: =SUM(B74:O74) -> 8.4301634 | R74: =N74-N34 -> -87.82332
A75: Sub-total ('000 tons) | N75: =SUM(N70:N74) -> 2659.9036 | O75: =SUM(O70:O74) -> 132.99518 | P75: =SUM(B75:O75) -> 2792.8988
A76: Non-Wood Forest Products | P76: =SUM(B76:O76) -> 0
A77: Shea butter oil (kg) | F77: =0.2*F37 -> 301.407 | M77: =0.8*F37 -> 1205.628 | P77: =SUM(B77:O77) -> 1507.035
A78: Prunus Africana (kg) | N78: =Sheet1!M65 -> 22768 | P78: =SUM(B78:O78) -> 22768
A79: Sandalwood | P79: =SUM(B79:O79) -> 0
A80: Residues | B80: =SUM(B69:B79)*0.05 -> 0 | C80: =SUM(C69:C79)*0.05 -> 0 | D80: =SUM(D69:D79)*0.05 -> 0 | E80: =SUM(E69:E79)*0.05 -> 0 | F80: =SUM(F69:F79)*0.05 -> 121.32035 | G80: =SUM(G69:G79)*0.05 -> 1.05 | H80: =SUM(H69:H79)*0.05 -> 108.2 | I80: =SUM(I69:I79)*0.05 -> 426.75 | ... O80: =SUM(O69:O79)*0.05 -> 111.96702 | P80: =SUM(B80:O80) -> 3565.0591
P81: =SUM(B81:O81) -> 0
F82: =F69/$P$69 -> 0.053796106 | G82: =G69/$P$69 -> 0.00053163211 | H82: =H69/$P$69 -> 0.054783423 | I82: =I69/$P$69 -> 0.21607048 | J82: =J69/$P$69 -> 0 | K82: =K69/$P$69 -> 0.082428293 | L82: =L69/$P$69 -> 0 | M82: =M69/$P$69 -> 0.59152933 | ... O82: =O69/$P$69 -> 0.049956963 | P82: =SUM(B82:O82) -> 1.0490962

Sheet PSUT 2015
A1: Supply Table 2015 Uganda | N1: Flows to the Environment | O1: Overall total
A2: Description | B2: Agric. Production | C2: Forestry | D2: Fishings | E2: Mining & Quarrying | F2: H/hold | G2: Manufacturing | H2: Construction & Housing | I2: Wholesale & Retail trade | J2: Transport | K2: Utilities (electricity) | L2: Education, health & social work | M2: Importations | N2: Flows to the Environment | O2: Overall total
A3: Natural inputs | O3: =SUM(B3:N3) -> 0
A4: Seed (kg) | O4: =SUM(B4:N4) -> 0
A5: Seedlings (No.) | O5: =SUM(B5:N5) -> 0
A6: Wood biomass available for supply | O6: =SUM(B6:N6) -> 0 | P6: =O6/O28 -> 0
A7: Broad leaved plantations wood ('000 tons) | C7: =[2]Sheet2!$F$28/1000/15 -> 97.679733 | O7: =SUM(B7:N7) -> 97.679733
A8: Coniferous plantations wood ('000 tons) | C8: =[2]Sheet2!$G$28/1000/15 -> 99.424067 | O8: =SUM(B8:N8) -> 99.424067
A9: THF Well stocked wood ('000 tons) | C9: =[2]Sheet2!$I$28/1000/30 -> 525.22857 | O9: =SUM(B9:N9) -> 525.22857
A10: THF Low stocked wood ('000 tons) | C10: =[2]Sheet2!$J$28/1000/30 -> 71.2422 | O10: =SUM(B10:N10) -> 71.2422
A11: Woodlands wood ('000 tons) | C11: =[2]Sheet2!$K$28/1000/30 -> 154.44267 | O11: =SUM(B11:N11) -> 154.44267
A12: Forest wood available for supply | C12: =SUM(C7:C11) -> 948.01723
A13: Wood from other land covers | C13: =[3]Sheet2!$P$42/1000 -> 45805.061
A14: Wood available as natural inputs | C14: =C13+C12 -> 46753.078
A15: Wood not available for supply sources | C15: =O28-C14 -> 4388.2216 | P15: =C15/O28 -> 0.085805829
A16: NWFPs | O16: =SUM(B16:N16) -> 0
A17: Shea nut (pods) | O17: =SUM(B17:N17) -> 0
A18: Prunus Africana (trees>30 DBH) | O18: =SUM(B18:N18) -> 0
A19: Sandal wood | O19: =SUM(B19:N19) -> 0
O20: =SUM(B20:N20) -> 0
A21: Wood Products ('000 tons) | C21: =SUM(C22:C27) -> 48706 | O21: =SUM(O22:O27) -> 51141.3
A22: Sawn wood ('000 tons) | C22: 2453 | N22: =0.05*SUM(B22:M22) -> 122.65 | O22: =SUM(B22:N22) -> 2575.65 | R22: 361976 | S22: =R22*1000000/(C22*1000) -> 147564.61
A23: Poles ('000 tons) | C23: 1247 | N23: =0.05*SUM(B23:M23) -> 62.35 | O23: =SUM(B23:N23) -> 1309.35 | Q23: =C22/$C$28 -> 0.050363405 | R23: 251793 | S23: =R23*1000000/(C23*1000) -> 201919.01
A24: Firewood Household ('000 tons) | C24: 27024 | N24: =0.05*SUM(B24:M24) -> 1351.2 | O24: =SUM(B24:N24) -> 28375.2 | Q24: =C23/$C$28 -> 0.025602595 | R24: 146752 | S24: =R24*1000000/(C24*1000) -> 5430.4322
A25: Firewood Commecial ('000 tons) | C25: 3656 | N25: =0.05*SUM(B25:M25) -> 182.8 | O25: =SUM(B25:N25) -> 3838.8 | Q25: =C24/$C$28 -> 0.55483924 | R25: 27523 | S25: =R25*1000000/(C25*1000) -> 7528.1729
A26: Firewood Industrial ('000 tons) | C26: 2364 | N26: =0.05*SUM(B26:M26) -> 118.2 | O26: =SUM(B26:N26) -> 2482.2 | Q26: =C25/$C$28 -> 0.075062621 | R26: 21867 | S26: =R26*1000000/(C26*1000) -> 9250
A27: Charcoal ('000 tons) | C27: =11962 -> 11962 | N27: =0.05*SUM(B27:M27) -> 598.1 | O27: =SUM(B27:N27) -> 12560.1 | Q27: =C26/$C$28 -> 0.048536115 | R27: 66894 | S27: =R27*1000000/(C27*1000) -> 5592.2087
A28: Sub-total ('000 tons) | B28: =SUM(B22:B27) -> 0 | C28: =SUM(C22:C27) -> 48706 | D28: =SUM(D22:D27) -> 0 | E28: =SUM(E22:E27) -> 0 | F28: =SUM(F22:F27) -> 0 | G28: =SUM(G22:G27) -> 0 | H28: =SUM(H22:H27) -> 0 | I28: =SUM(I22:I27) -> 0 | ... O28: =SUM(O22:O27) -> 51141.3 | Q28: =C27/$C$28 -> 0.24559603 | R28: 876805
A29: Finished products | N29: =0.05*SUM(B29:M29) -> 0 | O29: =SUM(B29:N29) -> 0 | Q29: =C28/$C$28 -> 1
A30: Wood & articles of wood; wood charcoal ('000tons) | M30: =[4]Sheet1!$I$6*0.7 -> 136.5 | N30: =0.05*SUM(B30:M30) -> 6.825 | O30: =SUM(B30:N30) -> 143.325
A31: Cork & cork articles ('000tons) | M31: =[4]Sheet2!$I$6/1000 -> 0.337 | N31: =0.05*SUM(B31:M31) -> 0.01685 | O31: =SUM(B31:N31) -> 0.35385
A32: Manufacture of straw, esparata or other plaiting materials, basket ware or wicker work (tons) | M32: =[4]Sheet3!$I$6/1000000 -> 0.083032 | N32: =0.05*SUM(B32:M32) -> 0.0041516 | O32: =SUM(B32:N32) -> 0.0871836
A33: Pulp of wood or other fibrous cellulosic material, recovered (waste & scrap) paper or paperboard (tons) | M33: =[4]Sheet4!$I$6/1000000 -> 1.266913 | N33: =0.05*SUM(B33:M33) -> 0.06334565 | O33: =SUM(B33:N33) -> 1.3302586
A34: Paper & paper board, article of paper or paper board (tons) | M34: =[4]Sheet5!$I$6/1000000 -> 34.487876 | N34: =0.05*SUM(B34:M34) -> 1.7243938 | O34: =SUM(B34:N34) -> 36.21227
A35: Sub-total ('000 tons) | B35: =SUM(B30:B34) -> 0 | C35: =SUM(C30:C34) -> 0 | D35: =SUM(D30:D34) -> 0 | E35: =SUM(E30:E34) -> 0 | F35: =SUM(F30:F34) -> 0 | G35: =SUM(G30:G34) -> 0 | H35: =SUM(H30:H34) -> 0 | I35: =SUM(I30:I34) -> 0 | ... O35: =SUM(O30:O34) -> 181.30856
A36: Non-wood forest products | N36: =0.05*SUM(B36:M36) -> 0 | O36: =SUM(B36:N36) -> 0
A37: Shea butter oil (tons) | N37: =0.05*SUM(B37:M37) -> 0 | O37: =SUM(B37:N37) -> 0
A38: Prunus Africana (Kg) | N38: =0.05*SUM(B38:M38) -> 0 | O38: =SUM(B38:N38) -> 0
A39: Sandalwood | N39: =0.05*SUM(B39:M39) -> 0 | O39: =SUM(B39:N39) -> 0
A40: Residues | N40: =0.05*SUM(B40:M40) -> 0 | O40: =SUM(B40:N40) -> 0
A41: Wood residues | N41: =SUM(N20:N40) -> 4887.8675 | O41: =SUM(B41:N41) -> 4887.8675
A44: Use Table 2015, Uganda | B44: Agric. Production | C44: Forestry | D44: Fishings | E44: Mining & Quarrying | F44: H/hold | G44: Manufacturing | H44: Construction & Housing | I44: Wholesale & Retail trade | J44: Transport | K44: other Services | L44: Education, health & social work | M44: Exportations | N44: Flows to the Environment | O44: Overall total
A45: Description | O45: =SUM(B45:N45) -> 0
A46: Natural inputs | O46: =SUM(B46:N46) -> 0
A47: Forest soils/sand (ha) | O47: =SUM(B47:N47) -> 0
A48: Seed | O48: =SUM(B48:N48) -> 0
A49: Seedlings | O49: =SUM(B49:N49) -> 0
A50: Wood biomass available for supply | O50: =SUM(B50:N50) -> 0
A51: Hard wood plantation (m3) | O51: =SUM(B51:N51) -> 0
A52: Soft wood plantation (m3) | O52: =SUM(B52:N52) -> 0
A53: NWFPs | O53: =SUM(B53:N53) -> 0
A54: Shea nut (tons) | O54: =SUM(B54:N54) -> 0
A55: Prunus Africana (trees>30 DBH) | O55: =SUM(B55:N55) -> 0
A56: Sandal wood | O56: =SUM(B56:N56) -> 0
... A66: Wood poductssProducts | O66: =SUM(B66:N66) -> 0
A67: Sawn wood ('000 tons) | H67: 2453 | N67: =SUM(B67:M67)*0.05 -> 122.65 | O67: =SUM(B67:N67) -> 2575.65
A68: Poles ('000 tons) | F68: 820 | H68: 383 | N68: =SUM(B68:M68)*0.05 -> 60.15 | O68: =SUM(B68:N68) -> 1263.15
A69: Firewood Household ('000 tons) | F69: =1119+25905 -> 27024 | N69: =SUM(B69:M69)*0.05 -> 1351.2 | O69: =SUM(B69:N69) -> 28375.2
A70: Firewood Commecial ('000 tons) | L70: =854+2802 -> 3656 | N70: =SUM(B70:M70)*0.05 -> 182.8 | O70: =SUM(B70:N70) -> 3838.8
A71: Firewood Industrial ('000 tons) | G71: =1936+428 -> 2364 | N71: =SUM(B71:M71)*0.05 -> 118.2 | O71: =SUM(B71:N71) -> 2482.2
A72: Charcoal ('000 tons) | I72: =11962 -> 11962 | N72: =SUM(B72:M72)*0.05 -> 598.1 | O72: =SUM(B72:N72) -> 12560.1
A73: Sub-total | B73: =SUM(B67:B72) -> 0 | C73: =SUM(C67:C72) -> 0 | D73: =SUM(D67:D72) -> 0 | E73: =SUM(E67:E72) -> 0 | F73: =SUM(F67:F72) -> 27844 | G73: =SUM(G67:G72) -> 2364 | H73: =SUM(H67:H72) -> 2836 | I73: =SUM(I67:I72) -> 11962 | ... N73: =SUM(N67:N72) -> 2433.1 | O73: =SUM(B73:N73) -> 51095.1
A74: Finished products | O74: =SUM(B74:N74) -> 0
A75: Wood & articles of wood; wood charcoal (tons) | M75: =[5]Sheet2!$H$50*0.7/1000 -> 15008.307 | N75: =0.05*SUM(B75:M75) -> 750.41533 | O75: =SUM(B75:N75) -> 15758.722 | Q75: =M75-M30 -> 14871.807
A76: Cork & cork articles (tons) | M76: =[5]Sheet3!$H$14/1000000 -> 0.00857 | N76: =0.05*SUM(B76:M76) -> 0.0004285 | O76: =SUM(B76:N76) -> 0.0089985 | Q76: =M76-M31 -> -0.32843
A77: Manufacture of straw, esparata or other plaiting materials, basket ware or wicker work (tons) | M77: =[5]Sheet4!$H$44/1000000 -> 0.247134 | N77: =0.05*SUM(B77:M77) -> 0.0123567 | O77: =SUM(B77:N77) -> 0.2594907 | Q77: =M77-M32 -> 0.164102
A78: Pulp of wood or other fibrous cellulosic material, recovered (waste & scrap) paper or paperboard (tons) | M78: =[5]Sheet5!$H$31/1000000 -> 0.041803 | N78: =0.05*SUM(B78:M78) -> 0.00209015 | O78: =SUM(B78:N78) -> 0.04389315 | Q78: =M78-M33 -> -1.22511
A79: Paper & paper board, article of paper or paper board (tons) | M79: =[5]Sheet6!$H$28/1000000 -> 19.774417 | N79: =0.05*SUM(B79:M79) -> 0.98872086 | O79: =SUM(B79:N79) -> 20.763138 | Q79: =M79-M34 -> -14.713459
A80: Sub-total | B80: =SUM(B75:B79) -> 0 | C80: =SUM(C75:C79) -> 0 | D80: =SUM(D75:D79) -> 0 | E80: =SUM(E75:E79) -> 0 | F80: =SUM(F75:F79) -> 0 | G80: =SUM(G75:G79) -> 0 | H80: =SUM(H75:H79) -> 0 | I80: =SUM(I75:I79) -> 0 | ... O80: =SUM(O75:O79) -> 15779.797
A81: Non-wood forest products | O81: =SUM(B81:N81) -> 0
A82: Shea butter oil (tons) | F82: 420.8 | M82: 105.2 | O82: =SUM(B82:N82) -> 526
A83: Prunus Africana (kg) | M83: 88089 | O83: =SUM(B83:N83) -> 88089
A84: Sandalwood oil (tons) | M84: 6400 | O84: =SUM(B84:N84) -> 6400
A85: Residuals | O85: =SUM(B85:N85) -> 0
A86: Wood residues (tons) | B86: =SUM(B73:B85)*0.05 -> 0 | C86: =SUM(C73:C85)*0.05 -> 0 | D86: =SUM(D73:D85)*0.05 -> 0 | E86: =SUM(E73:E85)*0.05 -> 0 | F86: =SUM(F73:F85)*0.05 -> 1413.24 | G86: =SUM(G73:G85)*0.05 -> 118.2 | H86: =SUM(H73:H85)*0.05 -> 141.8 | I86: =SUM(I73:I85)*0.05 -> 598.1 | ... N86: =SUM(N73:N85)*0.05 -> 196.79689 | O86: =SUM(B86:N86) -> 8883.4847
F87: =F73/$O$73 -> 0.54494462 | G87: =G73/$O$73 -> 0.046266667 | H87: =H73/$O$73 -> 0.055504344 | I87: =I73/$O$73 -> 0.23411247 | J87: =J73/$O$73 -> 0 | K87: =K73/$O$73 -> 0 | L87: =L73/$O$73 -> 0.071552849 | M87: =M73/$O$73 -> 0 | ... O87: =O73/$O$73 -> 1

Sheet MSUT 1990
A1: Supply Table 1990, Uganda
A2: Description | B2: Agric. Production | C2: Forestry | D2: Fisheries | E2: Mining & Quarrying | F2: House-hold | G2: Manufacturing | H2: Construction & Housing | I2: Wholesale & Retail trade | J2: Transport | K2: Education, health & social work | L2: Utilities (electricity) | M2: Accumulations | N2: Import-ations | O2: Flows to environ-ment | P2: Overall total
A3: Natural inputs | P3: =SUM(B3:O3) -> 0
A4: Forest sand (UGX mill) | P4: =SUM(B4:O4) -> 0
A5: Seed (UGX mill) | P5: =SUM(B5:O5) -> 0
A6: Seedlings (UGX mill) | P6: =SUM(B6:O6) -> 0
A7: Wood biomass available for supply | P7: =SUM(B7:O7) -> 0
A8: Broad leaved plantations wood (UGX mill) | C8: =[2]Sheet2!$U$5 -> 7063.0582 | P8: =SUM(B8:O8) -> 7063.0582
A9: Coniferous plantations wood (UGX mill) | C9: =[2]Sheet2!$V$5 -> 13539.188 | P9: =SUM(B9:O9) -> 13539.188
A10: THF Well stocked wood (UGX mill) | C10: =[2]Sheet2!$X$5 -> 295944.79 | P10: =SUM(B10:O10) -> 295944.79
A11: THF Low stocked wood (UGX mill) | C11: =[2]Sheet2!$Y$5 -> 45195.022 | P11: =SUM(B11:O11) -> 45195.022
A12: Woodlands wood (UGX mill) | C12: =[2]Sheet2!$Z$5 -> 563406.75 | P12: =SUM(B12:O12) -> 563406.75
A13: Sub-total (UGX mill) | B13: =SUM(B8:B12) -> 0 | C13: =SUM(C8:C12) -> 925148.82 | D13: =SUM(D8:D12) -> 0 | E13: =SUM(E8:E12) -> 0 | F13: =SUM(F8:F12) -> 0 | G13: =SUM(G8:G12) -> 0 | H13: =SUM(H8:H12) -> 0 | I13: =SUM(I8:I12) -> 0 | ... P13: =SUM(P8:P12) -> 925148.82
A14: NWFPs
A15: Shea Pods (number) | P15: =SUM(B15:O15) -> 0
A16: Prunus Africana (trees>30 DBH) | P16: =SUM(B16:O16) -> 0
A17: Sandal wood | P17: =SUM(B17:O17) -> 0
A18: Bamboo | P18: =SUM(B18:O18) -> 0
P19: =SUM(B19:O19) -> 0
A20: Wood products(UGX Mill)
A21: Sawn wood (Timber) (UGX mill) | C21: 5530 | O21: =0.1*SUM(B21:N21) -> 553 | P21: =SUM(B21:O21) -> 6083
A22: Poles (UGX mill) | C22: 3136 | O22: =0.1*SUM(B22:N22) -> 313.6 | P22: =SUM(B22:O22) -> 3449.6
A23: Firewood Household (UGX mill) | C23: 16125 | O23: =0.1*SUM(B23:N23) -> 1612.5 | P23: =SUM(B23:O23) -> 17737.5
A24: Firewood Commecial (UGX mill) | C24: 4380 | O24: =0.1*SUM(B24:N24) -> 438 | P24: =SUM(B24:O24) -> 4818
A25: Firewood Industrial (UGX mill) | C25: 2051 | O25: =0.1*SUM(B25:N25) -> 205.1 | P25: =SUM(B25:O25) -> 2256.1
A26: Charcoal (UGX mill) | C26: 8526 | O26: =0.1*SUM(B26:N26) -> 852.6 | P26: =SUM(B26:O26) -> 9378.6
A27: Sub-total (UGX mill) | C27: =SUM(C21:C26) -> 39748 | O27: =SUM(O21:O26) -> 3974.8 | P27: =SUM(P21:P26) -> 43722.8
A28: Finished products | P28: =SUM(B28:O28) -> 0
A29: Wood & articles of wood; wood charcoal (m3) | P29: =SUM(B29:O29) -> 0
A30: Cork & cork articles (kg) | P30: =SUM(B30:O30) -> 0
A31: Manufacture of straw, esparata or other plaiting materials, basket ware or wicker work (kg) | P31: =SUM(B31:O31) -> 0
A32: Pulp of wood or other fibrous cellulosic material, recovered (waste & scrap) paper or paperboard (kg) | P32: =SUM(B32:O32) -> 0
A33: Paper & paper board, article of paper or paper board (kg) | P33: =SUM(B33:O33) -> 0
A34: Non-Wood Forest Products | P34: =SUM(B34:O34) -> 0
A35: Shea butter oil (UGX mill) | P35: =SUM(B35:O35) -> 0
A36: Prunus Africana | P36: =SUM(B36:O36) -> 0
A37: Sandalwood | P37: =SUM(B37:O37) -> 0
A38: Residues | P38: =SUM(B38:O38) -> 0
A39: Wood residuals | P39: =SUM(B39:O39) -> 0
P40: =SUM(B40:O40) -> 0
A41: Total (mill UGX) | B41: =SUM(B3:B40) -> 0 | C41: =SUM(C21:C40) -> 79496 | D41: =SUM(D21:D40) -> 0 | E41: =SUM(E21:E40) -> 0 | F41: =SUM(F21:F40) -> 0 | G41: =SUM(G21:G40) -> 0 | H41: =SUM(H21:H40) -> 0 | I41: =SUM(I21:I40) -> 0 | J41: =SUM(J21:J40) -> 0 | ... L41: =SUM(L21:L40) -> 0 | N41: =SUM(N21:N40) -> 0 | O41: =SUM(O21:O40) -> 7949.6 | P41: =SUM(P21:P40) -> 87445.6
A43: Use Table 1990, Uganda | B43: Agric. Production | C43: Forestry | D43: Fisheries | E43: Mining & Quarrying | F43: House-hold | G43: Manufacturing | H43: Construction & Housing | I43: Wholesale & Retail trade | J43: Transport | K43: Education, health & social work | L43: other services | M43: Accumulations | N43: Export-ations | O43: Flows to environ-ment | P43: Overall total
A44: Description
A45: Natural Inputs
A46: Forest soils/sand (UGX)
A47: Seed (UGX)
A48: Seedlings (UGX)
A49: Wood biomass available for supply
A50: Hard wood plantation (mill UGX)
A51: Soft wood plantation (mill UGX)
A52: Natural forest wood (million UGX)
A53: NWFPs
A54: Shea Pods (number)
A55: Prunus Africana (trees>30 DBH)
A56: Sandal wood
A57: Inputs | P57: =SUM(B57:O57) -> 0
A58: Seed | P58: =SUM(B58:O58) -> 0
A59: Seedlings | P59: =SUM(B59:O59) -> 0
A60: Wood biomass available for supply | P60: =SUM(B60:O60) -> 0
A61: Broad leaved plantations wood (UGX mill) | P61: =SUM(B61:O61) -> 0
A62: Coniferous plantations wood (UGX mill) | P62: =SUM(B62:O62) -> 0
A63: THF Well stocked wood (UGX mill) | P63: =SUM(B63:O63) -> 0
A64: THF Low stocked wood (UGX mill)
A65: Woodlands wood (UGX mill)
A66: Forest Products | P66: =SUM(B66:O66) -> 0
A67: Sawn wood ('000 tons) | H67: 5530 | P67: =SUM(B67:O67) -> 5530
A68: Poles (UGX mill) | H68: =934+2202 -> 3136 | P68: =SUM(B68:O68) -> 3136
A69: Firewood Household (UGX mill) | F69: =1310+14814 -> 16124 | P69: =SUM(B69:O69) -> 16124
A70: Firewood Commecial (UGX mill) | K70: =983+3397 -> 4380 | P70: =SUM(B70:O70) -> 4380
A71: Firewood Industrial (UGX mill) | G71: =397+1654 -> 2051 | P71: =SUM(B71:O71) -> 2051
A72: Charcoal (UGX mill) | I72: 8526 | P72: =SUM(B72:O72) -> 8526
A73: Total | B73: =SUM(B67:B72) -> 0 | C73: =SUM(C67:C72) -> 0 | D73: =SUM(D67:D72) -> 0 | E73: =SUM(E67:E72) -> 0 | F73: =SUM(F67:F72) -> 16124 | G73: =SUM(G67:G72) -> 2051 | H73: =SUM(H67:H72) -> 8666 | I73: =SUM(I67:I72) -> 8526 | ... L73: =SUM(L67:L72) -> 0 | N73: =SUM(N67:N72) -> 0 | O73: =SUM(O67:O72) -> 0 | P73: =SUM(P67:P72) -> 39747
A74: Finished products | P74: =SUM(B74:O74) -> 0
A75: Wood & articles of wood; wood charcoal (UGX '000) | P75: =SUM(B75:O75) -> 0
A76: Cork & cork articles (UGX '000) | P76: =SUM(B76:O76) -> 0
A77: Manufacture of straw, esparata or other plaiting materials, basket ware or wicker work (UGX '000) | P77: =SUM(B77:O77) -> 0
A78: Pulp of wood or other fibrous cellulosic material, recovered (waste & scrap) paper or paperboard (UGX '000) | P78: =SUM(B78:O78) -> 0
A79: Paper & paper board, article of paper or paper board (UGX '000) | P79: =SUM(B79:O79) -> 0
P80: =SUM(B80:O80) -> 0
A81: Non-Wood Forest Products | P81: =SUM(B81:O81) -> 0
A82: Shea butter oil (litres) | P82: =SUM(B82:O82) -> 0
A83: Prunus Africana | P83: =SUM(B83:O83) -> 0
A84: Sandalwood | P84: =SUM(B84:O84) -> 0
P85: =SUM(B85:O85) -> 0
A86: Residues | P86: =SUM(B86:O86) -> 0
A87: Wood residues | B87: =0.1*SUM(B73:B86) -> 0 | C87: =0.1*SUM(C73:C86) -> 0 | D87: =0.1*SUM(D73:D86) -> 0 | E87: =0.1*SUM(E73:E86) -> 0 | F87: =0.1*SUM(F73:F86) -> 1612.4 | G87: =0.1*SUM(G73:G86) -> 205.1 | H87: =0.1*SUM(H73:H86) -> 866.6 | I87: =0.1*SUM(I73:I86) -> 852.6 | ... L87: =0.1*SUM(L73:L86) -> 0 | N87: =0.1*SUM(N73:N86) -> 0 | O87: =0.1*SUM(O73:O86) -> 0 | P87: =SUM(B87:O87) -> 3974.7
P88: =SUM(B88:O88) -> 0
A89: Total UGX (Mill) | B89: =SUM(B73:B88) -> 0 | C89: =SUM(C73:C88) -> 0 | D89: =SUM(D73:D88) -> 0 | E89: =SUM(E73:E88) -> 0 | F89: =SUM(F73:F88) -> 17736.4 | G89: =SUM(G73:G88) -> 2256.1 | H89: =SUM(H73:H88) -> 9532.6 | I89: =SUM(I73:I88) -> 9378.6 | ... L89: =SUM(L73:L88) -> 0 | N89: =SUM(N73:N88) -> 0 | O89: =SUM(O73:O88) -> 0 | P89: =SUM(P73:P88) -> 43721.7

Sheet MSUT 2000
A1: Supply Table 2000, Uganda
A2: Description | B2: Agric. Production | C2: Forestry | D2: Fisheries | E2: Mining & Quarrying | F2: House-hold | G2: Manufacturing | H2: Construction & Housing | I2: Wholesale & Retail trade | J2: Transport | K2: Education, health & social work | L2: other sevices | M2: Accumulation | N2: Import-ations | O2: Flows to environ-ment | P2: Overall total
A3: Natural inputs | P3: =SUM(B3:O3) -> 0
A4: Forest sand (UGX mill) | P4: =SUM(B4:O4) -> 0
A5: Seed (UGX mill) | P5: =SUM(B5:O5) -> 0
A6: Seedlings (UGX mill) | P6: =SUM(B6:O6) -> 0
A7: Wood biomass available for supply | P7: =SUM(B7:O7) -> 0
A8: Broad leaved plantations wood (UGX mill) | C8: =[2]Sheet2!$U$11 -> 22754.999 | P8: =SUM(B8:O8) -> 22754.999
A9: Coniferous plantations wood (UGX mill) | C9: =[2]Sheet2!$V$11 -> 40821.626 | P9: =SUM(B9:O9) -> 40821.626
A10: THF Well stocked wood (UGX mill) | C10: =[2]Sheet2!$X$11 -> 1204008 | P10: =SUM(B10:O10) -> 1204008
A11: THF Low stocked wood (UGX mill) | C11: =[2]Sheet2!$Y$11 -> 158011.16 | P11: =SUM(B11:O11) -> 158011.16
A12: Woodlands wood (UGX mill) | C12: =[2]Sheet2!$Z$11 -> 404908.38 | P12: =SUM(B12:O12) -> 404908.38
A13: NWFPs | P13: =SUM(B13:O13) -> 0
A14: Shea Pods (number) | P14: =SUM(B14:O14) -> 0
A15: Prunus Africana (trees>30 DBH) | P15: =SUM(B15:O15) -> 0
A16: Sandal wood | P16: =SUM(B16:O16) -> 0
A17: Wood products(UGX Mill)
A18: Sawn wood (Timber) (UGX mill) | C18: 23180 | O18: =0.05*SUM(B18:N18) -> 1159 | P18: =SUM(B18:O18) -> 24339
A19: Poles (UGX mill) | C19: 11564 | O19: =0.05*SUM(B19:N19) -> 578.2 | P19: =SUM(B19:O19) -> 12142.2
A20: Firewood Household (UGX mill) | C20: 55383 | O20: =0.05*SUM(B20:N20) -> 2769.15 | P20: =SUM(B20:O20) -> 58152.15
A21: Firewood Commecial (UGX mill) | C21: 15822 | O21: =0.05*SUM(B21:N21) -> 791.1 | P21: =SUM(B21:O21) -> 16613.1
A22: Firewood Industrial (UGX mill) | C22: 10902 | O22: =0.05*SUM(B22:N22) -> 545.1 | P22: =SUM(B22:O22) -> 11447.1
A23: Charcoal (UGX mill) | C23: =34070 -> 34070 | O23: =0.05*SUM(B23:N23) -> 1703.5 | P23: =SUM(B23:O23) -> 35773.5
A24: Sub-total (UGX milliona) | B24: =SUM(B18:B23) -> 0 | C24: =SUM(C18:C23) -> 150921 | D24: =SUM(D18:D23) -> 0 | E24: =SUM(E18:E23) -> 0 | F24: =SUM(F18:F23) -> 0 | H24: =SUM(H18:H23) -> 0 | I24: =SUM(I18:I23) -> 0 | J24: =SUM(J18:J23) -> 0 | K24: =SUM(K18:K23) -> 0 | L24: =SUM(L18:L23) -> 0 | M24: =SUM(M18:M23) -> 0 | N24: =SUM(N18:N23) -> 0 | O24: =SUM(O18:O23) -> 7546.05 | P24: =SUM(P18:P23) -> 158467.05
A25: Finished products | O25: =0.05*SUM(B25:N25) -> 0 | P25: =SUM(B25:O25) -> 0 | R25: 208668.6
A26: Wood & articles of wood; wood charcoal (m3) | N26: =[4]Sheet1!$G$21/1000000 -> 10594.092 | O26: =0.05*SUM(B26:N26) -> 529.70458 | P26: =SUM(B26:O26) -> 11123.796 | R26: 150925
A27: Cork & cork articles (kg) | N27: =[4]Sheet2!$G$21/1000000 -> 9976.9283 | O27: =0.05*SUM(B27:N27) -> 498.84642 | P27: =SUM(B27:O27) -> 10475.775
A28: Manufacture of straw, esparata or other plaiting materials, basket ware or wicker work (kg) | N28: =[4]Sheet3!$G$21/1000000 -> 6135.8527 | O28: =0.05*SUM(B28:N28) -> 306.79264 | P28: =SUM(B28:O28) -> 6442.6453 | R28: =R25-R26 -> 57743.6
A29: Pulp of wood or other fibrous cellulosic material, recovered (waste & scrap) paper or paperboard (kg) | N29: =[4]Sheet4!$G$21/1000000 -> 191.52192 | O29: =0.05*SUM(B29:N29) -> 9.5760961 | P29: =SUM(B29:O29) -> 201.09802
A30: Paper & paper board, article of paper or paper board (kg) | N30: =[4]Sheet5!$G$21/1000000 -> 34303.549 | O30: =0.05*SUM(B30:N30) -> 1715.1775 | P30: =SUM(B30:O30) -> 36018.727 | R30: 866137.01
A31: Sub-total | B31: =SUM(B26:B30) -> 0 | C31: =SUM(C26:C30) -> 0 | D31: =SUM(D26:D30) -> 0 | E31: =SUM(E26:E30) -> 0 | F31: =SUM(F26:F30) -> 0 | G31: =SUM(G26:G30) -> 0 | H31: =SUM(H26:H30) -> 0 | I31: =SUM(I26:I30) -> 0 | ... L31: =SUM(L26:L30) -> 0 | N31: =SUM(N26:N30) -> 61201.944 | O31: =SUM(O26:O30) -> 3060.0972 | P31: =SUM(B31:O31) -> 64262.041
A32: Non-Wood Forest Products | O32: =0.05*SUM(B32:N32) -> 0 | P32: =SUM(B32:O32) -> 0 | R32: 61201.944
A33: Shea butter oil (UGX mill) | O33: =0.05*SUM(B33:N33) -> 0 | P33: =SUM(B33:O33) -> 0
A34: Prunus Africana | O34: =0.05*SUM(B34:N34) -> 0 | P34: =SUM(B34:O34) -> 0 | R34: =R30-R32 -> 804935.07
A35: Sandalwood | O35: =0.05*SUM(B35:N35) -> 0 | P35: =SUM(B35:O35) -> 0
A36: Sub-total | B36: =SUM(B33:B35) -> 0 | C36: =SUM(C33:C35) -> 0 | D36: =SUM(D33:D35) -> 0 | E36: =SUM(E33:E35) -> 0 | F36: =SUM(F33:F35) -> 0 | G36: =SUM(G33:G35) -> 0 | H36: =SUM(H33:H35) -> 0 | I36: =SUM(I33:I35) -> 0 | ... P36: =SUM(P33:P35) -> 0
A37: Residues | P37: =SUM(B37:O37) -> 0 | R37: 1118768.2
A38: Wood residuals | P38: =SUM(B38:O38) -> 0 | R38: 1077865.7
P39: =SUM(B39:O39) -> 0
A40: Total (mill UGX) | B40: =SUM(B17:B39) -> 0 | C40: =SUM(C17:C39) -> 301842 | D40: =SUM(D17:D39) -> 0 | E40: =SUM(E17:E39) -> 0 | F40: =SUM(F17:F39) -> 0 | G40: =SUM(G17:G39) -> 0 | H40: =SUM(H17:H39) -> 0 | I40: =SUM(I17:I39) -> 0 | ... L40: =SUM(L17:L39) -> 0 | O40: =SUM(O17:O39) -> 21212.294 | P40: =P38+P36+P31+P24 -> 222729.09
R41: =R37-R38 -> 40902.504
A42: Use Table 2000, Uganda | B42: Agric. Production | C42: Forestry | D42: Fisheries | E42: Mining & Quarrying | F42: House-hold | G42: Manufacturing | H42: Construction & Housing | I42: Wholesale & Retail trade | J42: Transport | K42: Education, health & social work | L42: other services | M42: Accumulation | N42: Export-ations | O42: Flows to environ-ment | P42: Overall total
A43: Description | P43: =SUM(B43:O43) -> 0
A44: Natural Inputs | P44: =SUM(B44:O44) -> 0
A45: Forest soils/sand (UGX) | P45: =SUM(B45:O45) -> 0
A46: Seed (UGX) | P46: =SUM(B46:O46) -> 0
A47: Seedlings (UGX) | P47: =SUM(B47:O47) -> 0
A48: Wood biomass available for supply | P48: =SUM(B48:O48) -> 0
A49: Hard wood plantation (mill UGX) | P49: =SUM(B49:O49) -> 0
A50: Soft wood plantation (mill UGX) | P50: =SUM(B50:O50) -> 0
A51: Natural forest wood (million UGX) | P51: =SUM(B51:O51) -> 0
A52: NWFPs | P52: =SUM(B52:O52) -> 0
A53: Natural Inputs | P53: =SUM(B53:O53) -> 0
A54: Forest soils/sand (UGX) | P54: =SUM(B54:O54) -> 0
... A60: THF Well stocked wood (UGX mill) | P60: =SUM(B60:O60) -> 0
A61: THF Low stocked wood (UGX mill)
A62: Woodlands wood (UGX mill)
A63: Seedlings | P63: =SUM(B63:O63) -> 0
A64: Forest Products | P64: =SUM(B64:O64) -> 0
A65: Sawn wood ('000 tons) | H65: 23180 | P65: =SUM(B65:O65) -> 23180
A66: Poles (UGX mill) | F66: 7723 | H66: 3842 | P66: =SUM(B66:O66) -> 11565
A67: Firewood Household (UGX mill) | F67: =5073+50311 -> 55384 | P67: =SUM(B67:O67) -> 55384
A68: Firewood Commecial (UGX mill) | K68: =4293+11530 -> 15823 | P68: =SUM(B68:O68) -> 15823
A69: Firewood Industrial (UGX mill) | G69: =9544+1359 -> 10903 | P69: =SUM(B69:O69) -> 10903
A70: Charcoal (UGX mill) | I70: 34070 | P70: =SUM(B70:O70) -> 34070
A71: Sub-total | B71: =SUM(B65:B70) -> 0 | C71: =SUM(C65:C70) -> 0 | D71: =SUM(D65:D70) -> 0 | E71: =SUM(E65:E70) -> 0 | F71: =SUM(F65:F70) -> 63107 | G71: =SUM(G65:G70) -> 10903 | H71: =SUM(H65:H70) -> 27022 | I71: =SUM(I65:I70) -> 34070 | ... L71: =SUM(L65:L70) -> 0 | M71: =R28 -> 57743.6 | N71: =SUM(N65:N70) -> 0 | O71: =SUM(O65:O70) -> 0 | P71: =SUM(P65:P70) -> 150925
A72: Finished products | P72: =SUM(B72:O72) -> 0
A73: Wood & articles of wood; wood charcoal (UGX mill) | N73: =[5]Sheet2!$G$222/1000000 -> 70.173351 | O73: =0.05*SUM(B73:N73) -> 3.5086676 | P73: =SUM(B73:O73) -> 73.682019
A74: Cork & cork articles (UGX mill) | O74: =0.05*SUM(B74:N74) -> 0 | P74: =SUM(B74:O74) -> 0
A75: Manufacture of straw, esparata or other plaiting materials, basket ware or wicker work (UGX mill) | N75: =[5]Sheet4!$G$149/1000000 -> 2.000015 | O75: =0.05*SUM(B75:N75) -> 0.10000075 | P75: =SUM(B75:O75) -> 2.1000157
A76: Pulp of wood or other fibrous cellulosic material, recovered (waste & scrap) paper or paperboard (UGX mill) | O76: =0.05*SUM(B76:N76) -> 0 | P76: =SUM(B76:O76) -> 0
A77: Paper & paper board, article of paper or paper board (UGX mill) | N77: =[5]Sheet6!$G$208/1000000 -> 793.96365 | O77: =0.05*SUM(B77:N77) -> 39.698182 | P77: =SUM(B77:O77) -> 833.66183
A78: Sub-total (UGX mill) | B78: =SUM(B73:B77) -> 0 | C78: =SUM(C73:C77) -> 0 | D78: =SUM(D73:D77) -> 0 | E78: =SUM(E73:E77) -> 0 | F78: =SUM(F73:F77) -> 0 | G78: =SUM(G73:G77) -> 0 | H78: =SUM(H73:H77) -> 0 | I78: =SUM(I73:I77) -> 0 | ... L78: =SUM(L73:L77) -> 0 | M78: 63352.597 | N78: =SUM(N73:N77) -> 866.13701 | O78: =SUM(O73:O77) -> 43.306851 | P78: =SUM(B78:O78) -> 64262.041 | R78: =P31-P78 -> 0
A79: Non-Wood Forest Products | P79: =SUM(B79:O79) -> 0
A80: Shea butter oil (litres) | P80: =SUM(B80:O80) -> 0
A81: Prunus Africana | P81: =SUM(B81:O81) -> 0
A82: Sandalwood
A83: Sub-total (UGX mill) | B83: =SUM(B80:B82) -> 0 | C83: =SUM(C80:C82) -> 0 | D83: =SUM(D80:D82) -> 0 | E83: =SUM(E80:E82) -> 0 | F83: =SUM(F80:F82) -> 0 | G83: =SUM(G80:G82) -> 0 | H83: =SUM(H80:H82) -> 0 | I83: =SUM(I80:I82) -> 0 | ... P83: =SUM(P80:P82) -> 0
A84: Residues | R84: =P40-P87 -> -50201.482
A85: Wood residues | B85: =0.05*(B84+B83+B78+B71) -> 0 | C85: =0.05*(C84+C83+C78+C71) -> 0 | D85: =0.05*(D84+D83+D78+D71) -> 0 | E85: =0.05*(E84+E83+E78+E71) -> 0 | F85: =0.05*(F84+F83+F78+F71) -> 3155.35 | G85: =0.05*(G84+G83+G78+G71) -> 545.15 | H85: =0.05*(H84+H83+H78+H71) -> 1351.1 | I85: =0.05*(I84+I83+I78+I71) -> 1703.5 | ... L85: =0.05*(L84+L83+L78+L71) -> 0 | M85: =(0.05*(M84+M83+M78+M71))+44097 -> 50151.81 | N85: =0.05*(N84+N83+N78+N71) -> 43.306851 | O85: =0.05*(O84+O83+O78+O71) -> 2.1653425 | P85: =SUM(B85:O85) -> 57743.532
A87: Total (mill UGX) | B87: =SUM(B65:B86) -> 0 | C87: =SUM(C65:C86) -> 0 | D87: =SUM(D65:D86) -> 0 | E87: =SUM(E65:E86) -> 0 | F87: =SUM(F65:F86) -> 129369.35 | G87: =SUM(G65:G86) -> 22351.15 | H87: =SUM(H65:H86) -> 55395.1 | I87: =SUM(I65:I86) -> 69843.5 | ... L87: =SUM(L65:L86) -> 0 | N87: =SUM(N65:N86) -> 1775.5809 | O87: =SUM(O65:O86) -> 88.779044 | P87: =P85+P78+P83+P71 -> 272930.57

Sheet MSUT 2005
A1: Supply Table 2005, Uganda
A2: Description | B2: Agric. Production | C2: Forestry | D2: Fisheries | E2: Mining & Quarrying | F2: House-hold | G2: Manufacturing | H2: Construction & Housing | I2: Wholesale & Retail trade | J2: Transport | K2: Education, health & social work | L2: Other services | M2: Accumulations | N2: Import-ations | O2: Flows to environ-ment | P2: Overall total
A3: Natural inputs | P3: =SUM(B3:O3) -> 0
A4: Forest sand (UGX mill) | P4: =SUM(B4:O4) -> 0
A5: Seed (UGX mill) | P5: =SUM(B5:O5) -> 0
A6: Seedlings (UGX mill) | P6: =SUM(B6:O6) -> 0
A7: Wood biomass available for supply | P7: =SUM(B7:O7) -> 0
A8: Broad leaved plantations wood (UGX mill) | C8: =[2]Sheet2!$U$17 -> 42463.877 | P8: =SUM(B8:O8) -> 42463.877
A9: Coniferous plantations wood (UGX mill) | C9: =[2]Sheet2!$V$17 -> 60397.893 | P9: =SUM(B9:O9) -> 60397.893
A10: THF Well stocked wood (UGX mill) | C10: =[2]Sheet2!$X$17 -> 1215550.9 | P10: =SUM(B10:O10) -> 1215550.9
A11: THF Low stocked wood (UGX mill) | C11: =[2]Sheet2!$Y$17 -> 143895.64
A12: Woodlands wood (UGX mill) | C12: =[2]Sheet2!$Z$17 -> 229785.42
A13: Sub-total (UGX mill) | C13: =SUM(C8:C12) -> 1692093.7
A14: Wood not available for supply & other (UGX mill) | C14: ='PSUT 2005'!C15*[2]Sheet2!$AH$11/1000 -> 0
A15: NWFPs | C15: =C14+C13 -> 1692093.7 | P15: =SUM(B15:O15) -> 1692093.7
A16: Shea Pods (number) | P16: =SUM(B16:O16) -> 0
A17: Prunus Africana (trees>30 DBH) | P17: =SUM(B17:O17) -> 0
A18: Sandal wood | P18: =SUM(B18:O18) -> 0
A19: Bamboo | P19: =SUM(B19:O19) -> 0
P20: =SUM(B20:O20) -> 0
A21: Wood products(UGX Mill) | C21: 235202 | O21: =0.05*SUM(B21:N21) -> 11760.1 | P21: =SUM(B21:O21) -> 246962.1
A22: Sawn wood (Timber) (UGX mill) | C22: 37648 | O22: =0.05*SUM(B22:N22) -> 1882.4 | P22: =SUM(B22:O22) -> 39530.4
A23: Poles (UGX mill) | C23: 15177 | O23: =0.05*SUM(B23:N23) -> 758.85 | P23: =SUM(B23:O23) -> 15935.85
A24: Firewood Household (UGX mill) | C24: 111117 | O24: =0.05*SUM(B24:N24) -> 5555.85 | P24: =SUM(B24:O24) -> 116672.85
A25: Firewood Commecial (UGX mill) | C25: 20926 | O25: =0.05*SUM(B25:N25) -> 1046.3 | P25: =SUM(B25:O25) -> 21972.3
A26: Firewood Industrial (UGX mill) | C26: 13789 | O26: =0.05*SUM(B26:N26) -> 689.45 | P26: =SUM(B26:O26) -> 14478.45
A27: Charcoal (UGX mill) | C27: 36545 | O27: =0.05*SUM(B27:N27) -> 1827.25 | P27: =SUM(B27:O27) -> 38372.25
A28: Sub-total | B28: =SUM(B22:B27) -> 0 | C28: =SUM(C22:C27) -> 235202 | D28: =SUM(D22:D27) -> 0 | E28: =SUM(E22:E27) -> 0 | F28: =SUM(F22:F27) -> 0 | G28: =SUM(G22:G27) -> 0 | H28: =SUM(H22:H27) -> 0 | I28: =SUM(I22:I27) -> 0 | ... N28: =SUM(N22:N27) -> 0 | O28: =0.05*SUM(B28:N28) -> 11760.1 | P28: =SUM(P22:P27) -> 246962.1
A29: Finished products | O29: =0.05*SUM(B29:N29) -> 0 | P29: =SUM(B29:O29) -> 0
A30: Wood & articles of wood; wood charcoal (m3) | N30: =[4]Sheet1!$G$16/1000000 -> 1918.649 | O30: =0.05*SUM(B30:N30) -> 95.932451 | P30: =SUM(B30:O30) -> 2014.5815
A31: Cork & cork articles (kg) | N31: =[4]Sheet2!$G$16/1000000 -> 1872.6829 | O31: =0.05*SUM(B31:N31) -> 93.634144 | P31: =SUM(B31:O31) -> 1966.317
A32: Manufacture of straw, esparata or other plaiting materials, basket ware or wicker work (kg) | N32: =[4]Sheet3!$G$16/1000000 -> 1578.9148 | O32: =0.05*SUM(B32:N32) -> 78.94574 | P32: =SUM(B32:O32) -> 1657.8605
A33: Pulp of wood or other fibrous cellulosic material, recovered (waste & scrap) paper or paperboard (kg) | N33: =[4]Sheet4!$G$16/1000000 -> 136.98336 | O33: =0.05*SUM(B33:N33) -> 6.8491682 | P33: =SUM(B33:O33) -> 143.83253
A34: Paper & paper board, article of paper or paper board (kg) | N34: =[4]Sheet5!$G$16/1000000 -> 296519.33 | O34: =0.05*SUM(B34:N34) -> 14825.966 | P34: =SUM(B34:O34) -> 311345.29
A35: Sub-total | B35: =SUM(B30:B34) -> 0 | C35: =SUM(C30:C34) -> 0 | D35: =SUM(D30:D34) -> 0 | E35: =SUM(E30:E34) -> 0 | F35: =SUM(F30:F34) -> 0 | G35: =SUM(G30:G34) -> 0 | H35: =SUM(H30:H34) -> 0 | I35: =SUM(I30:I34) -> 0 | ... P35: =SUM(P30:P34) -> 317127.88
A36: Non-Wood Forest Products | P36: =SUM(B36:O36) -> 0
A37: Shea butter oil (UGX mill) | P37: =SUM(B37:O37) -> 0
A38: Prunus Africana | P38: =SUM(B38:O38) -> 0
A39: Sandalwood | P39: =SUM(B39:O39) -> 0
A40: Sub-total | B40: =SUM(B37:B39) -> 0 | C40: =SUM(C37:C39) -> 0 | D40: =SUM(D37:D39) -> 0 | E40: =SUM(E37:E39) -> 0 | F40: =SUM(F37:F39) -> 0 | G40: =SUM(G37:G39) -> 0 | H40: =SUM(H37:H39) -> 0 | I40: =SUM(I37:I39) -> 0 | ... P40: =SUM(P37:P39) -> 0
A41: Residues | P41: =SUM(B41:O41) -> 0
A42: Wood residuals | B42: =0.05*(B40+B35+B28) -> 0 | C42: =0.05*(C40+C35+C28) -> 11760.1 | D42: =0.05*(D40+D35+D28) -> 0 | E42: =0.05*(E40+E35+E28) -> 0 | F42: =0.05*(F40+F35+F28) -> 0 | G42: =0.05*(G40+G35+G28) -> 0 | H42: =0.05*(H40+H35+H28) -> 0 | I42: =0.05*(I40+I35+I28) -> 0 | ... O42: =0.05*(O40+O35+O28) -> 1343.0714 | P42: =SUM(B42:O42) -> 28204.499
A43: Total (mill UGX) | B43: =SUM(B22:B42) -> 0 | C43: =C42+C40+C35+C28 -> 246962.1 | D43: =D42+D40+D35+D28 -> 0 | E43: =E42+E40+E35+E28 -> 0 | F43: =F42+F40+F35+F28 -> 0 | G43: =G42+G40+G35+G28 -> 0 | H43: =H42+H40+H35+H28 -> 0 | I43: =I42+I40+I35+I28 -> 0 | J43: =J42+J40+J35+J28 -> 0 | ... P43: =P42+P40+P35+P28 -> 592294.48
A45: Use Table 2005 Uganda | B45: Agric. Production | C45: Forestry | D45: Fisheries | E45: Mining & Quarrying | F45: House-hold | G45: Manufacturing | H45: Construction & Housing | I45: Wholesale & Retail trade | J45: Transport | K45: Education, health & social work | L45: Other services | M45: Accumulations | N45: Export-ations | O45: Flows to environ-ment | P45: Overall total
A46: Description | P46: =SUM(B46:O46) -> 0
A47: Natural Inputs | P47: =SUM(B47:O47) -> 0
A48: Forest soils/sand (UGX) | P48: =SUM(B48:O48) -> 0
A49: Seed (UGX) | P49: =SUM(B49:O49) -> 0
A50: Seedlings (UGX) | P50: =SUM(B50:O50) -> 0
A51: Wood biomass available for supply | P51: =SUM(B51:O51) -> 0
A52: Hard wood plantation (mill UGX) | P52: =SUM(B52:O52) -> 0
A53: Soft wood plantation (mill UGX) | P53: =SUM(B53:O53) -> 0
A54: Natural forest wood (million UGX) | P54: =SUM(B54:O54) -> 0
A55: NWFPs | P55: =SUM(B55:O55) -> 0
A56: Shea Pods (number) | P56: =SUM(B56:O56) -> 0
A57: Prunus Africana (trees>30 DBH) | P57: =SUM(B57:O57) -> 0
... A66: THF Well stocked wood (UGX mill) | P66: =SUM(B66:O66) -> 0
A67: THF Low stocked wood (UGX mill)
A68: Woodlands wood (UGX mill)
A69: Forest Products | P69: =SUM(B69:O69) -> 0
A70: Sawn wood ('000 tons) | H70: 37648 | O70: =SUM(B70:N70)*0.05 -> 1882.4 | P70: =SUM(B70:O70) -> 39530.4
A71: Poles (UGX mill) | F71: 10419 | H71: 4758 | O71: =SUM(B71:N71)*0.05 -> 758.85 | P71: =SUM(B71:O71) -> 15935.85
A72: Firewood Household (UGX mill) | F72: 105323 | H72: 5794 | O72: =SUM(B72:N72)*0.05 -> 5555.85 | P72: =SUM(B72:O72) -> 116672.85
A73: Firewood Commecial (UGX mill) | K73: =4884+16041 -> 20925 | O73: =SUM(B73:N73)*0.05 -> 1046.25 | P73: =SUM(B73:O73) -> 21971.25
A74: Firewood Industrial (UGX mill) | G74: =11290+2499 -> 13789 | O74: =SUM(B74:N74)*0.05 -> 689.45 | P74: =SUM(B74:O74) -> 14478.45
A75: Charcoal (UGX mill) | I75: 36545 | O75: =SUM(B75:N75)*0.05 -> 1827.25 | P75: =SUM(B75:O75) -> 38372.25
A76: Sub-total | B76: =SUM(B70:B75) -> 0 | C76: =SUM(C70:C75) -> 0 | D76: =SUM(D70:D75) -> 0 | E76: =SUM(E70:E75) -> 0 | F76: =SUM(F70:F75) -> 115742 | G76: =SUM(G70:G75) -> 13789 | H76: =SUM(H70:H75) -> 48200 | I76: =SUM(I70:I75) -> 36545 | ... L76: =SUM(L70:L75) -> 0 | N76: =SUM(N70:N75) -> 0 | O76: =SUM(O70:O75) -> 11760.05 | P76: =SUM(P70:P75) -> 246961.05
A77: Finished products | P77: =SUM(B77:O77) -> 0
A78: Wood & articles of wood; wood charcoal (UGX mill) | N78: =[5]Sheet2!$G$170/1000000 -> 3506.3754 | O78: =0.05*SUM(B78:N78) -> 175.31877 | P78: =SUM(B78:O78) -> 3681.6941
A79: Cork & cork articles (UGX mill) | O79: =0.05*SUM(B79:N79) -> 0 | P79: =SUM(B79:O79) -> 0
A80: Manufacture of straw, esparata or other plaiting materials, basket ware or wicker work (UGX mill) | N80: =[5]Sheet4!$G$119/1000000 -> 12.00009 | O80: =0.05*SUM(B80:N80) -> 0.6000045 | P80: =SUM(B80:O80) -> 12.600095
A81: Pulp of wood or other fibrous cellulosic material, recovered (waste & scrap) paper or paperboard (UGX mill) | N81: =[5]Sheet5!$G$118/1000000 -> 48.881799 | O81: =0.05*SUM(B81:N81) -> 2.44409 | P81: =SUM(B81:O81) -> 51.325889
A82: Paper & paper board, article of paper or paper board (UGX mill) | N82: =[5]Sheet6!$G$148/1000000 -> 5304.2744 | O82: =0.05*SUM(B82:N82) -> 265.21372 | P82: =SUM(B82:O82) -> 5569.4881
A83: Sub-total | B83: =SUM(B78:B82) -> 0 | C83: =SUM(C78:C82) -> 0 | D83: =SUM(D78:D82) -> 0 | E83: =SUM(E78:E82) -> 0 | F83: =SUM(F78:F82) -> 0 | G83: =SUM(G78:G82) -> 0 | H83: =SUM(H78:H82) -> 0 | I83: =SUM(I78:I82) -> 0 | ... L83: =SUM(L78:L82) -> 0 | M83: =N35-N83-R84 -> 293155.03 | N83: =SUM(N78:N82) -> 8871.5317 | O83: =SUM(O78:O82) -> 443.57658 | P83: =SUM(B83:O83) -> 302470.13
A84: Non-Wood Forest Products | P84: =SUM(B84:O84) -> 0
A85: Shea butter oil (litres) | P85: =SUM(B85:O85) -> 0
A86: Prunus Africana | P86: =SUM(B86:O86) -> 0
A87: Sandalwood | P87: =SUM(B87:O87) -> 0
A88: Sub-total | B88: =SUM(B85:B87) -> 0 | C88: =SUM(C85:C87) -> 0 | D88: =SUM(D85:D87) -> 0 | E88: =SUM(E85:E87) -> 0 | F88: =SUM(F85:F87) -> 0 | G88: =SUM(G85:G87) -> 0 | H88: =SUM(H85:H87) -> 0 | I88: =SUM(I85:I87) -> 0 | ... O88: =SUM(O85:O87) -> 0 | P88: =SUM(B88:O88) -> 0
A89: Residues | P89: =SUM(B89:O89) -> 0
A90: Wood residues | B90: =0.05*SUM(B76:B89) -> 0 | C90: =0.05*SUM(C76:C89) -> 0 | D90: =0.05*SUM(D76:D89) -> 0 | E90: =0.05*SUM(E76:E89) -> 0 | F90: =0.05*SUM(F76:F89) -> 5787.1 | G90: =0.05*SUM(G76:G89) -> 689.45 | H90: =0.05*SUM(H76:H89) -> 2410 | I90: =0.05*SUM(I76:I89) -> 1827.25 | ... L90: =0.05*SUM(L76:L89) -> 0 | M90: =0.05*SUM(M76:M89)+14926 -> 29583.751 | N90: =0.05*SUM(N76:N89) -> 887.15317 | O90: =0.05*SUM(O76:O89) -> 632.36016 | P90: =SUM(B90:O90) -> 42863.315
A92: Total UGX (Mill) | B92: =B90+B88+B83+B76 -> 0 | C92: =C90+C88+C83+C76 -> 0 | D92: =D90+D88+D83+D76 -> 0 | E92: =E90+E88+E83+E76 -> 0 | F92: =F90+F88+F83+F76 -> 121529.1 | G92: =G90+G88+G83+G76 -> 14478.45 | H92: =H90+H88+H83+H76 -> 50610 | I92: =I90+I88+I83+I76 -> 38372.25 | ... L92: =L90+L88+L83+L76 -> 0 | M92: =R91+M88+M83+M76 -> 293155.03 | N92: =N90+N88+N83+N76 -> 9758.6849 | O92: =O90+O88+O83+O76 -> 12835.987 | P92: =P90+P88+P83+P76 -> 592294.5 | R92: =P43-P92 -> -0.014088153

Sheet MSUT2010
A1: Supply Table 2010, Uganda
A2: Description | B2: Agric. Production | C2: Forestry | D2: Fisheries | E2: Mining & Quarrying | F2: House-hold | G2: Manufacturing | H2: Construction & Housing | I2: Wholesale & Retail trade | J2: Transport | K2: Education, health & social work | L2: Other services | M2: Accumulation | N2: Import-ations | O2: Flows to environ-ment | P2: Overall total
A3: Natural inputs | P3: =SUM(B3:O3) -> 0
A4: Seed (UGX mill) | C4: =Sheet2!C5 -> 505.71429 | P4: =SUM(B4:O4) -> 505.71429
A5: Seedlings (UGX mill) | C5: =Sheet2!C6 -> 3640000 | P5: =SUM(B5:O5) -> 3640000
A6: Wood biomass available for supply | P6: =SUM(B6:O6) -> 0
A7: Broad leaved plantations wood (UGX mill) | C7: =[2]Sheet2!$U$23 -> 168002.98 | P7: =SUM(B7:O7) -> 168002.98
A8: Coniferous plantations wood (UGX mill) | C8: =[2]Sheet2!$V$23 -> 407837.77 | P8: =SUM(B8:O8) -> 407837.77
A9: THF Well stocked wood (UGX mill) | C9: =[2]Sheet2!$X$23 -> 1545470.6 | P9: =SUM(B9:O9) -> 1545470.6
A10: THF Low stocked wood (UGX mill) | C10: =[2]Sheet2!$Y$23 -> 99431.642
A11: Woodlands wood (UGX mill) | C11: =[2]Sheet2!$Z$23 -> 254494.66
A12: Sub-total (UGX mill) | C12: =SUM(C7:C11) -> 2475237.7
A13: Wood not available for supply & other (UGX mill) | C13: ='PSUT 2010'!C15*[2]Sheet2!$AH$11/1000 -> 0
A14: NWFPs | C14: =C13+C12 -> 2475237.7 | P14: =SUM(B14:O14) -> 2475237.7
A15: Shea Pods (number) | P15: =SUM(B15:O15) -> 0
A16: Prunus Africana (trees>30 DBH) | P16: =SUM(B16:O16) -> 0
A17: Sandal wood | P17: =SUM(B17:O17) -> 0
A18: Bamboo | P18: =SUM(B18:O18) -> 0
A19: Sub-total | B19: =SUM(B4:B18) -> 0 | C19: =SUM(C4:C18) -> 11066219 | D19: =SUM(D4:D18) -> 0 | E19: =SUM(E4:E18) -> 0 | F19: =SUM(F4:F18) -> 0 | G19: =SUM(G4:G18) -> 0 | H19: =SUM(H4:H18) -> 0 | I19: =SUM(I4:I18) -> 0 | ... P19: =SUM(P4:P18) -> 8237054.8
A20: Wood products(UGX Mill)
A21: Sawn wood (Timber) (UGX mill) | C21: 132677 | O21: =0.05*SUM(B21:N21) -> 6633.85 | P21: =SUM(B21:O21) -> 139310.85
A22: Poles (UGX mill) | C22: 41438 | O22: =0.05*SUM(B22:N22) -> 2071.9 | P22: =SUM(B22:O22) -> 43509.9
A23: Firewood Household (UGX mill) | C23: 128916 | O23: =0.05*SUM(B23:N23) -> 6445.8 | P23: =SUM(B23:O23) -> 135361.8
A24: Firewood Commecial (UGX mill) | C24: 25228 | O24: =0.05*SUM(B24:N24) -> 1261.4 | P24: =SUM(B24:O24) -> 26489.4
A25: Firewood Industrial (UGX mill) | C25: 20130 | O25: =0.05*SUM(B25:N25) -> 1006.5 | P25: =SUM(B25:O25) -> 21136.5
A26: Charcoal (UGX mill) | C26: 51210 | O26: =0.05*SUM(B26:N26) -> 2560.5 | P26: =SUM(B26:O26) -> 53770.5
A27: Sub-total | B27: =SUM(B20:B26) -> 0 | C27: =SUM(C20:C26) -> 399599 | D27: =SUM(D20:D26) -> 0 | E27: =SUM(E20:E26) -> 0 | F27: =SUM(F20:F26) -> 0 | G27: =SUM(G20:G26) -> 0 | H27: =SUM(H20:H26) -> 0 | I27: =SUM(I20:I26) -> 0 | ... P27: =SUM(P20:P26) -> 419578.95
A28: Finished products | O28: =0.05*SUM(B28:N28) -> 0 | P28: =SUM(B28:O28) -> 0
A29: Wood & articles of wood; wood charcoal (m3) | N29: =5129245/1000 -> 5129.245 | O29: =0.05*SUM(B29:N29) -> 256.46225 | P29: =SUM(B29:O29) -> 5385.7072
A30: Cork & cork articles (kg) | N30: =61472392/1000 -> 61472.392 | O30: =0.05*SUM(B30:N30) -> 3073.6196 | P30: =SUM(B30:O30) -> 64546.012
A31: Manufacture of straw, esparata or other plaiting materials, basket ware or wicker work (kg) | N31: =28958069/1000 -> 28958.069 | O31: =0.05*SUM(B31:N31) -> 1447.9035 | P31: =SUM(B31:O31) -> 30405.972
A32: Pulp of wood or other fibrous cellulosic material, recovered (waste & scrap) paper or paperboard (kg) | N32: =38806461/1000 -> 38806.461 | O32: =0.05*SUM(B32:N32) -> 1940.3231 | P32: =SUM(B32:O32) -> 40746.784
A33: Paper & paper board, article of paper or paper board (kg) | N33: =192766264/1000 -> 192766.26 | O33: =0.05*SUM(B33:N33) -> 9638.3132 | P33: =SUM(B33:O33) -> 202404.58
A34: Sub-total | B34: =SUM(B29:B33) -> 0 | C34: =SUM(C29:C33) -> 0 | D34: =SUM(D29:D33) -> 0 | E34: =SUM(E29:E33) -> 0 | F34: =SUM(F29:F33) -> 0 | G34: =SUM(G29:G33) -> 0 | H34: =SUM(H29:H33) -> 0 | I34: =SUM(I29:I33) -> 0 | ... P34: =SUM(P29:P33) -> 343489.05
A35: Non-Wood Forest Products | O35: =0.05*SUM(B35:N35) -> 0 | P35: =SUM(B35:O35) -> 0
A36: Shea butter oil (UGX mill) | B36: =[6]Sheet1!$Y$14*3700/1000000 -> 14553.437 | O36: =0.05*SUM(B36:N36) -> 727.67185 | P36: =SUM(B36:O36) -> 15281.109
A37: Prunus Africana | B37: =Sheet2!C30/1000000 -> 0.252567 | O37: =0.05*SUM(B37:N37) -> 0.01262835 | P37: =SUM(B37:O37) -> 0.26519535
A38: Sandalwood | O38: =0.05*SUM(B38:N38) -> 0 | P38: =SUM(B38:O38) -> 0
A39: Sub-total | B39: =SUM(B36:B38) -> 14553.69 | C39: =SUM(C36:C38) -> 0 | D39: =SUM(D36:D38) -> 0 | E39: =SUM(E36:E38) -> 0 | F39: =SUM(F36:F38) -> 0 | G39: =SUM(G36:G38) -> 0 | H39: =SUM(H36:H38) -> 0 | I39: =SUM(I36:I38) -> 0 | ... P39: =SUM(P36:P38) -> 15281.374
A40: Residues | O40: =0.05*SUM(B40:N40) -> 0 | P40: =SUM(B40:O40) -> 0
A41: Wood residuals | O41: =0.05*SUM(B41:N41) -> 0 | P41: =SUM(B41:O41) -> 0
P42: =SUM(B42:O42) -> 0
A43: Total (mill UGX) | B43: =SUM(B21:B42) -> 29107.379 | C43: =SUM(C21:C42) -> 799198 | D43: =SUM(D21:D42) -> 0 | E43: =SUM(E21:E42) -> 0 | F43: =SUM(F21:F42) -> 0 | G43: =SUM(G21:G42) -> 0 | H43: =SUM(H21:H42) -> 0 | I43: =SUM(I21:I42) -> 0 | ... L43: =SUM(L21:L42) -> 0 | N43: =SUM(N21:N42) -> 654264.86 | O43: =SUM(O21:O42) -> 74128.512 | P43: =P41+P39+P34+P27 -> 778349.38
P44: =SUM(B44:O44) -> 0
A45: Use Table 2010, Uganda | C45: - | D45: - | E45: - | K45: - | L45: - | P45: =SUM(B45:O45) -> 0
A46: Description | B46: Agric. Production | C46: Forests | D46: Fisheries | E46: Mining & Quarrying | F46: House-hold | G46: Manufa-cturing | H46: Construction & Housing | I46: Wholesale & Retail trade | J46: Transport | K46: Education, health & social work | L46: Other services | M46: Accumulation | N46: Exportations | O46: Flows to environ-ment | P46: =SUM(B46:O46) -> 0
A47: Natural Inputs | P47: =SUM(B47:O47) -> 0
A48: Forest soils/sand (UGX) | P48: =SUM(B48:O48) -> 0
A49: Seed (UGX) | P49: =SUM(B49:O49) -> 0
A50: Seedlings (UGX) | P50: =SUM(B50:O50) -> 0
A51: Wood biomass available for supply | P51: =SUM(B51:O51) -> 0
A52: Broad leaved plantations wood (UGX mill) | P52: =SUM(B52:O52) -> 0
A53: Coniferous plantations wood (UGX mill) | P53: =SUM(B53:O53) -> 0
A54: THF Well stocked wood (UGX mill) | P54: =SUM(B54:O54) -> 0
A55: THF Low stocked wood (UGX mill)
A56: Woodlands wood (UGX mill)
A58: NWFPs | P58: =SUM(B58:O58) -> 0
A59: Shea Pods (number) | P59: =SUM(B59:O59) -> 0
A60: Prunus Africana (trees>30 DBH) | P60: =SUM(B60:O60) -> 0
A61: Sandal wood | P61: =SUM(B61:O61) -> 0
A62: Forest Products | P62: =SUM(B62:O62) -> 0
A63: Seed | B63: 505.71429 | O63: =0.05*SUM(B63:N63) -> 25.285714 | P63: =SUM(B63:O63) -> 531
A64: Seedlings | B64: =2730000/1000 -> 2730 | C64: =910000/1000 -> 910 | O64: =0.05*SUM(B64:N64) -> 182 | P64: =SUM(B64:O64) -> 3822
A65: Sawn wood ('000 tons) | H65: 132677 | L65: 1817 | O65: =0.05*SUM(B65:N65) -> 6724.7 | P65: =SUM(B65:O65) -> 141218.7
A66: Poles (UGX mill) | F66: =12188 -> 12188 | H66: 27433 | O66: =0.05*SUM(B66:N66) -> 1981.05 | P66: =SUM(B66:O66) -> 41602.05
A67: Firewood Household (UGX mill) | F67: =7587+121329 -> 128916 | O67: =0.05*SUM(B67:N67) -> 6445.8 | P67: =SUM(B67:O67) -> 135361.8
A68: Firewood Commecial (UGX mill) | K68: =7604+17624 -> 25228 | O68: =0.05*SUM(B68:N68) -> 1261.4 | P68: =SUM(B68:O68) -> 26489.4
A69: Firewood Industrial (UGX mill) | G69: =17405+2725 -> 20130 | O69: =0.05*SUM(B69:N69) -> 1006.5 | P69: =SUM(B69:O69) -> 21136.5
A70: Charcoal (UGX mill) | I70: 51210 | O70: =0.05*SUM(B70:N70) -> 2560.5 | P70: =SUM(B70:O70) -> 53770.5
A71: Sub-total | B71: =SUM(B63:B70) -> 3235.7143 | C71: =SUM(C63:C70) -> 910 | D71: =SUM(D63:D70) -> 0 | E71: =SUM(E63:E70) -> 0 | F71: =SUM(F63:F70) -> 141104 | G71: =SUM(G63:G70) -> 20130 | H71: =SUM(H63:H70) -> 160110 | I71: =SUM(I63:I70) -> 51210 | ... L71: =SUM(L63:L70) -> 1817 | M71: =P27-P71 -> -4353 | N71: =SUM(N63:N70) -> 0 | O71: =SUM(O63:O70) -> 20187.236 | P71: =SUM(P63:P70) -> 423931.95
A72: Finished products | P72: =SUM(B72:O72) -> 0
A73: Wood & articles of wood; wood charcoal (UGX '000) | N73: =16786341/1000 -> 16786.341 | O73: =0.05*SUM(B73:N73) -> 839.31705 | P73: =SUM(B73:O73) -> 17625.658
A74: Cork & cork articles (UGX '000) | N74: =80230/1000 -> 80.23 | O74: =0.05*SUM(B74:N74) -> 4.0115 | P74: =SUM(B74:O74) -> 84.2415
A75: Manufacture of straw, esparata or other plaiting materials, basket ware or wicker work (UGX '000) | N75: =28143/1000 -> 28.143 | O75: =0.05*SUM(B75:N75) -> 1.40715 | P75: =SUM(B75:O75) -> 29.55015
A76: Pulp of wood or other fibrous cellulosic material, recovered (waste & scrap) paper or paperboard (UGX '000) | N76: =664860/1000 -> 664.86 | O76: =0.05*SUM(B76:N76) -> 33.243 | P76: =SUM(B76:O76) -> 698.103
A77: Paper & paper board, article of paper or paper board (UGX '000) | N77: =23236495/1000 -> 23236.495 | O77: =0.05*SUM(B77:N77) -> 1161.8247 | P77: =SUM(B77:O77) -> 24398.32 | R77: =1069164-1043544 -> 25620
A78: Sub-total | B78: =SUM(B73:B77) -> 0 | C78: =SUM(C73:C77) -> 0 | D78: =SUM(D73:D77) -> 0 | E78: =SUM(E73:E77) -> 0 | F78: =SUM(F73:F77) -> 0 | G78: =SUM(G73:G77) -> 0 | H78: =SUM(H73:H77) -> 0 | I78: =SUM(I73:I77) -> 0 | ... L78: =SUM(L73:L77) -> 0 | M78: =N34-N78-R77 -> 260716.36 | N78: =SUM(N73:N77) -> 40796.069 | O78: =SUM(O73:O77) -> 2039.8035 | P78: =SUM(B78:O78) -> 303552.23
A79: Non-Wood Forest Products | P79: =SUM(B79:O79) -> 0
A80: Shea butter oil (litres) | F80: =0.8*B36 -> 11642.75 | G80: =0.2*B36 -> 2910.6874 | P80: =SUM(B80:O80) -> 14553.437
A81: Prunus Africana | N81: =B37 -> 0.252567 | O81: =0.05*SUM(B81:N81) -> 0.01262835 | P81: =SUM(B81:O81) -> 0.26519535
A82: Sandalwood | P82: =SUM(B82:O82) -> 0
A83: Sub-total | B83: =SUM(B80:B82) -> 0 | C83: =SUM(C80:C82) -> 0 | D83: =SUM(D80:D82) -> 0 | E83: =SUM(E80:E82) -> 0 | F83: =SUM(F80:F82) -> 11642.75 | G83: =SUM(G80:G82) -> 2910.6874 | H83: =SUM(H80:H82) -> 0 | I83: =SUM(I80:I82) -> 0 | ... P83: =SUM(P80:P82) -> 14553.702
A84: Residues | P84: =SUM(B84:O84) -> 0
A85: Wood residues | B85: =0.05*(B83+B78+B71) -> 161.78571 | C85: =0.05*(C83+C78+C71) -> 45.5 | D85: =0.05*(D83+D78+D71) -> 0 | E85: =0.05*(E83+E78+E71) -> 0 | F85: =0.05*(F78+F71+F83) -> 7637.3375 | G85: =0.05*(G78+G71+G83) -> 1152.0344 | H85: =0.05*(H78+H71) -> 8005.5 | I85: =0.05*(I78+I71) -> 2560.5 | J85: =0.05*(J78+J71) -> 0 | K85: =0.05*(K78+K71) -> 1261.4 | L85: =0.05*(L78+L71) -> 90.85 | M85: =0.05*(M78+M71) -> 12818.168 | N85: =0.05*(N78+N71) -> 2039.8035 | O85: =0.05*(O78+O71+O83) -> 1111.3526 | P85: =SUM(B85:O85) -> 36884.232
P86: =SUM(B86:O86) -> 0
A87: Total (mill UGX) | B87: =B85+B83+B78+B71 -> 3397.5 | C87: =C85+C83+C78+C71 -> 955.5 | D87: =D85+D83+D78+D71 -> 0 | E87: =E85+E83+E78+E71 -> 0 | F87: =F85+F83+F78+F71 -> 160384.09 | G87: =G85+G83+G78+G71 -> 24192.722 | H87: =H85+H83+H78+H71 -> 168115.5 | I87: =I85+I83+I78+I71 -> 53770.5 | ... O87: =O85+O83+O78+O71 -> 23338.404 | P87: =SUM(B87:O87) -> 774569.12

Sheet MSUT 2015
A1: Supply Table 2015, Uganda
A2: Description | B2: Agric. Production | C2: Forestry | D2: Fisheries | E2: Mining & Quarrying | F2: House-hold | G2: Manufacturing | H2: Construction & Housing | I2: Wholesale & Retail trade | J2: Transport | K2: Education, health & social work | L2: Other services | M2: Accumulations | N2: Import-ations | O2: Flows to environ-ment | P2: Overall total
A3: Natural inputs
A4: Seed (UGX mill)
A5: Seedlings (UGX mill)
A6: Wood biomass available for supply | P6: =SUM(B6:O6) -> 0
A7: Broad leaved plantations wood (UGX mill) | C7: =[2]Sheet2!$U$28 -> 219779.4 | P7: =SUM(B7:O7) -> 219779.4
A8: Coniferous plantations wood (UGX mill) | C8: =[2]Sheet2!$V$28 -> 223704.15 | P8: =SUM(B8:O8) -> 223704.15
A9: THF Well stocked wood (UGX mill) | C9: =[2]Sheet2!$X$28 -> 1348336.8 | P9: =SUM(B9:O9) -> 1348336.8
A10: THF Low stocked wood (UGX mill) | C10: =[2]Sheet2!$Y$28 -> 182888.9 | P10: =SUM(B10:O10) -> 182888.9
A11: Woodlands wood (UGX mill) | C11: =[2]Sheet2!$Z$28 -> 268068.34 | P11: =SUM(B11:O11) -> 268068.34
A12: Sub-total (UGX mill) | C12: =SUM(C7:C11) -> 2242777.6
A13: Wood not available for supply & other (UGX mill) | C13: ='PSUT 2015'!C15*[2]Sheet2!$AH$11/1000 -> 0
A14: NWFPs | P14: =SUM(B14:O14) -> 0
A15: Shea Pods (number) | P15: =SUM(B15:O15) -> 0
A16: Prunus Africana (trees>30 DBH) | P16: =SUM(B16:O16) -> 0
A17: Sandal wood | P17: =SUM(B17:O17) -> 0
A18: Bamboo | P18: =SUM(B18:O18) -> 0
P19: =SUM(B19:O19) -> 0
A20: Wood products(UGX Mill) | P20: =SUM(B20:O20) -> 0
A21: Sawn wood (Timber) (UGX mill) | C21: 361976 | O21: =0.05*SUM(B21:N21) -> 18098.8 | P21: =SUM(B21:O21) -> 380074.8
A22: Poles (UGX mill) | C22: =F69+H69 -> 251793 | O22: =0.05*SUM(B22:N22) -> 12589.65 | P22: =SUM(B22:O22) -> 264382.65
A23: Firewood Household (UGX mill) | C23: =F70 -> 146752 | O23: =0.05*SUM(B23:N23) -> 7337.6 | P23: =SUM(B23:O23) -> 154089.6
A24: Firewood Commecial (UGX mill) | C24: =K71 -> 27523 | O24: =0.05*SUM(B24:N24) -> 1376.15 | P24: =SUM(B24:O24) -> 28899.15
A25: Firewood Industrial (UGX mill) | C25: =G72 -> 21867 | O25: =0.05*SUM(B25:N25) -> 1093.35 | P25: =SUM(B25:O25) -> 22960.35
A26: Charcoal (UGX mill) | C26: 66894 | O26: =0.05*SUM(B26:N26) -> 3344.7 | P26: =SUM(B26:O26) -> 70238.7
A27: Sub-total (UGX mill) | B27: =SUM(B21:B26) -> 0 | C27: =SUM(C21:C26) -> 876805 | D27: =SUM(D21:D26) -> 0 | E27: =SUM(E21:E26) -> 0 | F27: =SUM(F21:F26) -> 0 | G27: =SUM(G21:G26) -> 0 | H27: =SUM(H21:H26) -> 0 | I27: =SUM(I21:I26) -> 0 | ... P27: =SUM(P21:P26) -> 920645.25
A28: Finished products | O28: =0.05*SUM(B28:N28) -> 0 | P28: =SUM(B28:O28) -> 0
A29: Wood & articles of wood; wood charcoal (UGX mill) | N29: =[4]Sheet1!$G$6/1000000 -> 1815.2833 | O29: =0.05*SUM(B29:N29) -> 90.764164 | P29: =SUM(B29:O29) -> 1906.0474
A30: Cork & cork articles (UGX mill) | N30: =[4]Sheet2!$G$6/1000000 -> 55.173963 | O30: =0.05*SUM(B30:N30) -> 2.7586982 | P30: =SUM(B30:O30) -> 57.932661
A31: Manufacture of straw, esparata or other plaiting materials, basket ware or wicker work (UGX mill) | N31: =[4]Sheet3!$G$6/1000000 -> 140.25602 | O31: =0.05*SUM(B31:N31) -> 7.0128009 | P31: =SUM(B31:O31) -> 147.26882
A32: Pulp of wood or other fibrous cellulosic material, recovered (waste & scrap) paper or paperboard (UGX mill) | N32: =[4]Sheet4!$G$6/1000000 -> 87817.386 | O32: =0.05*SUM(B32:N32) -> 4390.8693 | P32: =SUM(B32:O32) -> 92208.256
A33: Paper & paper board, article of paper or paper board (UGX mill) | N33: =[4]Sheet5!$G$6/1000000 -> 57008.649 | O33: =0.05*SUM(B33:N33) -> 2850.4325 | P33: =SUM(B33:O33) -> 59859.082
A34: Sub-total (UGX mill) | B34: =SUM(B29:B33) -> 0 | C34: =SUM(C29:C33) -> 0 | D34: =SUM(D29:D33) -> 0 | E34: =SUM(E29:E33) -> 0 | F34: =SUM(F29:F33) -> 0 | G34: =SUM(G29:G33) -> 0 | H34: =SUM(H29:H33) -> 0 | I34: =SUM(I29:I33) -> 0 | ... L34: =SUM(L29:L33) -> 0 | M34: 33982.437 | N34: =SUM(N29:N33) -> 146836.75 | O34: =SUM(O29:O33) -> 7341.8374 | P34: =SUM(B34:O34) -> 188161.02
A35: Non-wood forest products | O35: =0.05*SUM(B35:N35) -> 0 | P35: =SUM(B35:O35) -> 0
A36: Shea butter oil (litres) | B36: =F84+N83 -> 0 | O36: =0.05*SUM(B36:N36) -> 0 | P36: =SUM(B36:O36) -> 0
A37: Prunus Africana (UGX mill) | B37: =N85 -> 0 | O37: =0.05*SUM(B37:N37) -> 0 | P37: =SUM(B37:O37) -> 0
A38: Sandalwood | G38: =N87 -> 927.309 | O38: =0.05*SUM(B38:N38) -> 46.36545 | P38: =SUM(B38:O38) -> 973.67445
A39: Sub-total (UGX mill) | B39: =SUM(B36:B38) -> 0 | C39: =SUM(C36:C38) -> 0 | D39: =SUM(D36:D38) -> 0 | E39: =SUM(E36:E38) -> 0 | F39: =SUM(F36:F38) -> 0 | G39: =SUM(G36:G38) -> 927.309 | H39: =SUM(H36:H38) -> 0 | I39: =SUM(I36:I38) -> 0 | ... O39: =SUM(O36:O38) -> 46.36545 | P39: =SUM(B39:O39) -> 973.67445
A40: Residuals | P40: =SUM(B40:O40) -> 0
A41: Wood residues (UGX mill) | C41: 1620 | G41: 162 | P41: =SUM(B41:O41) -> 1782
A42: Total (UGX Mill) | B42: =SUM(B18:B41) -> 0 | C42: =SUM(C18:C41) -> 1755230 | D42: =SUM(D18:D41) -> 0 | E42: =SUM(E18:E41) -> 0 | F42: =SUM(F18:F41) -> 0 | G42: =SUM(G18:G41) -> 2016.618 | H42: =SUM(H18:H41) -> 0 | I42: =SUM(I18:I41) -> 0 | ... L42: =SUM(L18:L41) -> 0 | N42: =SUM(N18:N41) -> 293673.5 | O42: =SUM(O18:O41) -> 102456.91 | P42: =P41+P39+P34+P27 -> 1111561.9
A44: Use Table 2015, Uganda | B44: Agric. Production | C44: Forestry | D44: Fishings | E44: Mining & Quarrying | F44: H/hold | G44: Manufacturing | H44: Construction & Housing | I44: Wholesale & Retail trade | J44: Transport | K44: Education, health & social work | L44: Other services | M44: Accumulations | N44: Exportations | O44: Flows to the Environment | P44: Overall total
A45: Description
A46: Natural Inputs
A47: Forest soils/sand (UGX)
A48: Seed (UGX)
A49: Seedlings (UGX)
A50: Wood biomass available for supply
A51: Hard wood plantation (mill UGX)
A52: Soft wood plantation (mill UGX)
A53: Natural forest wood (million UGX)
A54: NWFPs
A55: Shea Pods (number)
A56: Prunus Africana (trees>30 DBH)
... A60: Seedlings (UGX mill)
A61: Wood biomass available for supply | P61: =SUM(B61:O61) -> 0
A62: Broad leaved plantations wood (UGX mill) | P62: =SUM(B62:O62) -> 0
A63: Coniferous plantations wood (UGX mill) | P63: =SUM(B63:O63) -> 0
A64: THF Well stocked wood (UGX mill) | P64: =SUM(B64:O64) -> 0
A65: THF Low stocked wood (UGX mill) | P65: =SUM(B65:O65) -> 0
A66: Woodlands wood (UGX mill) | P66: =SUM(B66:O66) -> 0
A67: Forest Products | P67: =SUM(B67:O67) -> 0
A68: Sawn wood ('000 tons) | H68: 361976 | O68: =0.05*SUM(B68:N68) -> 18098.8 | P68: =SUM(B68:O68) -> 380074.8
A69: Poles (UGX mill) | F69: 14075 | H69: 237718 | O69: =0.05*SUM(B69:N69) -> 12589.65 | P69: =SUM(B69:O69) -> 264382.65
A70: Firewood Household (UGX mill) | F70: =8643+138109 -> 146752 | O70: =0.05*SUM(B70:N70) -> 7337.6 | P70: =SUM(B70:O70) -> 154089.6
A71: Firewood Commecial (UGX mill) | K71: =8329+19194 -> 27523 | O71: =0.05*SUM(B71:N71) -> 1376.15 | P71: =SUM(B71:O71) -> 28899.15
A72: Firewood Industrial (UGX mill) | G72: =18920+2947 -> 21867 | O72: =0.05*SUM(B72:N72) -> 1093.35 | P72: =SUM(B72:O72) -> 22960.35
A73: Charcoal (UGX mill) | I73: 66894 | O73: =0.05*SUM(B73:N73) -> 3344.7 | P73: =SUM(B73:O73) -> 70238.7
A74: Sub-total (UGX mill) | B74: =SUM(B68:B73) -> 0 | C74: =SUM(C68:C73) -> 0 | D74: =SUM(D68:D73) -> 0 | E74: =SUM(E68:E73) -> 0 | F74: =SUM(F68:F73) -> 160827 | G74: =SUM(G68:G73) -> 21867 | H74: =SUM(H68:H73) -> 599694 | I74: =SUM(I68:I73) -> 66894 | ... P74: =SUM(P68:P73) -> 920645.25
A75: Finished products | P75: =SUM(B75:O75) -> 0
A76: Wood & articles of wood; wood charcoal (UGX mill) | N76: =[5]Sheet2!$G$50/1000000 -> 47805.349 | O76: =0.025*SUM(B76:N76) -> 1195.1337 | P76: =SUM(B76:O76) -> 49000.482 | Q76: 1079171.3
A77: Cork & cork articles (UGX mill) | N77: =[5]Sheet3!$G$14/1000000 -> 21.326284 | O77: =0.05*SUM(B77:N77) -> 1.0663142 | P77: =SUM(B77:O77) -> 22.392598 | Q77: 1018474.1
A78: Manufacture of straw, esparata or other plaiting materials, basket ware or wicker work (UGX mill) | N78: =[5]Sheet4!$G$44/1000000 -> 351.2176 | O78: =0.05*SUM(B78:N78) -> 17.56088 | P78: =SUM(B78:O78) -> 368.77848 | Q78: =Q76-Q77 -> 60697.251
A79: Pulp of wood or other fibrous cellulosic material, recovered (waste & scrap) paper or paperboard (UGX mill) | N79: =[5]Sheet5!$G$31/1000000 -> 62.21665 | O79: =0.05*SUM(B79:N79) -> 3.1108325 | P79: =SUM(B79:O79) -> 65.327483
A80: Paper & paper board, article of paper or paper board (UGX mill) | N80: =[5]Sheet6!$G$28/1000000 -> 91743.641 | O80: =0.05*SUM(B80:N80) -> 4587.1821 | P80: =SUM(B80:O80) -> 96330.824
A81: Sub-total (UGX mill) | B81: =SUM(B76:B80) -> 0 | C81: =SUM(C76:C80) -> 0 | D81: =SUM(D76:D80) -> 0 | E81: =SUM(E76:E80) -> 0 | F81: =SUM(F76:F80) -> 0 | G81: =SUM(G76:G80) -> 0 | H81: =SUM(H76:H80) -> 0 | I81: =SUM(I76:I80) -> 0 | ... L81: =SUM(L76:L80) -> 0 | N81: =SUM(N76:N80) -> 139983.75 | O81: =0.05*SUM(B81:N81) -> 6999.1875 | P81: =SUM(B81:O81) -> 146982.94
A82: Non-wood forest products | P82: =SUM(B82:O82) -> 0
A83: Shea butter oil (UGX mill) | F83: =MSUT2010!F80 -> 11642.75 | G83: =MSUT2010!G80 -> 2910.6874 | P83: =SUM(B83:O83) -> 14553.437
A84: Prunus Africana (UGX mill) | P84: =SUM(B84:O84) -> 0
A85: Bamboo (shoots and others) | P85: =SUM(B85:O85) -> 0
A86: Sandalwood (UGX/million) | N86: 927.309 | P86: =SUM(B86:O86) -> 927.309
A87: Sub-total (UGX mill) | B87: =SUM(B83:B86) -> 0 | C87: =SUM(C83:C86) -> 0 | D87: =SUM(D83:D86) -> 0 | E87: =SUM(E83:E86) -> 0 | F87: =SUM(F83:F86) -> 11642.75 | G87: =SUM(G83:G86) -> 2910.6874 | H87: =SUM(H83:H86) -> 0 | I87: =SUM(I83:I86) -> 0 | ... P87: =SUM(P83:P86) -> 15480.746
A88: Residuals | P88: =SUM(B88:O88) -> 0
A89: wood use residues | B89: =0.05*(B87+B81+B74) -> 0 | C89: =0.05*(C87+C81+C74) -> 0 | D89: =0.05*(D87+D81+D74) -> 0 | E89: =0.05*(E87+E81+E74) -> 0 | F89: =0.05*(F87+F81+F74) -> 8623.4875 | G89: =0.05*(G87+G81+G74) -> 1238.8844 | H89: =0.05*(H87+H81+H74) -> 29984.7 | I89: =0.05*(I87+I81+I74) -> 3344.7 | ... M89: =0.05*(M87+M81+M74) -> 0 | P89: =SUM(B89:O89) -> 44567.922
A90: Total (UGX Mill) | B90: =SUM(B47:B89) -> 0 | C90: =SUM(C47:C89) -> 0 | D90: =SUM(D47:D89) -> 0 | E90: =SUM(E47:E89) -> 0 | F90: =SUM(F47:F89) -> 353562.99 | G90: =SUM(G47:G89) -> 50794.259 | H90: =SUM(H47:H89) -> 1229372.7 | I90: =SUM(I47:I89) -> 137132.7 | ... L90: =SUM(L47:L89) -> 0 | N90: =SUM(N47:N89) -> 281822.12 | O90: =SUM(O47:O89) -> 100483.74 | P90: =P89+P87+P81+P74 -> 1127676.9 | Q90: =P90-P42 -> 16114.909

Sheet Sheet6
C2: Wood supply | K2: Wood supply | X2: Wood supply
D3: 1990 | E3: 2000 | F3: 2005 | G3: 2010 | H3: 2015 | L3: 1990 | M3: 2000 | N3: 2005 | O3: 2010 | P3: 2015 | R3: 1990 | S3: 2000 | T3: 2005 | U3: 2010 | V3: 2015 | Y3: 1990 | Z3: 2000 | AA3: 2005 | AB3: 2010 | AC3: 2015
C4: ='PSUT 1990'!A22 -> Sawn wood ('000 t) | D4: ='PSUT 1990'!C22 -> 324 | E4: ='PSUT 2000'!C21 -> 652 | F4: ='PSUT 2005'!C21 -> 902 | G4: ='PSUT 2010'!C22 -> 1847 | H4: ='PSUT 2015'!C22 -> 2453 | K4: ='MSUT 1990'!A21 -> Sawn wood (Timber) (UGX mill) | L4: ='MSUT 1990'!C21 -> 5530 | M4: ='MSUT 2000'!C18 -> 23180 | N4: ='MSUT 2005'!C22 -> 37648 | O4: =MSUT2010!C21 -> 132677 | P4: ='MSUT 2015'!C21 -> 361976 | R4: 428.855 | S4: 1644.475 | T4: 1780.54 | U4: 2177.558 | V4: 3240.645 | X4: Sawn wood (Timber) ($ mill) | Y4: =L4/$R$4 -> 12.894801 | Z4: =M4/$S$4 -> 14.095684 | AA4: =N4/$T$4 -> 21.144147 | AB4: =O4/$U$4 -> 60.929261 | AC4: =P4/$V$4 -> 111.69875
C5: ='PSUT 1990'!A23 -> Poles ('000 t) | D5: ='PSUT 1990'!C23 -> 431 | E5: ='PSUT 2000'!C22 -> 659 | F5: ='PSUT 2005'!C22 -> 808 | G5: ='PSUT 2010'!C23 -> 1013 | H5: ='PSUT 2015'!C23 -> 1247 | K5: ='MSUT 1990'!A22 -> Poles (UGX mill) | L5: ='MSUT 1990'!C22 -> 3136 | M5: ='MSUT 2000'!C19 -> 11564 | N5: ='MSUT 2005'!C23 -> 15177 | O5: =MSUT2010!C22 -> 41438 | P5: ='MSUT 2015'!C22 -> 251793 | X5: Poles ($ mill) | Y5: =L5/$R$4 -> 7.3124949 | Z5: =M5/$S$4 -> 7.0320315 | AA5: =N5/$T$4 -> 8.5238186 | AB5: =O5/$U$4 -> 19.029573 | AC5: =P5/$V$4 -> 77.698421
C6: ='PSUT 1990'!A24 -> Firewood Household ('000 ts) | D6: ='PSUT 1990'!C24 -> 11654 | E6: ='PSUT 2000'!C23 -> 16100 | F6: ='PSUT 2005'!C23 -> 19021 | G6: ='PSUT 2010'!C24 -> 22692 | H6: ='PSUT 2015'!C24 -> 27024 | K6: ='MSUT 1990'!A23 -> Firewood Household (UGX mill) | L6: ='MSUT 1990'!C23 -> 16125 | M6: ='MSUT 2000'!C20 -> 55383 | N6: ='MSUT 2005'!C24 -> 111117 | O6: =MSUT2010!C23 -> 128916 | P6: ='MSUT 2015'!C23 -> 146752 | X6: Household firewood ($ mill) | Y6: =L6/$R$4 -> 37.600121 | Z6: =M6/$S$4 -> 33.678226 | AA6: =N6/$T$4 -> 62.406349 | AB6: =O6/$U$4 -> 59.202097 | AC6: =P6/$V$4 -> 45.284812
C7: ='PSUT 1990'!A25 -> Firewood Commecial ('000 t) | D7: ='PSUT 1990'!C25 -> 1534 | E7: ='PSUT 2000'!C24 -> 2550 | F7: ='PSUT 2005'!C24 -> 2993 | G7: ='PSUT 2010'!C25 -> 3256 | H7: ='PSUT 2015'!C25 -> 3656 | K7: ='MSUT 1990'!A24 -> Firewood Commecial (UGX mill) | L7: ='MSUT 1990'!C24 -> 4380 | M7: ='MSUT 2000'!C21 -> 15822 | N7: ='MSUT 2005'!C25 -> 20926 | O7: =MSUT2010!C24 -> 25228 | P7: ='MSUT 2015'!C24 -> 27523 | X7: Commercial firewood ($ mill) | Y7: =L7/$R$4 -> 10.213242 | Z7: =M7/$S$4 -> 9.6213077 | AA7: =N7/$T$4 -> 11.752614 | AB7: =O7/$U$4 -> 11.585455 | AC7: =P7/$V$4 -> 8.4930623
C8: ='PSUT 1990'!A26 -> Firewood Industrial ('000 t) | D8: ='PSUT 1990'!C26 -> 253 | E8: ='PSUT 2000'!C25 -> 1569 | F8: ='PSUT 2005'!C25 -> 1949 | G8: ='PSUT 2010'!C26 -> 2126 | H8: ='PSUT 2015'!C26 -> 2364 | K8: ='MSUT 1990'!A25 -> Firewood Industrial (UGX mill) | L8: ='MSUT 1990'!C25 -> 2051 | M8: ='MSUT 2000'!C22 -> 10902 | N8: ='MSUT 2005'!C26 -> 13789 | O8: =MSUT2010!C25 -> 20130 | P8: ='MSUT 2015'!C25 -> 21867 | X8: Industrial firewood ($ mill) | Y8: =L8/$R$4 -> 4.7825022 | Z8: =M8/$S$4 -> 6.6294714 | AA8: =N8/$T$4 -> 7.7442798 | AB8: =O8/$U$4 -> 9.2443003 | AC8: =P8/$V$4 -> 6.7477308
C9: Charcoal ('000 tons) | D9: ='PSUT 1990'!C27 -> 2396 | E9: ='PSUT 2000'!C26 -> 4880 | F9: ='PSUT 2005'!C26 -> 6506 | G9: ='PSUT 2010'!C27 -> 8535 | H9: ='PSUT 2015'!C27 -> 11962 | K9: Wood in charcoal (UGX mill) | L9: ='MSUT 1990'!C26 -> 8526 | M9: ='MSUT 2000'!C23 -> 34070 | N9: ='MSUT 2005'!C27 -> 36545 | O9: =MSUT2010!C26 -> 51210 | P9: ='MSUT 2015'!C26 -> 66894 | X9: Wood in charcoal ($ mill) | Y9: =L9/$R$4 -> 19.880846 | Z9: =M9/$S$4 -> 20.717858 | AA9: =N9/$T$4 -> 20.524672 | AB9: =O9/$U$4 -> 23.517169 | AC9: =P9/$V$4 -> 20.642187
C10: Total ('000 t) | D10: ='PSUT 1990'!C28 -> 16592 | E10: ='PSUT 2000'!C27 -> 26410 | F10: ='PSUT 2005'!C27 -> 32179 | G10: ='PSUT 2010'!C28 -> 39469 | H10: ='PSUT 2015'!C28 -> 48706 | K10: ='MSUT 1990'!A27 -> Sub-total (UGX mill) | L10: ='MSUT 1990'!C27 -> 39748 | M10: ='MSUT 2000'!C24 -> 150921 | N10: ='MSUT 2005'!C28 -> 235202 | O10: =MSUT2010!C27 -> 399599 | P10: ='MSUT 2015'!C27 -> 876805 | X10: Total ($ mill) | Y10: =L10/$R$4 -> 92.684007 | Z10: =M10/$S$4 -> 91.774579 | AA10: =N10/$T$4 -> 132.09588 | AB10: =O10/$U$4 -> 183.50786 | AC10: =P10/$V$4 -> 270.56496
D12: Use
D13: H/hold | E13: Manufacturing | F13: Construction & Housing | G13: Wholesale & Retail trade | H13: Transport | I13: Education, health & social work
C14: =C4 -> Sawn wood ('000 t)

Sheet Sheet5
C3: 1990 | D3: 2000 | E3: 2005 | F3: 2010 | G3: 2015 | J3: 1990 | K3: 2000 | L3: 2005 | M3: 2010 | N3: 2015
B4: Sawn wood ('000 t) | C4: 324 | D4: 652 | E4: 902 | F4: 1847 | G4: 2453 | J4: =C9/C4 -> 7.3950617 | K4: =D9/D4 -> 7.4846626 | L4: =E9/E4 -> 7.2128603 | M4: =F9/F4 -> 4.621007 | N4: =G9/G4 -> 4.8764778
B5: Poles ('000 t) | C5: 431 | D5: 659 | E5: 808 | F5: 1013 | G5: 1247 | J5: =C9/C5 -> 5.5591647 | K5: =D9/D5 -> 7.4051593 | L5: =E9/E5 -> 8.0519802 | M5: =F9/F5 -> 8.4254689 | N5: =G9/G5 -> 9.5926223
B6: Household firewood ('000 t) | C6: 11654 | D6: 16100 | E6: 19021 | F6: 22092 | G6: 27024 | J6: =C9/(SUM(C6:C8)) -> 0.17826055 | K6: =D9/(SUM(D6:D8)) -> 0.24135714 | L6: =E9/(SUM(E6:E8)) -> 0.2715019 | M6: =F9/(SUM(F6:F8)) -> 0.31065735 | N6: =G9/(SUM(G6:G8)) -> 0.36200218
B7: Commercial firewood ('000 t) | C7: 1534 | D7: 2550 | E7: 2993 | F7: 3256 | G7: 3656
B8: Industrial firewood ('000 t) | C8: 253 | D8: 1569 | E8: 1949 | F8: 2126 | G8: 2364
B9: Charcoal ('000 t) | C9: 2396 | D9: 4880 | E9: 6506 | F9: 8535 | G9: 11962
B10: Total ('000 t) | C10: =SUM(C4:C9) -> 16592 | D10: =SUM(D4:D9) -> 26410 | E10: =SUM(E4:E9) -> 32179 | F10: =SUM(F4:F9) -> 38869 | G10: =SUM(G4:G9) -> 48706
I11: 1990 | J11: 2000 | K11: 2005 | L11: 2010 | M11: 2015
C12: 1990 | D12: 2000 | E12: 2005 | F12: 2010 | G12: 2015 | I12: 428.855 | J12: 1644.475 | K12: 1780.54 | L12: 2177.558 | M12: 3240.645 | P12: 1990 | Q12: 2000 | R12: 2005 | S12: 2010 | T12: 2015 | W12: 1990 | X12: 2000 | Y12: 2005 | Z12: 2010 | AA12: 2015
B13: Sawn wood (UGX mill) | C13: 5530 | D13: 23180 | E13: 37648 | F13: 132677 | G13: 361976 | O13: Sawn wood ($ mill) | P13: =C13/$I$12 -> 12.894801 | Q13: =D13/$J$12 -> 14.095684 | R13: =E13/$K$12 -> 21.144147 | S13: =F13/$L$12 -> 60.929261 | T13: =G13/$M$12 -> 111.69875 | V13: Sawn wood ($/ton) | W13: =(P13*1000000)/(C4*1000) -> 39.798769 | X13: =(Q13*1000000)/(D4*1000) -> 21.619147 | Y13: =(R13*1000000)/(E4*1000) -> 23.441405 | Z13: =(S13*1000000)/(F4*1000) -> 32.98823 | AA13: =(T13*1000000)/(G4*1000) -> 45.535569
B14: Poles (UGX mill) | C14: 3136 | D14: 11564 | E14: 15177 | F14: 41438 | G14: 251793 | O14: Poles ($ mill) | P14: =C14/$I$12 -> 7.3124949 | Q14: =D14/$J$12 -> 7.0320315 | R14: =E14/$K$12 -> 8.5238186 | S14: =F14/$L$12 -> 19.029573 | T14: =G14/$M$12 -> 77.698421 | V14: Poles ($/ton) | W14: =(P14*1000000)/(C5*1000) -> 16.966345 | X14: =(Q14*1000000)/(D5*1000) -> 10.670761 | Y14: =(R14*1000000)/(E5*1000) -> 10.54928 | Z14: =(S14*1000000)/(F5*1000) -> 18.785364 | AA14: =(T14*1000000)/(G5*1000) -> 62.308277
B15: Household firewood (UGX mill) | C15: 16125 | D15: 55383 | E15: 111117 | F15: 128916 | G15: 146752 | O15: Household firewood ($ mill) | P15: =C15/$I$12 -> 37.600121 | Q15: =D15/$J$12 -> 33.678226 | R15: =E15/$K$12 -> 62.406349 | S15: =F15/$L$12 -> 59.202097 | T15: =G15/$M$12 -> 45.284812 | V15: Household firewood ($/ton) | W15: =(P15*1000000)/(C6*1000) -> 3.2263705 | X15: =(Q15*1000000)/(D6*1000) -> 2.0918153 | Y15: =(R15*1000000)/(E6*1000) -> 3.2809184 | Z15: =(S15*1000000)/(F6*1000) -> 2.679798 | AA15: =(T15*1000000)/(G6*1000) -> 1.6757257
B16: Commercial firewood (UGX mill) | C16: 4380 | D16: 15822 | E16: 20926 | F16: 25228 | G16: 27523 | O16: Commercial firewood ($ mill) | P16: =C16/$I$12 -> 10.213242 | Q16: =D16/$J$12 -> 9.6213077 | R16: =E16/$K$12 -> 11.752614 | S16: =F16/$L$12 -> 11.585455 | T16: =G16/$M$12 -> 8.4930623 | V16: Commercial firewood ($/ton) | W16: =(P16*1000000)/(C7*1000) -> 6.6579154 | X16: =(Q16*1000000)/(D7*1000) -> 3.7730618 | Y16: =(R16*1000000)/(E7*1000) -> 3.9267004 | Z16: =(S16*1000000)/(F7*1000) -> 3.5581864 | AA16: =(T16*1000000)/(G7*1000) -> 2.3230477
B17: Industrial firewood (UGX mill) | C17: 2051 | D17: 10902 | E17: 13786 | F17: 20130 | G17: 21867 | O17: Industrial firewood ($ mill) | P17: =C17/$I$12 -> 4.7825022 | Q17: =D17/$J$12 -> 6.6294714 | R17: =E17/$K$12 -> 7.7425949 | S17: =F17/$L$12 -> 9.2443003 | T17: =G17/$M$12 -> 6.7477308 | V17: Industrial firewood ($/ton) | W17: =(P17*1000000)/(C8*1000) -> 18.903171 | X17: =(Q17*1000000)/(D8*1000) -> 4.2252845 | Y17: =(R17*1000000)/(E8*1000) -> 3.9725987 | Z17: =(S17*1000000)/(F8*1000) -> 4.3482127 | AA17: =(T17*1000000)/(G8*1000) -> 2.85437
B18: Charcoal (UGX mill) | C18: 8526 | D18: 34070 | E18: 36545 | F18: 51210 | G18: 66894 | O18: Charcoal ($ mill) | P18: =C18/$I$12 -> 19.880846 | Q18: =D18/$J$12 -> 20.717858 | R18: =E18/$K$12 -> 20.524672 | S18: =F18/$L$12 -> 23.517169 | T18: =G18/$M$12 -> 20.642187 | V18: Charcoal ($/ton) | W18: =(P18*1000000)/(C9*1000) -> 8.2975148 | X18: =(Q18*1000000)/(D9*1000) -> 4.2454628 | Y18: =(R18*1000000)/(E9*1000) -> 3.1547298 | Z18: =(S18*1000000)/(F9*1000) -> 2.7553801 | AA18: =(T18*1000000)/(G9*1000) -> 1.7256468
O19: Total ($ mill) | P19: =SUM(P13:P18) -> 92.684007 | Q19: =SUM(Q13:Q18) -> 91.774579 | R19: =SUM(R13:R18) -> 132.0942 | S19: =SUM(S13:S18) -> 183.50786 | T19: =SUM(T13:T18) -> 270.56496
P20: =P13/P18 -> 0.64860427 | Q20: =Q13/Q18 -> 0.68036396 | R20: =R13/R18 -> 1.030182 | S20: =S13/S18 -> 2.5908416 | T20: =T13/T18 -> 5.4111878 | W20: =W17/W18 -> 2.2781726 | X20: =X17/X18 -> 0.9952471 | Y20: =Y17/Y18 -> 1.2592516 | Z20: =Z17/Z18 -> 1.5780809 | AA20: =AA17/AA18 -> 1.6540871
P21: =P14/P18 -> 0.36781609 | Q21: =Q14/Q18 -> 0.33941884 | R21: =R14/R18 -> 0.41529621 | S21: =S14/S18 -> 0.80917789 | T21: =T14/T18 -> 3.7640596
P22: =SUM(P15:P17)/P18 -> 2.6455548 | Q22: =SUM(Q15:Q17)/Q18 -> 2.4099501 | R22: =SUM(R15:R17)/R18 -> 3.9903954 | S22: =SUM(S15:S17)/S18 -> 3.4031244 | T22: =SUM(T15:T17)/T18 -> 2.9321314
