Workbook

Sheet Readme
A1: The following worksheets contain SLEEK land cover data by county, in hectares, for the whole SLEEK data series. I used the QGIS Zonal Histograms function to generate the data in pixel counts then converted in hectares (cell *0.09)
A3: Check de la superficie totale | C3: =Baringo!C12+Bomet!C12+Bungoma!C12+Busia!C12+'Elgeyo-Marakwet'!C12+Embu!C12+Garissa!C12+'Homa Bay'!C12+Isiolo!C12+Kajiado!C12+Kakamega!C12+Kericho!C12+Kiambu!C12+Kilifi!C12+Kirinyaga!C12+Kisii!C12+Kisumu!C12+Kitui!C12+Kwale!C12+Laikipia!C12+Lamu!C12+Machakos!C12+Makueni!C12+Mandera!C12+Marsabit!C12+Meru!C12+Migori!C12+Mombasa!C12+'Murang''a'!C12+Nairobi!C12+Nakuru!C12+Nandi!C12+Narok!C12+Nyamira!C12+Nyandarua!C12+Nyeri!C12+Samburu!C12+Samburu!C12+Siaya!C12+'Taita Taveta'!C12+'Tana River'!C12+'Tharaka-Nithi'!C12+'Trans Nzoia'!C12+Turkana!C12+'Uasin Gishu'!C12+Vihiga!C12+Wajir!C12+'West Pokot'!C12 -> 61277341
A5: Results are analysed in "Asset account additions and reductions v2.xls".

Sheet Totals
A1: Results of the 1990-2000 / 2015-2018 reconciliation accounts: Net Change
A3: Absolute values
C4: Baringo | D4: Bomet | E4: Bungoma | F4: Busia | G4: Elgeyo-Marakwet | H4: Embu | I4: Garissa | J4: Homa Bay | K4: Isiolo | L4: Kajiado | M4: Kakamega | N4: Kericho | O4: Kiambu | P4: Kilifi | Q4: Kirinyaga | R4: Kisii | S4: Kisumu | T4: Kitui | U4: Kwale | V4: Laikipia | W4: Lamu | X4: Machakos | Y4: Makueni | Z4: Mandera | AA4: Marsabit | AB4: Meru | AC4: Migori | AD4: Mombasa | AE4: Murang'a | AF4: Nairobi | AG4: Nakuru | AH4: Nandi | AI4: Narok | AJ4: Nyamira | AK4: Nyandarua | AL4: Nyeri | AM4: Samburu | AN4: Siaya | AO4: Taita Taveta | AP4: Tana River | AQ4: Tharaka-Nithi | AR4: Trans Nzoia | AS4: Turkana | AT4: Uasin Gishu | AU4: Vihiga | AV4: Wajir | AW4: West Pokot
A5: Sleek Class | B5: Land Cover
A6: 1 | B6: Dense Forest | C6: =Baringo!E17 -> -4742.475 | D6: =Bomet!E17 -> -2296.8 | E6: =Bungoma!E17 -> -2279.445 | F6: =Busia!E17 -> -339.765 | G6: ='Elgeyo-Marakwet'!E17 -> -3666.15 | H6: =Embu!E17 -> -3491.985 | I6: =Garissa!E17 -> -32236.335 | J6: ='Homa Bay'!E17 -> -1778.13 | K6: =Isiolo!E17 -> 33352.305 | L6: =Kajiado!E17 -> -3048.72 | M6: =Kakamega!E17 -> 794.805 | N6: =Kericho!E17 -> -6495.645 | O6: =Kiambu!E17 -> 7089.69 | P6: =Kilifi!E17 -> -6087.315 | Q6: =Kirinyaga!E17 -> 1241.625 | R6: =Kisii!E17 -> 1436.925 | S6: =Kisumu!E17 -> -60.03 | T6: =Kitui!E17 -> 173.355 | U6: =Kwale!E17 -> -5966.61 | V6: =Laikipia!E17 -> -6616.605 | W6: =Lamu!E17 -> 29100.03 | X6: =Machakos!E17 -> 4828.02 | Y6: =Makueni!E17 -> -24375.12 | Z6: =Mandera!E17 -> -11649.27 | AA6: =Marsabit!E17 -> 11775.045 | AB6: =Meru!E17 -> -10017.555 | AC6: =Migori!E17 -> -1833.27 | AD6: =Mombasa!E17 -> -765 | AE6: ='Murang''a'!E17 -> 5248.065 | AF6: =Nairobi!E17 -> -214.71 | AG6: =Nakuru!E17 -> -37619.085 | AH6: =Nandi!E17 -> 3426.51 | AI6: =Narok!E17 -> -78904.905 | AJ6: =Nyamira!E17 -> 2434.44 | AK6: =Nyandarua!E17 -> 6385.905 | AL6: =Nyeri!E17 -> 2438.085 | AM6: =Samburu!E17 -> 80834.235 | AN6: =Siaya!E17 -> -137.4 | AO6: ='Taita Taveta'!E17 -> -10344.975 | AP6: ='Tana River'!E17 -> 21531.99 | AQ6: ='Tharaka-Nithi'!E17 -> -9808.095 | AR6: ='Trans Nzoia'!E17 -> -1715.205 | AS6: =Turkana!E17 -> -5953.095 | AT6: ='Uasin Gishu'!E17 -> -7691.34 | AU6: =Vihiga!E17 -> 1308.105 | AV6: =Wajir!E17 -> 1668.045 | AW6: ='West Pokot'!E17 -> -6221.04
A7: 2 | B7: Moderate Forest | C7: =Baringo!E18 -> 1204.395 | D7: =Bomet!E18 -> 8638.23 | E7: =Bungoma!E18 -> 1447.395 | F7: =Busia!E18 -> 268.71 | G7: ='Elgeyo-Marakwet'!E18 -> -19120.305 | H7: =Embu!E18 -> -1347.3 | I7: =Garissa!E18 -> -44837.82 | J7: ='Homa Bay'!E18 -> 1594.02 | K7: =Isiolo!E18 -> 18358.785 | L7: =Kajiado!E18 -> 362.46 | M7: =Kakamega!E18 -> -211.485 | N7: =Kericho!E18 -> 2135.52 | O7: =Kiambu!E18 -> -5301.24 | P7: =Kilifi!E18 -> -46466.805 | Q7: =Kirinyaga!E18 -> 398.88 | R7: =Kisii!E18 -> 382.215 | S7: =Kisumu!E18 -> 292.695 | T7: =Kitui!E18 -> -3373.665 | U7: =Kwale!E18 -> -10252.23 | V7: =Laikipia!E18 -> 9724.83 | W7: =Lamu!E18 -> -41172.15 | X7: =Machakos!E18 -> -562.155 | Y7: =Makueni!E18 -> 10694.475 | Z7: =Mandera!E18 -> 4554.48 | AA7: =Marsabit!E18 -> 1902.915 | AB7: =Meru!E18 -> 6745.2 | AC7: =Migori!E18 -> 269.25 | AD7: =Mombasa!E18 -> 122.295 | AE7: ='Murang''a'!E18 -> -4346.37 | AF7: =Nairobi!E18 -> -512.235 | AG7: =Nakuru!E18 -> 932.115 | AH7: =Nandi!E18 -> 26.61 | AI7: =Narok!E18 -> -27404.79 | AJ7: =Nyamira!E18 -> 893.055 | AK7: =Nyandarua!E18 -> -735.195 | AL7: =Nyeri!E18 -> 2106 | AM7: =Samburu!E18 -> 5568.99 | AN7: =Siaya!E18 -> -142.08 | AO7: ='Taita Taveta'!E18 -> 10172.925 | AP7: ='Tana River'!E18 -> -26852.04 | AQ7: ='Tharaka-Nithi'!E18 -> -502.74 | AR7: ='Trans Nzoia'!E18 -> 1455.945 | AS7: =Turkana!E18 -> 38.76 | AT7: ='Uasin Gishu'!E18 -> -986.82 | AU7: =Vihiga!E18 -> -501.42 | AV7: =Wajir!E18 -> 2172.48 | AW7: ='West Pokot'!E18 -> -8750.4
A8: 3 | B8: Open Forest | C8: =Baringo!E19 -> -6255.525 | D8: =Bomet!E19 -> 975.735 | E8: =Bungoma!E19 -> -881.355 | F8: =Busia!E19 -> 263.595 | G8: ='Elgeyo-Marakwet'!E19 -> -441.525 | H8: =Embu!E19 -> -519.075 | I8: =Garissa!E19 -> -14001.765 | J8: ='Homa Bay'!E19 -> 25.26 | K8: =Isiolo!E19 -> -2076.42 | L8: =Kajiado!E19 -> -8071.2 | M8: =Kakamega!E19 -> 1395.6 | N8: =Kericho!E19 -> 110.295 | O8: =Kiambu!E19 -> -2389.605 | P8: =Kilifi!E19 -> 8398.935 | Q8: =Kirinyaga!E19 -> -388.56 | R8: =Kisii!E19 -> -216.195 | S8: =Kisumu!E19 -> 102.795 | T8: =Kitui!E19 -> 29381.94 | U8: =Kwale!E19 -> -5959.815 | V8: =Laikipia!E19 -> -647.97 | W8: =Lamu!E19 -> -721.095 | X8: =Machakos!E19 -> -1279.74 | Y8: =Makueni!E19 -> 2573.55 | Z8: =Mandera!E19 -> 3528.855 | AA8: =Marsabit!E19 -> -1890.375 | AB8: =Meru!E19 -> -3888.645 | AC8: =Migori!E19 -> 1416.825 | AD8: =Mombasa!E19 -> -62.505 | AE8: ='Murang''a'!E19 -> -1947.87 | AF8: =Nairobi!E19 -> -474.435 | AG8: =Nakuru!E19 -> -652.065 | AH8: =Nandi!E19 -> 1918.77 | AI8: =Narok!E19 -> -20122.995 | AJ8: =Nyamira!E19 -> -428.145 | AK8: =Nyandarua!E19 -> -665.565 | AL8: =Nyeri!E19 -> -1500.975 | AM8: =Samburu!E19 -> 4806.915 | AN8: =Siaya!E19 -> 236.07 | AO8: ='Taita Taveta'!E19 -> -1904.67 | AP8: ='Tana River'!E19 -> 5908.59 | AQ8: ='Tharaka-Nithi'!E19 -> -284.34 | AR8: ='Trans Nzoia'!E19 -> -4410.825 | AS8: =Turkana!E19 -> 18582.21 | AT8: ='Uasin Gishu'!E19 -> 629.55 | AU8: =Vihiga!E19 -> 1070.475 | AV8: =Wajir!E19 -> -19030.56 | AW8: ='West Pokot'!E19 -> -10236.015
A9: 4 | B9: Wooded Grassland | C9: =Baringo!E20 -> -14174.85 | D9: =Bomet!E20 -> -441.63 | E9: =Bungoma!E20 -> -38010.21 | F9: =Busia!E20 -> -33703.545 | G9: ='Elgeyo-Marakwet'!E20 -> -25727.67 | H9: =Embu!E20 -> -49686.09 | I9: =Garissa!E20 -> -160754.35 | J9: ='Homa Bay'!E20 -> -29474.805 | K9: =Isiolo!E20 -> -124284.04 | L9: =Kajiado!E20 -> -47215.02 | M9: =Kakamega!E20 -> -30529.05 | N9: =Kericho!E20 -> -34202.355 | O9: =Kiambu!E20 -> -7359.765 | P9: =Kilifi!E20 -> -36213.48 | Q9: =Kirinyaga!E20 -> -17487.585 | R9: =Kisii!E20 -> 3474.36 | S9: =Kisumu!E20 -> -26188.11 | T9: =Kitui!E20 -> -401765.37 | U9: =Kwale!E20 -> -105859.82 | V9: =Laikipia!E20 -> -26311.665 | W9: =Lamu!E20 -> 1850.43 | X9: =Machakos!E20 -> -89403.18 | Y9: =Makueni!E20 -> -142112.52 | Z9: =Mandera!E20 -> -114468.98 | AA9: =Marsabit!E20 -> -88146.885 | AB9: =Meru!E20 -> -59308.98 | AC9: =Migori!E20 -> -38644.59 | AD9: =Mombasa!E20 -> -5819.85 | AE9: ='Murang''a'!E20 -> -23068.65 | AF9: =Nairobi!E20 -> 562.845 | AG9: =Nakuru!E20 -> -1986.63 | AH9: =Nandi!E20 -> -30068.07 | AI9: =Narok!E20 -> 51207.825 | AJ9: =Nyamira!E20 -> 946.41 | AK9: =Nyandarua!E20 -> -14636.76 | AL9: =Nyeri!E20 -> -7077.045 | AM9: =Samburu!E20 -> -144162.25 | AN9: =Siaya!E20 -> -46007.595 | AO9: ='Taita Taveta'!E20 -> -53841.375 | AP9: ='Tana River'!E20 -> 15296.25 | AQ9: ='Tharaka-Nithi'!E20 -> -28510.095 | AR9: ='Trans Nzoia'!E20 -> -56006.175 | AS9: =Turkana!E20 -> -281791.08 | AT9: ='Uasin Gishu'!E20 -> -48633.12 | AU9: =Vihiga!E20 -> -8456.07 | AV9: =Wajir!E20 -> -207343.62 | AW9: ='West Pokot'!E20 -> 11914.725
A10: 5 | B10: Open Grassland | C10: =Baringo!E21 -> -7593.315 | D10: =Bomet!E21 -> -77761.68 | E10: =Bungoma!E21 -> -25958.88 | F10: =Busia!E21 -> -1421.1 | G10: ='Elgeyo-Marakwet'!E21 -> -25356.405 | H10: =Embu!E21 -> -3403.335 | I10: =Garissa!E21 -> 265310.35 | J10: ='Homa Bay'!E21 -> -32805.465 | K10: =Isiolo!E21 -> 171973.41 | L10: =Kajiado!E21 -> 35938.29 | M10: =Kakamega!E21 -> -26513.28 | N10: =Kericho!E21 -> -42596.925 | O10: =Kiambu!E21 -> -14781.57 | P10: =Kilifi!E21 -> -574.695 | Q10: =Kirinyaga!E21 -> -2858.745 | R10: =Kisii!E21 -> -13547.205 | S10: =Kisumu!E21 -> -19094.46 | T10: =Kitui!E21 -> -10428.285 | U10: =Kwale!E21 -> 26415.225 | V10: =Laikipia!E21 -> -35900.595 | W10: =Lamu!E21 -> -1169.64 | X10: =Machakos!E21 -> -32208.765 | Y10: =Makueni!E21 -> -1670.34 | Z10: =Mandera!E21 -> 127775.19 | AA10: =Marsabit!E21 -> 190635.81 | AB10: =Meru!E21 -> -25624.92 | AC10: =Migori!E21 -> -39489.33 | AD10: =Mombasa!E21 -> 1758.3 | AE10: ='Murang''a'!E21 -> -13379.445 | AF10: =Nairobi!E21 -> -9368.94 | AG10: =Nakuru!E21 -> -94366.65 | AH10: =Nandi!E21 -> -40678.62 | AI10: =Narok!E21 -> -131201.85 | AJ10: =Nyamira!E21 -> -14484.255 | AK10: =Nyandarua!E21 -> -64025.61 | AL10: =Nyeri!E21 -> -39292.335 | AM10: =Samburu!E21 -> 74526.765 | AN10: =Siaya!E21 -> -23427.045 | AO10: ='Taita Taveta'!E21 -> 25809.015 | AP10: ='Tana River'!E21 -> -35516.685 | AQ10: ='Tharaka-Nithi'!E21 -> -231.255 | AR10: ='Trans Nzoia'!E21 -> -30123.675 | AS10: =Turkana!E21 -> 302545.78 | AT10: ='Uasin Gishu'!E21 -> -55631.7 | AU10: =Vihiga!E21 -> -456.045 | AV10: =Wajir!E21 -> 234473.11 | AW10: ='West Pokot'!E21 -> -33925.785
A11: 6 | B11: Perennial Cropland | C11: =Baringo!E22 -> 1012.905 | D11: =Bomet!E22 -> 5249.28 | E11: =Bungoma!E22 -> -3022.68 | F11: =Busia!E22 -> 467.58 | G11: ='Elgeyo-Marakwet'!E22 -> 629.385 | H11: =Embu!E22 -> 6524.61 | I11: =Garissa!E22 -> 0 | J11: ='Homa Bay'!E22 -> 92.43 | K11: =Isiolo!E22 -> 0.73166667 | L11: =Kajiado!E22 -> 535.425 | M11: =Kakamega!E22 -> -9163.77 | N11: =Kericho!E22 -> 6672.075 | O11: =Kiambu!E22 -> -10570.215 | P11: =Kilifi!E22 -> 1947.03 | Q11: =Kirinyaga!E22 -> 3735.015 | R11: =Kisii!E22 -> 2256.225 | S11: =Kisumu!E22 -> -273.69 | T11: =Kitui!E22 -> 82.605 | U11: =Kwale!E22 -> 748.68 | V11: =Laikipia!E22 -> 60.855 | W11: =Lamu!E22 -> 4.0166667 | X11: =Machakos!E22 -> 270.51 | Y11: =Makueni!E22 -> 1205.43 | Z11: =Mandera!E22 -> 0 | AA11: =Marsabit!E22 -> 0 | AB11: =Meru!E22 -> 9344.61 | AC11: =Migori!E22 -> 8205.765 | AD11: =Mombasa!E22 -> 0.435 | AE11: ='Murang''a'!E22 -> 6079.98 | AF11: =Nairobi!E22 -> -733.635 | AG11: =Nakuru!E22 -> -1800.255 | AH11: =Nandi!E22 -> 6139.62 | AI11: =Narok!E22 -> 6052.59 | AJ11: =Nyamira!E22 -> 2548.38 | AK11: =Nyandarua!E22 -> 205.875 | AL11: =Nyeri!E22 -> 12985.77 | AM11: =Samburu!E22 -> 0 | AN11: =Siaya!E22 -> -280.38 | AO11: ='Taita Taveta'!E22 -> 3389.115 | AP11: ='Tana River'!E22 -> 9.9566667 | AQ11: ='Tharaka-Nithi'!E22 -> 3071.37 | AR11: ='Trans Nzoia'!E22 -> 406.125 | AS11: =Turkana!E22 -> 0 | AT11: ='Uasin Gishu'!E22 -> 180.135 | AU11: =Vihiga!E22 -> -70.71 | AV11: =Wajir!E22 -> 0 | AW11: ='West Pokot'!E22 -> 946.23
A12: 7 | B12: Annual Cropland | C12: =Baringo!E23 -> 36084.03 | D12: =Bomet!E23 -> 65497.155 | E12: =Bungoma!E23 -> 65344.59 | F12: =Busia!E23 -> 31393.545 | G12: ='Elgeyo-Marakwet'!E23 -> 72966.945 | H12: =Embu!E23 -> 52849.74 | I12: =Garissa!E23 -> 709.185 | J12: ='Homa Bay'!E23 -> 59349.9 | K12: =Isiolo!E23 -> 1286.37 | L12: =Kajiado!E23 -> 34751.115 | M12: =Kakamega!E23 -> 63080.52 | N12: =Kericho!E23 -> 73257.3 | O12: =Kiambu!E23 -> 32953.545 | P12: =Kilifi!E23 -> 69534.465 | Q12: =Kirinyaga!E23 -> 14828.88 | R12: =Kisii!E23 -> 5193.015 | S12: =Kisumu!E23 -> 41251.11 | T12: =Kitui!E23 -> 379650.06 | U12: =Kwale!E23 -> 98631.525 | V12: =Laikipia!E23 -> 58156.14 | W12: =Lamu!E23 -> 10838.835 | X12: =Machakos!E23 -> 117917.25 | Y12: =Makueni!E23 -> 151878.64 | Z12: =Mandera!E23 -> 2403.9 | AA12: =Marsabit!E23 -> 3124.995 | AB12: =Meru!E23 -> 79896.225 | AC12: =Migori!E23 -> 69361.185 | AD12: =Mombasa!E23 -> 2359.77 | AE12: ='Murang''a'!E23 -> 31241.37 | AF12: =Nairobi!E23 -> 6491.28 | AG12: =Nakuru!E23 -> 127108.78 | AH12: =Nandi!E23 -> 58834.275 | AI12: =Narok!E23 -> 198571.65 | AJ12: =Nyamira!E23 -> 7799.085 | AK12: =Nyandarua!E23 -> 71082.105 | AL12: =Nyeri!E23 -> 29379.255 | AM12: =Samburu!E23 -> 1122.765 | AN12: =Siaya!E23 -> 65980.185 | AO12: ='Taita Taveta'!E23 -> 25232.415 | AP12: ='Tana River'!E23 -> 16285.47 | AQ12: ='Tharaka-Nithi'!E23 -> 35644.8 | AR12: ='Trans Nzoia'!E23 -> 88679.79 | AS12: =Turkana!E23 -> 1226.01 | AT12: ='Uasin Gishu'!E23 -> 109861.38 | AU12: =Vihiga!E23 -> 7072.515 | AV12: =Wajir!E23 -> 0 | AW12: ='West Pokot'!E23 -> 48374.1
A13: 8 | B13: Vegetated Wetland | C13: =Baringo!E24 -> 185.475 | D13: =Bomet!E24 -> -16.83 | E13: =Bungoma!E24 -> 9.99 | F13: =Busia!E24 -> 2357.76 | G13: ='Elgeyo-Marakwet'!E24 -> -105.33 | H13: =Embu!E24 -> 10.14 | I13: =Garissa!E24 -> -18.12 | J13: ='Homa Bay'!E24 -> 2410.05 | K13: =Isiolo!E24 -> 130.785 | L13: =Kajiado!E24 -> -1290.735 | M13: =Kakamega!E24 -> 66.27 | N13: =Kericho!E24 -> -23.1 | O13: =Kiambu!E24 -> -103.53 | P13: =Kilifi!E24 -> 1267.83 | Q13: =Kirinyaga!E24 -> 17.055 | R13: =Kisii!E24 -> 14.715 | S13: =Kisumu!E24 -> 2466.99 | T13: =Kitui!E24 -> 168.44667 | U13: =Kwale!E24 -> 0.585 | V13: =Laikipia!E24 -> -400.89 | W13: =Lamu!E24 -> 293.205 | X13: =Machakos!E24 -> -20.4 | Y13: =Makueni!E24 -> -10.74 | Z13: =Mandera!E24 -> 0 | AA13: =Marsabit!E24 -> 691.41 | AB13: =Meru!E24 -> 182.97 | AC13: =Migori!E24 -> -214.41 | AD13: =Mombasa!E24 -> 0 | AE13: ='Murang''a'!E24 -> -61.38 | AF13: =Nairobi!E24 -> 6.72 | AG13: =Nakuru!E24 -> -30.855 | AH13: =Nandi!E24 -> 21.45 | AI13: =Narok!E24 -> 148.59 | AJ13: =Nyamira!E24 -> -3.72 | AK13: =Nyandarua!E24 -> 413.55 | AL13: =Nyeri!E24 -> -17.52 | AM13: =Samburu!E24 -> 5.835 | AN13: =Siaya!E24 -> 2437.8 | AO13: ='Taita Taveta'!E24 -> 764.565 | AP13: ='Tana River'!E24 -> 951.15 | AQ13: ='Tharaka-Nithi'!E24 -> 5.925 | AR13: ='Trans Nzoia'!E24 -> -7.5 | AS13: =Turkana!E24 -> 7180.77 | AT13: ='Uasin Gishu'!E24 -> -391.965 | AU13: =Vihiga!E24 -> -36.135 | AV13: =Wajir!E24 -> 0 | AW13: ='West Pokot'!E24 -> 49.106667
A14: 9 | B14: Open Water | C14: =Baringo!E25 -> 6528.93 | D14: =Bomet!E25 -> 77.73 | E14: =Bungoma!E25 -> 77.76 | F14: =Busia!E25 -> -47.055 | G14: ='Elgeyo-Marakwet'!E25 -> 146.535 | H14: =Embu!E25 -> -1377.09 | I14: =Garissa!E25 -> 367.485 | J14: ='Homa Bay'!E25 -> -564.84 | K14: =Isiolo!E25 -> -171.285 | L14: =Kajiado!E25 -> -1453.395 | M14: =Kakamega!E25 -> 250.245 | N14: =Kericho!E25 -> 126.03 | O14: =Kiambu!E25 -> -248.64 | P14: =Kilifi!E25 -> 1008.465 | Q14: =Kirinyaga!E25 -> -164.835 | R14: =Kisii!E25 -> -25.725 | S14: =Kisumu!E25 -> -1499.385 | T14: =Kitui!E25 -> 425.91 | U14: =Kwale!E25 -> 193.245 | V14: =Laikipia!E25 -> 138.795 | W14: =Lamu!E25 -> -419.985 | X14: =Machakos!E25 -> -1768.41 | Y14: =Makueni!E25 -> 421.2 | Z14: =Mandera!E25 -> 988.005 | AA14: =Marsabit!E25 -> 5076.18 | AB14: =Meru!E25 -> 56.52 | AC14: =Migori!E25 -> -344.265 | AD14: =Mombasa!E25 -> 210.18 | AE14: ='Murang''a'!E25 -> -166.8 | AF14: =Nairobi!E25 -> -52.26 | AG14: =Nakuru!E25 -> 4083.6 | AH14: =Nandi!E25 -> 31.5 | AI14: =Narok!E25 -> 929.34 | AJ14: =Nyamira!E25 -> 3.345 | AK14: =Nyandarua!E25 -> 1055.85 | AL14: =Nyeri!E25 -> 43.74 | AM14: =Samburu!E25 -> -9.075 | AN14: =Siaya!E25 -> -25.14 | AO14: ='Taita Taveta'!E25 -> 685.275 | AP14: ='Tana River'!E25 -> -3595.275 | AQ14: ='Tharaka-Nithi'!E25 -> 176.985 | AR14: ='Trans Nzoia'!E25 -> 73.155 | AS14: =Turkana!E25 -> 3446.535 | AT14: ='Uasin Gishu'!E25 -> 49.125 | AU14: =Vihiga!E25 -> 13.095 | AV14: =Wajir!E25 -> 235.935 | AW14: ='West Pokot'!E25 -> 1565.595
A15: 10 | B15: Other land | C15: =Baringo!E26 -> -12249.57 | D15: =Bomet!E26 -> 78.81 | E15: =Bungoma!E26 -> 3272.835 | F15: =Busia!E26 -> 760.275 | G15: ='Elgeyo-Marakwet'!E26 -> 674.52 | H15: =Embu!E26 -> 440.385 | I15: =Garissa!E26 -> -14538.63 | J15: ='Homa Bay'!E26 -> 1151.58 | K15: =Isiolo!E26 -> -98570.67 | L15: =Kajiado!E26 -> -10508.22 | M15: =Kakamega!E26 -> 830.145 | N15: =Kericho!E26 -> 1016.805 | O15: =Kiambu!E26 -> 711.33 | P15: =Kilifi!E26 -> 7185.57 | Q15: =Kirinyaga!E26 -> 678.27 | R15: =Kisii!E26 -> 1031.67 | S15: =Kisumu!E26 -> 3002.085 | T15: =Kitui!E26 -> 5684.97 | U15: =Kwale!E26 -> 2049.21 | V15: =Laikipia!E26 -> 1797.105 | W15: =Lamu!E26 -> 1396.32 | X15: =Machakos!E26 -> 2226.87 | Y15: =Makueni!E26 -> 1395.42 | Z15: =Mandera!E26 -> -13132.185 | AA15: =Marsabit!E26 -> -123169.1 | AB15: =Meru!E26 -> 2614.575 | AC15: =Migori!E26 -> 1272.84 | AD15: =Mombasa!E26 -> 2196.375 | AE15: ='Murang''a'!E26 -> 401.1 | AF15: =Nairobi!E26 -> 4295.37 | AG15: =Nakuru!E26 -> 4331.04 | AH15: =Nandi!E26 -> 347.955 | AI15: =Narok!E26 -> 724.545 | AJ15: =Nyamira!E26 -> 291.405 | AK15: =Nyandarua!E26 -> 919.845 | AL15: =Nyeri!E26 -> 935.025 | AM15: =Samburu!E26 -> -22694.175 | AN15: =Siaya!E26 -> 1365.585 | AO15: ='Taita Taveta'!E26 -> 37.71 | AP15: ='Tana River'!E26 -> 5980.56 | AQ15: ='Tharaka-Nithi'!E26 -> 437.445 | AR15: ='Trans Nzoia'!E26 -> 1648.365 | AS15: =Turkana!E26 -> -45275.895 | AT15: ='Uasin Gishu'!E26 -> 2614.755 | AU15: =Vihiga!E26 -> 56.19 | AV15: =Wajir!E26 -> -12175.395 | AW15: ='West Pokot'!E26 -> -3716.55
C16: =SUM(C6:C15) -> 0 | D16: =SUM(D6:D15) -> 8.8107299e-13 | E16: =SUM(E6:E15) -> 8.1854523e-12 | F16: =SUM(F6:F15) -> -1.0459189e-11 | G16: =SUM(G6:G15) -> 2.3305802e-11 | H16: =SUM(H6:H15) -> 9.3223207e-12 | I16: =SUM(I6:I15) -> -4.0017767e-11 | J16: =SUM(J6:J15) -> -5.0022209e-12 | ... AW16: =SUM(AW6:AW15) -> -0.033333333
A18: As % of opening area
A19: Sleek Class | B19: Land Cover
A20: 1 | B20: Dense Forest | C20: =Baringo!E31 -> -7.7857044 | D20: =Bomet!E31 -> -4.9474047 | E20: =Bungoma!E31 -> -8.5527286 | F20: =Busia!E31 -> -76.148054 | G20: ='Elgeyo-Marakwet'!E31 -> -5.498503 | H20: =Embu!E31 -> -12.139047 | I20: =Garissa!E31 -> -21.217611 | J20: ='Homa Bay'!E31 -> -28.318952 | K20: =Isiolo!E31 -> 97.899734 | L20: =Kajiado!E31 -> -18.772779 | M20: =Kakamega!E31 -> 4.2121304 | N20: =Kericho!E31 -> -15.757194 | O20: =Kiambu!E31 -> 20.237587 | P20: =Kilifi!E31 -> -10.951394 | Q20: =Kirinyaga!E31 -> 3.8834847 | R20: =Kisii!E31 -> 38.324439 | S20: =Kisumu!E31 -> -22.503374 | T20: =Kitui!E31 -> 0.054436748 | U20: =Kwale!E31 -> -25.671948 | V20: =Laikipia!E31 -> -17.62957 | W20: =Lamu!E31 -> 27.734529 | X20: =Machakos!E31 -> 232.97095 | Y20: =Makueni!E31 -> -42.31946 | Z20: =Mandera!E31 -> -22.333231 | AA20: =Marsabit!E31 -> 36.917864 | AB20: =Meru!E31 -> -8.5898395 | AC20: =Migori!E31 -> -79.183404 | AD20: =Mombasa!E31 -> -77.597225 | AE20: ='Murang''a'!E31 -> 14.291217 | AF20: =Nairobi!E31 -> -8.8036312 | AG20: =Nakuru!E31 -> -47.519563 | AH20: =Nandi!E31 -> 8.2060991 | AI20: =Narok!E31 -> -40.685898 | AJ20: =Nyamira!E31 -> 45.100513 | AK20: =Nyandarua!E31 -> 12.203636 | AL20: =Nyeri!E31 -> 2.0174159 | AM20: =Samburu!E31 -> 74.925415 | AN20: =Siaya!E31 -> -40.530973 | AO20: ='Taita Taveta'!E31 -> -32.246142 | AP20: ='Tana River'!E31 -> 21.871675 | AQ20: ='Tharaka-Nithi'!E31 -> -17.959942 | AR20: ='Trans Nzoia'!E31 -> -7.8931964 | AS20: =Turkana!E31 -> -25.699849 | AT20: ='Uasin Gishu'!E31 -> -30.477832 | AU20: =Vihiga!E31 -> 44.206028 | AV20: =Wajir!E31 -> 44.363017 | AW20: ='West Pokot'!E31 -> -25.151185
A21: 2 | B21: Moderate Forest | C21: =Baringo!E32 -> 10.282321 | D21: =Bomet!E32 -> 121.8308 | E21: =Bungoma!E32 -> 185.69916 | F21: =Busia!E32 -> 153.8739 | G21: ='Elgeyo-Marakwet'!E32 -> -84.119988 | H21: =Embu!E32 -> -33.686627 | I21: =Garissa!E32 -> -25.408478 | J21: ='Homa Bay'!E32 -> 565.37561 | K21: =Isiolo!E32 -> 667.82288 | L21: =Kajiado!E32 -> 1.4111403 | M21: =Kakamega!E32 -> -6.1092816 | N21: =Kericho!E32 -> 55.862134 | O21: =Kiambu!E32 -> -61.117145 | P21: =Kilifi!E32 -> -34.313294 | Q21: =Kirinyaga!E32 -> 182.31181 | R21: =Kisii!E32 -> 537.12057 | S21: =Kisumu!E32 -> 194.58516 | T21: =Kitui!E32 -> -4.2023086 | U21: =Kwale!E32 -> -34.507407 | V21: =Laikipia!E32 -> 262.5572 | W21: =Lamu!E32 -> -44.483401 | X21: =Machakos!E32 -> -13.204961 | Y21: =Makueni!E32 -> 79.076523 | Z21: =Mandera!E32 -> 416.31064 | AA21: =Marsabit!E32 -> 9.5472792 | AB21: =Meru!E32 -> 251.14211 | AC21: =Migori!E32 -> 533.90839 | AD21: =Mombasa!E32 -> 19.774436 | AE21: ='Murang''a'!E32 -> -67.958965 | AF21: =Nairobi!E32 -> -23.876746 | AG21: =Nakuru!E32 -> 8.1202892 | AH21: =Nandi!E32 -> 1.23419 | AI21: =Narok!E32 -> -32.935378 | AJ21: =Nyamira!E32 -> 1380.7282 | AK21: =Nyandarua!E32 -> -45.298521 | AL21: =Nyeri!E32 -> 72.175442 | AM21: =Samburu!E32 -> 6.5450039 | AN21: =Siaya!E32 -> -16.988306 | AO21: ='Taita Taveta'!E32 -> 105.98652 | AP21: ='Tana River'!E32 -> -32.834001 | AQ21: ='Tharaka-Nithi'!E32 -> -17.234358 | AR21: ='Trans Nzoia'!E32 -> 59.375918 | AS21: =Turkana!E32 -> 0.10728464 | AT21: ='Uasin Gishu'!E32 -> -47.431867 | AU21: =Vihiga!E32 -> -48.085388 | AV21: =Wajir!E32 -> 30.290583 | AW21: ='West Pokot'!E32 -> -25.162854
A22: 3 | B22: Open Forest | C22: =Baringo!E33 -> -63.399606 | D22: =Bomet!E33 -> 19.17967 | E22: =Bungoma!E33 -> -6.1590018 | F22: =Busia!E33 -> 5668.7097 | G22: ='Elgeyo-Marakwet'!E33 -> -22.900555 | H22: =Embu!E33 -> -99.611399 | I22: =Garissa!E33 -> -80.323946 | J22: ='Homa Bay'!E33 -> 93.45172 | K22: =Isiolo!E33 -> -31.195464 | L22: =Kajiado!E33 -> -32.051924 | M22: =Kakamega!E33 -> 454.29688 | N22: =Kericho!E33 -> 24.114522 | O22: =Kiambu!E33 -> -95.279306 | P22: =Kilifi!E33 -> 70.486114 | Q22: =Kirinyaga!E33 -> -99.815043 | R22: =Kisii!E33 -> -60.788697 | S22: =Kisumu!E33 -> 4031.1765 | T22: =Kitui!E33 -> 410.71105 | U22: =Kwale!E33 -> -46.080094 | V22: =Laikipia!E33 -> -28.726659 | W22: =Lamu!E33 -> -31.27106 | X22: =Machakos!E33 -> -31.17295 | Y22: =Makueni!E33 -> 29.546089 | Z22: =Mandera!E33 -> 251.9405 | AA22: =Marsabit!E33 -> -7.5550842 | AB22: =Meru!E33 -> -83.471678 | AC22: =Migori!E33 -> 234.01962 | AD22: =Mombasa!E33 -> -34.707646 | AE22: ='Murang''a'!E33 -> -99.581301 | AF22: =Nairobi!E33 -> -91.186646 | AG22: =Nakuru!E33 -> -23.560241 | AH22: =Nandi!E33 -> 251.69808 | AI22: =Narok!E33 -> -22.318324 | AJ22: =Nyamira!E33 -> -52.765556 | AK22: =Nyandarua!E33 -> -75.233138 | AL22: =Nyeri!E33 -> -75.273064 | AM22: =Samburu!E33 -> 25.179302 | AN22: =Siaya!E33 -> 262300 | AO22: ='Taita Taveta'!E33 -> -10.581976 | AP22: ='Tana River'!E33 -> 51.193456 | AQ22: ='Tharaka-Nithi'!E33 -> -78.897861 | AR22: ='Trans Nzoia'!E33 -> -42.105301 | AS22: =Turkana!E33 -> 13.316543 | AT22: ='Uasin Gishu'!E33 -> 115.77292 | AU22: =Vihiga!E33 -> 35682.5 | AV22: =Wajir!E33 -> -77.234447 | AW22: ='West Pokot'!E33 -> -19.388331
A23: 4 | B23: Wooded Grassland | C23: =Baringo!E34 -> -1.7163393 | D23: =Bomet!E34 -> -2.5835154 | E23: =Bungoma!E34 -> -70.993233 | F23: =Busia!E34 -> -57.2192 | G23: ='Elgeyo-Marakwet'!E34 -> -18.621626 | H23: =Embu!E34 -> -38.797032 | I23: =Garissa!E34 -> -4.4649948 | J23: ='Homa Bay'!E34 -> -33.718053 | K23: =Isiolo!E34 -> -8.6262412 | L23: =Kajiado!E34 -> -3.396916 | M23: =Kakamega!E34 -> -56.714243 | N23: =Kericho!E34 -> -66.931389 | O23: =Kiambu!E34 -> -15.352005 | P23: =Kilifi!E34 -> -3.7258109 | Q23: =Kirinyaga!E34 -> -54.230871 | R23: =Kisii!E34 -> 37.400453 | S23: =Kisumu!E34 -> -48.226592 | T23: =Kitui!E34 -> -18.131389 | U23: =Kwale!E34 -> -15.440557 | V23: =Laikipia!E34 -> -5.2685752 | W23: =Lamu!E34 -> 0.50089531 | X23: =Machakos!E34 -> -30.859526 | Y23: =Makueni!E34 -> -27.318157 | Z23: =Mandera!E34 -> -4.8166716 | AA23: =Marsabit!E34 -> -3.528494 | AB23: =Meru!E34 -> -23.072874 | AC23: =Migori!E34 -> -55.383182 | AD23: =Mombasa!E34 -> -40.272908 | AE23: ='Murang''a'!E34 -> -50.153437 | AF23: =Nairobi!E34 -> 2.7704355 | AG23: =Nakuru!E34 -> -1.0244462 | AH23: =Nandi!E34 -> -57.937337 | AI23: =Narok!E34 -> 8.8319446 | AJ23: =Nyamira!E34 -> 15.709953 | AK23: =Nyandarua!E34 -> -20.765091 | AL23: =Nyeri!E34 -> -12.779499 | AM23: =Samburu!E34 -> -9.9374379 | AN23: =Siaya!E34 -> -57.31039 | AO23: ='Taita Taveta'!E34 -> -3.7616616 | AP23: ='Tana River'!E34 -> 0.46665589 | AQ23: ='Tharaka-Nithi'!E34 -> -26.593224 | AR23: ='Trans Nzoia'!E34 -> -71.623812 | AS23: =Turkana!E34 -> -9.2236226 | AT23: ='Uasin Gishu'!E34 -> -61.438967 | AU23: =Vihiga!E34 -> -66.229708 | AV23: =Wajir!E34 -> -5.0237619 | AW23: ='West Pokot'!E34 -> 1.7716348
A24: 5 | B24: Open Grassland | C24: =Baringo!E35 -> -8.966167 | D24: =Bomet!E35 -> -81.540375 | E24: =Bungoma!E35 -> -46.830827 | F24: =Busia!E35 -> -11.370756 | G24: ='Elgeyo-Marakwet'!E35 -> -48.542402 | H24: =Embu!E35 -> -27.31391 | I24: =Garissa!E35 -> 73.54663 | J24: ='Homa Bay'!E35 -> -43.909743 | K24: =Isiolo!E35 -> 20.806107 | L24: =Kajiado!E35 -> 5.454033 | M24: =Kakamega!E35 -> -59.398578 | N24: =Kericho!E35 -> -76.353148 | O24: =Kiambu!E35 -> -32.002949 | P24: =Kilifi!E35 -> -1.358565 | Q24: =Kirinyaga!E35 -> -42.810516 | R24: =Kisii!E35 -> -76.21648 | S24: =Kisumu!E35 -> -54.620239 | T24: =Kitui!E35 -> -15.632496 | U24: =Kwale!E35 -> 74.980776 | V24: =Laikipia!E35 -> -10.02647 | W24: =Lamu!E35 -> -7.4432563 | X24: =Machakos!E35 -> -28.410104 | Y24: =Makueni!E35 -> -4.4970919 | Z24: =Mandera!E35 -> 104.89571 | AA24: =Marsabit!E35 -> 15.642251 | AB24: =Meru!E35 -> -19.674838 | AC24: =Migori!E35 -> -55.28795 | AD24: =Mombasa!E35 -> 388.60894 | AE24: ='Murang''a'!E35 -> -77.229845 | AF24: =Nairobi!E35 -> -35.295168 | AG24: =Nakuru!E35 -> -42.020499 | AH24: =Nandi!E35 -> -68.962897 | AI24: =Narok!E35 -> -18.496401 | AJ24: =Nyamira!E35 -> -82.536164 | AK24: =Nyandarua!E35 -> -59.785184 | AL24: =Nyeri!E35 -> -55.14384 | AM24: =Samburu!E35 -> 23.804612 | AN24: =Siaya!E35 -> -52.986948 | AO24: ='Taita Taveta'!E35 -> 13.429546 | AP24: ='Tana River'!E35 -> -8.89306 | AQ24: ='Tharaka-Nithi'!E35 -> -2.7713962 | AR24: ='Trans Nzoia'!E35 -> -55.747511 | AS24: =Turkana!E35 -> 24.720375 | AT24: ='Uasin Gishu'!E35 -> -53.202037 | AU24: =Vihiga!E35 -> -14.499299 | AV24: =Wajir!E35 -> 17.261122 | AW24: ='West Pokot'!E35 -> -26.542284
A25: 6 | B25: Perennial Cropland | C25: =Baringo!E36 -> 112.23075 | D25: =Bomet!E36 -> 53.437087 | E25: =Bungoma!E36 -> -41.818401 | F25: =Busia!E36 -> 39.799801 | G25: ='Elgeyo-Marakwet'!E36 -> 249.99404 | H25: =Embu!E36 -> 66.424876 | I25: =Garissa!E36 -> 0 | J25: ='Homa Bay'!E36 -> 5.1056426 | K25: =Isiolo!E36 -> 2195 | L25: =Kajiado!E36 -> 200.1514 | M25: =Kakamega!E36 -> -62.932578 | N25: =Kericho!E36 -> 60.378529 | O25: =Kiambu!E36 -> -23.734576 | P25: =Kilifi!E36 -> 49.119049 | Q25: =Kirinyaga!E36 -> 34.113745 | R25: =Kisii!E36 -> 271.47782 | S25: =Kisumu!E36 -> -1.2969732 | T25: =Kitui!E36 -> 19667.857 | U25: =Kwale!E36 -> 29.884204 | V25: =Laikipia!E36 -> 114.34611 | W25: =Lamu!E36 -> 12050 | X25: =Machakos!E36 -> 16.985646 | Y25: =Makueni!E36 -> 23.633102 | Z25: =Mandera!E36 -> 0 | AA25: =Marsabit!E36 -> 0 | AB25: =Meru!E36 -> 32.453459 | AC25: =Migori!E36 -> 198.24423 | AD25: =Mombasa!E36 -> 38.157895 | AE25: ='Murang''a'!E36 -> 18.062408 | AF25: =Nairobi!E36 -> -48.837697 | AG25: =Nakuru!E36 -> -24.617862 | AH25: =Nandi!E36 -> 49.452326 | AI25: =Narok!E36 -> 758.18489 | AJ25: =Nyamira!E36 -> 94.704335 | AK25: =Nyandarua!E36 -> 50.810751 | AL25: =Nyeri!E36 -> 102.93031 | AM25: =Samburu!E36 -> 0 | AN25: =Siaya!E36 -> -29.934021 | AO25: ='Taita Taveta'!E36 -> 39.471055 | AP25: ='Tana River'!E36 -> 29870 | AQ25: ='Tharaka-Nithi'!E36 -> 61.07439 | AR25: ='Trans Nzoia'!E36 -> 131.29182 | AS25: =Turkana!E36 -> 0 | AT25: ='Uasin Gishu'!E36 -> 95.811393 | AU25: =Vihiga!E36 -> -29.286779 | AV25: =Wajir!E36 -> 0 | AW25: ='West Pokot'!E36 -> 2366.1665
A26: 7 | B26: Annual Cropland | C26: =Baringo!E37 -> 65.312861 | D26: =Bomet!E37 -> 102.79346 | E26: =Bungoma!E37 -> 45.349136 | F26: =Busia!E37 -> 33.735801 | G26: ='Elgeyo-Marakwet'!E37 -> 376.18614 | H26: =Embu!E37 -> 56.842567 | I26: =Garissa!E37 -> 2569.5109 | J26: ='Homa Bay'!E37 -> 42.27088 | K26: =Isiolo!E37 -> 669.46136 | L26: =Kajiado!E37 -> 238.31106 | M26: =Kakamega!E37 -> 38.188479 | N26: =Kericho!E37 -> 82.891197 | O26: =Kiambu!E37 -> 49.093616 | P26: =Kilifi!E37 -> 315.16081 | Q26: =Kirinyaga!E37 -> 23.280533 | R26: =Kisii!E37 -> 5.2003668 | S26: =Kisumu!E37 -> 44.221826 | T26: =Kitui!E37 -> 109.85951 | U26: =Kwale!E37 -> 322.75464 | V26: =Laikipia!E37 -> 114.44344 | W26: =Lamu!E37 -> 159.6409 | X26: =Machakos!E37 -> 65.988151 | Y26: =Makueni!E37 -> 88.225925 | Z26: =Mandera!E37 -> 363.05559 | AA26: =Marsabit!E37 -> 157.80412 | AB26: =Meru!E37 -> 55.321409 | AC26: =Migori!E37 -> 62.756917 | AD26: =Mombasa!E37 -> 157.38725 | AE26: ='Murang''a'!E37 -> 28.552334 | AF26: =Nairobi!E37 -> 62.321174 | AG26: =Nakuru!E37 -> 61.553778 | AH26: =Nandi!E37 -> 50.545574 | AI26: =Narok!E37 -> 148.26094 | AJ26: =Nyamira!E37 -> 13.563242 | AK26: =Nyandarua!E37 -> 77.115289 | AL26: =Nyeri!E37 -> 43.761641 | AM26: =Samburu!E37 -> 5278.6319 | AN26: =Siaya!E37 -> 53.959048 | AO26: ='Taita Taveta'!E37 -> 200.12527 | AP26: ='Tana River'!E37 -> 257.49774 | AQ26: ='Tharaka-Nithi'!E37 -> 45.557479 | AR26: ='Trans Nzoia'!E37 -> 108.57702 | AS26: =Turkana!E37 -> 519.60585 | AT26: ='Uasin Gishu'!E37 -> 86.10681 | AU26: =Vihiga!E37 -> 19.674452 | AV26: =Wajir!E37 -> 0 | AW26: ='West Pokot'!E37 -> 473.95617
A27: 8 | B27: Vegetated Wetland | C27: =Baringo!E38 -> 22.714748 | D27: =Bomet!E38 -> -100 | E27: =Bungoma!E38 -> 60.326087 | F27: =Busia!E38 -> 161.15816 | G27: ='Elgeyo-Marakwet'!E38 -> -100 | H27: =Embu!E38 -> 528.125 | I27: =Garissa!E38 -> -100 | J27: ='Homa Bay'!E38 -> 359.0712 | K27: =Isiolo!E38 -> 119.27497 | L27: =Kajiado!E38 -> -47.12638 | M27: =Kakamega!E38 -> 82.302534 | N27: =Kericho!E38 -> -100 | O27: =Kiambu!E38 -> -77.97108 | P27: =Kilifi!E38 -> 2412.1575 | Q27: =Kirinyaga!E38 -> 42.2049 | R27: =Kisii!E38 -> 908.33333 | S27: =Kisumu!E38 -> 52.99884 | T27: =Kitui!E38 -> 505340 | U27: =Kwale!E38 -> 0 | V27: =Laikipia!E38 -> -45.581062 | W27: =Lamu!E38 -> 221.37033 | X27: =Machakos!E38 -> -76.404494 | Y27: =Makueni!E38 -> -98.351648 | Z27: =Mandera!E38 -> 0 | AA27: =Marsabit!E38 -> 74.465267 | AB27: =Meru!E38 -> 185.4927 | AC27: =Migori!E38 -> -24.830629 | AD27: =Mombasa!E38 -> 0 | AE27: ='Murang''a'!E38 -> -76.116071 | AF27: =Nairobi!E38 -> 22.4 | AG27: =Nakuru!E38 -> -2.8575795 | AH27: =Nandi!E38 -> 12.211785 | AI27: =Narok!E38 -> 644.92187 | AJ27: =Nyamira!E38 -> -67.391304 | AK27: =Nyandarua!E38 -> 63.997214 | AL27: =Nyeri!E38 -> -61.668427 | AM27: =Samburu!E38 -> 55.09915 | AN27: =Siaya!E38 -> 92.265419 | AO27: ='Taita Taveta'!E38 -> 22.649349 | AP27: ='Tana River'!E38 -> 58.920275 | AQ27: ='Tharaka-Nithi'!E38 -> 184.57944 | AR27: ='Trans Nzoia'!E38 -> -98.814229 | AS27: =Turkana!E38 -> 256.69076 | AT27: ='Uasin Gishu'!E38 -> -96.488443 | AU27: =Vihiga!E38 -> -60.558069 | AV27: =Wajir!E38 -> 0 | AW27: ='West Pokot'!E38 -> 147320
A28: 9 | B28: Open Water | C28: =Baringo!E39 -> 40.19255 | D28: =Bomet!E39 -> 3159.7561 | E28: =Bungoma!E39 -> 138.01917 | F28: =Busia!E39 -> -0.32952581 | G28: ='Elgeyo-Marakwet'!E39 -> 449.35603 | H28: =Embu!E39 -> -27.752888 | I28: =Garissa!E39 -> 159.29129 | J28: ='Homa Bay'!E39 -> -0.34438482 | K28: =Isiolo!E39 -> -15.071404 | L28: =Kajiado!E39 -> -14.528429 | M28: =Kakamega!E39 -> 56.399594 | N28: =Kericho!E39 -> 204.22946 | O28: =Kiambu!E39 -> -41.652427 | P28: =Kilifi!E39 -> 26.669232 | Q28: =Kirinyaga!E39 -> -51.78117 | R28: =Kisii!E39 -> -82.53128 | S28: =Kisumu!E39 -> -2.5858813 | T28: =Kitui!E39 -> 11.271038 | U28: =Kwale!E39 -> 90.508641 | V28: =Laikipia!E39 -> 29.712286 | W28: =Lamu!E39 -> -25.590897 | X28: =Machakos!E39 -> -21.422575 | Y28: =Makueni!E39 -> 43.960173 | Z28: =Mandera!E39 -> 6962.685 | AA28: =Marsabit!E39 -> 1.0321231 | AB28: =Meru!E39 -> 39.974539 | AC28: =Migori!E39 -> -0.62182093 | AD28: =Mombasa!E39 -> 50.075048 | AE28: ='Murang''a'!E39 -> -18.043746 | AF28: =Nairobi!E39 -> -14.939966 | AG28: =Nakuru!E39 -> 21.804179 | AH28: =Nandi!E39 -> 127.73723 | AI28: =Narok!E39 -> 1905.1661 | AJ28: =Nyamira!E39 -> 9.0798046 | AK28: =Nyandarua!E39 -> 99.418096 | AL28: =Nyeri!E39 -> 44.262295 | AM28: =Samburu!E39 -> -2.4120884 | AN28: =Siaya!E39 -> -0.024708059 | AO28: ='Taita Taveta'!E39 -> 69.833384 | AP28: ='Tana River'!E39 -> -23.895761 | AQ28: ='Tharaka-Nithi'!E39 -> 68.710692 | AR28: ='Trans Nzoia'!E39 -> 309.45431 | AS28: =Turkana!E39 -> 1.5005456 | AT28: ='Uasin Gishu'!E39 -> 14.105435 | AU28: =Vihiga!E39 -> 74.615385 | AV28: =Wajir!E39 -> 2340.625 | AW28: ='West Pokot'!E39 -> 134.0487
A29: 10 | B29: Other land | C29: =Baringo!E40 -> -49.184808 | D29: =Bomet!E40 -> 255.79357 | E29: =Bungoma!E40 -> 316.6657 | F29: =Busia!E40 -> 256.45112 | G29: ='Elgeyo-Marakwet'!E40 -> 350.65502 | H29: =Embu!E40 -> 60.088007 | I29: =Garissa!E40 -> -28.326428 | J29: ='Homa Bay'!E40 -> 333.32754 | K29: =Isiolo!E40 -> -43.612274 | L29: =Kajiado!E40 -> -22.716934 | M29: =Kakamega!E40 -> 95.835354 | N29: =Kericho!E40 -> 392.46758 | O29: =Kiambu!E40 -> 40.893726 | P29: =Kilifi!E40 -> 200.95899 | Q29: =Kirinyaga!E40 -> 66.040602 | R29: =Kisii!E40 -> 3685.8521 | S29: =Kisumu!E40 -> 297.29501 | T29: =Kitui!E40 -> 97.26926 | U29: =Kwale!E40 -> 131.70407 | V29: =Laikipia!E40 -> 147.26989 | W29: =Lamu!E40 -> 40.603327 | X29: =Machakos!E40 -> 95.699091 | Y29: =Makueni!E40 -> 76.845809 | Z29: =Mandera!E40 -> -29.416336 | AA29: =Marsabit!E40 -> -3.7161246 | AB29: =Meru!E40 -> 18.252635 | AC29: =Migori!E40 -> 106.62981 | AD29: =Mombasa!E40 -> 80.355281 | AE29: ='Murang''a'!E40 -> 238.92066 | AF29: =Nairobi!E40 -> 65.717328 | AG29: =Nakuru!E40 -> 95.03209 | AH29: =Nandi!E40 -> 323.70918 | AI29: =Narok!E40 -> 28.835202 | AJ29: =Nyamira!E40 -> 2728.5112 | AK29: =Nyandarua!E40 -> 269.59905 | AL29: =Nyeri!E40 -> 69.551683 | AM29: =Samburu!E40 -> -18.006903 | AN29: =Siaya!E40 -> 145.4576 | AO29: ='Taita Taveta'!E40 -> 1.155161 | AP29: ='Tana River'!E40 -> 28.577818 | AQ29: ='Tharaka-Nithi'!E40 -> 42.688389 | AR29: ='Trans Nzoia'!E40 -> 266.5058 | AS29: =Turkana!E40 -> -1.9474793 | AT29: ='Uasin Gishu'!E40 -> 367.21508 | AU29: =Vihiga!E40 -> 42.860412 | AV29: =Wajir!E40 -> -8.4940452 | AW29: ='West Pokot'!E40 -> -38.064819

Sheet Baringo
A1: Sleek Class | B1: Land Cover | C1: 1990 | D1: 1995 | E1: 2000 | F1: 2002 | G1: 2003 | H1: 2004 | I1: 2005 | J1: 2006 | K1: 2007 | L1: 2008 | M1: 2009 | N1: 2010 | O1: 2011 | P1: 2012 | Q1: 2013 | R1: 2014 | S1: 2015 | T1: 2018
A2: 1 | B2: Dense Forest | C2: 65660.31 | D2: 66940.47 | E2: 50137.02 | F2: 49188.78 | G2: 62064.09 | H2: 66620.79 | I2: 58543.65 | J2: 55769.04 | K2: 63667.8 | L2: 65757.78 | M2: 60063.21 | N2: 61879.05 | O2: 53605.53 | P2: 58184.64 | Q2: 56399.94 | R2: 68647.41 | S2: 63722.52 | T2: 48617.73 | U2: =SUM(C2:T2) -> 1075469.8
A3: 2 | B3: Moderate Forest | C3: 12114.72 | D3: 11229.12 | E3: 11795.94 | F3: 12447.45 | G3: 14127.03 | H3: 8632.17 | I3: 10312.02 | J3: 11868.66 | K3: 19274.4 | L3: 21374.1 | M3: 11033.19 | N3: 15051.24 | O3: 27774.72 | P3: 30769.74 | Q3: 19000.26 | R3: 14753.16 | S3: 13753.35 | T3: 12081.96
A4: 3 | B4: Open Forest | C4: 5605.65 | D4: 12717.72 | E4: 11277.09 | F4: 17709.21 | G4: 12828.87 | H4: 22040.64 | I4: 18591.75 | J4: 16196.31 | K4: 14130.18 | L4: 16161.75 | M4: 11590.92 | N4: 15183.99 | O4: 8276.04 | P4: 13404.78 | Q4: 11655 | R4: 7324.65 | S4: 4596.66 | T4: 2625.93
A5: 4 | B5: Wooded Grassland | C5: 861771.15 | D5: 800888.04 | E5: 814971.6 | F5: 807094.71 | G5: 785359.17 | H5: 794836.71 | I5: 835436.61 | J5: 784490.13 | K5: 746630.91 | L5: 756973.89 | M5: 799511.67 | N5: 767950.2 | O5: 761107.86 | P5: 751866.3 | Q5: 791339.49 | R5: 805477.68 | S5: 814131.63 | T5: 809272.53
A6: 5 | B6: Open Grassland | C6: 75004.11 | D6: 90503.1 | E6: 88558.38 | F6: 84540.33 | G6: 86058.54 | H6: 86171.85 | I6: 56996.82 | J6: 92604.78 | K6: 108265.95 | L6: 95103.9 | M6: 85311.81 | N6: 100941.21 | O6: 105241.05 | P6: 110429.37 | Q6: 93768.03 | R6: 74674.98 | S6: 72522.36 | T6: 81668.07
A7: 6 | B7: Perennial Cropland | C7: 516.42 | D7: 1167.48 | E7: 1023.66 | F7: 2313.36 | G7: 1240.92 | H7: 2125.26 | I7: 3555.63 | J7: 1279.98 | K7: 186.84 | L7: 2554.38 | M7: 8182.17 | N7: 2634.93 | O7: 1430.82 | P7: 1989.36 | Q7: 2496.42 | R7: 3585.24 | S7: 2651.67 | T7: 1179.18
A8: 7 | B8: Annual Cropland | C8: 36639.18 | D8: 60773.13 | E8: 68331.6 | F8: 72384.66 | G8: 65922.12 | H8: 72889.38 | I8: 76331.07 | J8: 85949.46 | K8: 57360.51 | L8: 84051.72 | M8: 68963.58 | N8: 89517.06 | O8: 73397.7 | P8: 84984.3 | Q8: 78109.65 | R8: 71752.5 | S8: 85141.89 | T8: 97522.11
A9: 8 | B9: Vegetated Wetland | C9: 1450.35 | D9: 845.82 | E9: 153.45 | F9: 1067.13 | G9: 1385.1 | H9: 311.85 | I9: 881.64 | J9: 1892.7 | K9: 2792.34 | L9: 445.86 | M9: 28.08 | N9: 1.26 | O9: 926.01 | P9: 1265.58 | Q9: 639.99 | R9: 1891.53 | S9: 268.02 | T9: 1736.01
A10: 9 | B10: Open Water | C10: 17124.66 | D10: 15336.63 | E10: 16271.1 | F10: 15550.47 | G10: 15051.78 | H10: 16206.48 | I10: 17521.56 | J10: 16195.86 | K10: 17181.63 | L10: 19002.78 | M10: 17555.49 | N10: 17573.76 | O10: 18126.27 | P10: 18396.9 | Q10: 20764.53 | R10: 24003.9 | S10: 23033.34 | T10: 22512.78
A11: 10 | B11: Other land | C11: 15287.94 | D11: 30772.98 | E11: 28654.65 | F11: 28878.39 | G11: 47136.87 | H11: 21339.36 | I11: 13003.74 | J11: 24927.57 | K11: 61683.93 | L11: 29748.33 | M11: 28934.37 | N11: 20441.79 | O11: 41288.49 | P11: 19883.52 | Q11: 17001.18 | R11: 19063.44 | S11: 11353.05 | T11: 13958.19
C12: =SUM(C2:C11) -> 1091174.5
C14: Closing | D14: Opening
C15: moyenne 2015-2018 | D15: moyenne 1990-2000
A16: Sleek Class | B16: Land Cover
A17: 1 | B17: Dense Forest | C17: =AVERAGE(S2:T2) -> 56170.125 | D17: =AVERAGE(C2:E2) -> 60912.6 | E17: =C17-D17 -> -4742.475
A18: 2 | B18: Moderate Forest | C18: =AVERAGE(S3:T3) -> 12917.655 | D18: =AVERAGE(C3:E3) -> 11713.26 | E18: =C18-D18 -> 1204.395
A19: 3 | B19: Open Forest | C19: =AVERAGE(S4:T4) -> 3611.295 | D19: =AVERAGE(C4:E4) -> 9866.82 | E19: =C19-D19 -> -6255.525
A20: 4 | B20: Wooded Grassland | C20: =AVERAGE(S5:T5) -> 811702.08 | D20: =AVERAGE(C5:E5) -> 825876.93 | E20: =C20-D20 -> -14174.85
A21: 5 | B21: Open Grassland | C21: =AVERAGE(S6:T6) -> 77095.215 | D21: =AVERAGE(C6:E6) -> 84688.53 | E21: =C21-D21 -> -7593.315
A22: 6 | B22: Perennial Cropland | C22: =AVERAGE(S7:T7) -> 1915.425 | D22: =AVERAGE(C7:E7) -> 902.52 | E22: =C22-D22 -> 1012.905
A23: 7 | B23: Annual Cropland | C23: =AVERAGE(S8:T8) -> 91332 | D23: =AVERAGE(C8:E8) -> 55247.97 | E23: =C23-D23 -> 36084.03
A24: 8 | B24: Vegetated Wetland | C24: =AVERAGE(S9:T9) -> 1002.015 | D24: =AVERAGE(C9:E9) -> 816.54 | E24: =C24-D24 -> 185.475
A25: 9 | B25: Open Water | C25: =AVERAGE(S10:T10) -> 22773.06 | D25: =AVERAGE(C10:E10) -> 16244.13 | E25: =C25-D25 -> 6528.93
A26: 10 | B26: Other land | C26: =AVERAGE(S11:T11) -> 12655.62 | D26: =AVERAGE(C11:E11) -> 24905.19 | E26: =C26-D26 -> -12249.57
E27: =SUM(E17:E26) -> 0
C28: =SUM(C17:C27) -> 1091174.5 | D28: =SUM(D17:D27) -> 1091174.5 | E28: =SUM(E17:E27) -> 1.0913936e-11
A30: As % of opening area
B31: Dense Forest | E31: =(E17/D17)*100 -> -7.7857044
B32: Moderate Forest | E32: =(E18/D18)*100 -> 10.282321
B33: Open Forest | E33: =(E19/D19)*100 -> -63.399606
B34: Wooded Grassland | E34: =(E20/D20)*100 -> -1.7163393
B35: Open Grassland | E35: =(E21/D21)*100 -> -8.966167
B36: Perennial Cropland | E36: =(E22/D22)*100 -> 112.23075
B37: Annual Cropland | E37: =(E23/D23)*100 -> 65.312861
B38: Vegetated Wetland | E38: =(E24/D24)*100 -> 22.714748
B39: Open Water | E39: =(E25/D25)*100 -> 40.19255
B40: Other land | E40: =(E26/D26)*100 -> -49.184808

Sheet Bomet
A1: Sleek Class | B1: Land Cover | C1: 1990 | D1: 1995 | E1: 2000 | F1: 2002 | G1: 2003 | H1: 2004 | I1: 2005 | J1: 2006 | K1: 2007 | L1: 2008 | M1: 2009 | N1: 2010 | O1: 2011 | P1: 2012 | Q1: 2013 | R1: 2014 | S1: 2015 | T1: 2018
A2: 1 | B2: Dense Forest | C2: 43678.89 | D2: 60883.56 | E2: 34710.57 | F2: 48329.91 | G2: 33489.54 | H2: 47836.8 | I2: 46014.3 | J2: 36918.54 | K2: 34316.1 | L2: 37413.27 | M2: 37213.74 | N2: 38184.03 | O2: 39122.82 | P2: 35405.46 | Q2: 46830.15 | R2: 46380.51 | S2: 42571.26 | T2: 45683.82
A3: 2 | B3: Moderate Forest | C3: 8937.9 | D3: 276.03 | E3: 12057.12 | F3: 4130.01 | G3: 14799.78 | H3: 4051.35 | I3: 15087.33 | J3: 9618.57 | K3: 12088.62 | L3: 11363.04 | M3: 10740.69 | N3: 12306.87 | O3: 17016.66 | P3: 14594.76 | Q3: 18093.96 | R3: 16446.78 | S3: 14656.41 | T3: 16800.75
A4: 3 | B4: Open Forest | C4: 1602.09 | D4: 2078.37 | E4: 11581.56 | F4: 2469.33 | G4: 16191.36 | H4: 4591.53 | I4: 13665.69 | J4: 5448.06 | K4: 4230 | L4: 5537.88 | M4: 9326.25 | N4: 9740.79 | O4: 5144.04 | P4: 4784.31 | Q4: 3849.39 | R4: 9582.21 | S4: 5792.85 | T4: 6333.3
A5: 4 | B5: Wooded Grassland | C5: 15090.03 | D5: 10859.4 | E5: 25333.02 | F5: 18545.85 | G5: 41459.13 | H5: 41980.59 | I5: 13861.26 | J5: 25943.4 | K5: 19043.28 | L5: 49391.64 | M5: 29038.59 | N5: 38956.5 | O5: 4279.23 | P5: 38454.57 | Q5: 26989.2 | R5: 33105.42 | S5: 16027.65 | T5: 17277.39
A6: 5 | B6: Open Grassland | C6: 120441.87 | D6: 89968.41 | E6: 75687.3 | F6: 56433.78 | G6: 62067.96 | H6: 42049.71 | I6: 38476.44 | J6: 36039.24 | K6: 28606.77 | L6: 35299.71 | M6: 33148.98 | N6: 37316.07 | O6: 20153.43 | P6: 30712.14 | Q6: 32574.78 | R6: 33808.41 | S6: 20854.35 | T6: 14354.01
A7: 6 | B7: Perennial Cropland | C7: 8872.92 | D7: 8813.88 | E7: 11783.07 | F7: 10899.36 | G7: 10219.59 | H7: 12977.73 | I7: 15229.35 | J7: 13129.65 | K7: 11137.23 | L7: 11084.13 | M7: 10731.51 | N7: 12632.4 | O7: 14784.12 | P7: 12492.45 | Q7: 14084.1 | R7: 11841.48 | S7: 17149.41 | T7: 12995.73
A8: 7 | B8: Annual Cropland | C8: 46019.16 | D8: 71680.59 | E8: 73451.97 | F8: 103659.57 | G8: 66417.93 | H8: 90993.24 | I8: 101825.73 | J8: 117335.34 | K8: 134818.2 | L8: 94380.21 | M8: 113401.8 | N8: 95130.18 | O8: 144140.58 | P8: 108066.96 | Q8: 102002.85 | R8: 93329.91 | S8: 127480.68 | T8: 130948.11
A9: 8 | B9: Vegetated Wetland | C9: 1.44 | D9: 30.69 | E9: 18.36 | F9: 33.48 | G9: 3.96 | H9: 0 | I9: 8.19 | J9: 0.27 | K9: 340.11 | L9: 101.25 | M9: 913.5 | N9: 234.45 | O9: 0 | P9: 0 | Q9: 62.64 | R9: 15.12 | S9: 0 | T9: 0
A10: 9 | B10: Open Water | C10: 1.71 | D10: 2.79 | E10: 2.88 | F10: 75.06 | G10: 0.27 | H10: 38.52 | I10: 186.39 | J10: 35.19 | K10: 8.91 | L10: 38.43 | M10: 30.33 | N10: 28.8 | O10: 1.62 | P10: 1.53 | Q10: 40.23 | R10: 68.13 | S10: 55.71 | T10: 104.67
A11: 10 | B11: Other land | C11: 6.66 | D11: 58.95 | E11: 26.82 | F11: 76.32 | G11: 3.15 | H11: 133.2 | I11: 297.99 | J11: 184.41 | K11: 63.45 | L11: 43.11 | M11: 107.28 | N11: 122.58 | O11: 10.17 | P11: 140.49 | Q11: 125.37 | R11: 74.7 | S11: 64.35 | T11: 154.89
C12: =SUM(C2:C11) -> 244652.67
C15: moyenne 2015-2018 | D15: moyenne 1990-2000
A16: Sleek Class | B16: Land Cover
A17: 1 | B17: Dense Forest | C17: =AVERAGE(S2:T2) -> 44127.54 | D17: =AVERAGE(C2:E2) -> 46424.34 | E17: =C17-D17 -> -2296.8
A18: 2 | B18: Moderate Forest | C18: =AVERAGE(S3:T3) -> 15728.58 | D18: =AVERAGE(C3:E3) -> 7090.35 | E18: =C18-D18 -> 8638.23
A19: 3 | B19: Open Forest | C19: =AVERAGE(S4:T4) -> 6063.075 | D19: =AVERAGE(C4:E4) -> 5087.34 | E19: =C19-D19 -> 975.735
A20: 4 | B20: Wooded Grassland | C20: =AVERAGE(S5:T5) -> 16652.52 | D20: =AVERAGE(C5:E5) -> 17094.15 | E20: =C20-D20 -> -441.63
A21: 5 | B21: Open Grassland | C21: =AVERAGE(S6:T6) -> 17604.18 | D21: =AVERAGE(C6:E6) -> 95365.86 | E21: =C21-D21 -> -77761.68
A22: 6 | B22: Perennial Cropland | C22: =AVERAGE(S7:T7) -> 15072.57 | D22: =AVERAGE(C7:E7) -> 9823.29 | E22: =C22-D22 -> 5249.28
A23: 7 | B23: Annual Cropland | C23: =AVERAGE(S8:T8) -> 129214.39 | D23: =AVERAGE(C8:E8) -> 63717.24 | E23: =C23-D23 -> 65497.155
A24: 8 | B24: Vegetated Wetland | C24: =AVERAGE(S9:T9) -> 0 | D24: =AVERAGE(C9:E9) -> 16.83 | E24: =C24-D24 -> -16.83
A25: 9 | B25: Open Water | C25: =AVERAGE(S10:T10) -> 80.19 | D25: =AVERAGE(C10:E10) -> 2.46 | E25: =C25-D25 -> 77.73
A26: 10 | B26: Other land | C26: =AVERAGE(S11:T11) -> 109.62 | D26: =AVERAGE(C11:E11) -> 30.81 | E26: =C26-D26 -> 78.81
A30: As % of opening area
B31: Dense Forest | E31: =(E17/D17)*100 -> -4.9474047
B32: Moderate Forest | E32: =(E18/D18)*100 -> 121.8308
B33: Open Forest | E33: =(E19/D19)*100 -> 19.17967
B34: Wooded Grassland | E34: =(E20/D20)*100 -> -2.5835154
B35: Open Grassland | E35: =(E21/D21)*100 -> -81.540375
B36: Perennial Cropland | E36: =(E22/D22)*100 -> 53.437087
B37: Annual Cropland | E37: =(E23/D23)*100 -> 102.79346
B38: Vegetated Wetland | E38: =(E24/D24)*100 -> -100
B39: Open Water | E39: =(E25/D25)*100 -> 3159.7561
B40: Other land | E40: =(E26/D26)*100 -> 255.79357

Sheet Bungoma
A1: Sleek Class | B1: Land Cover | C1: 1990 | D1: 1995 | E1: 2000 | F1: 2002 | G1: 2003 | H1: 2004 | I1: 2005 | J1: 2006 | K1: 2007 | L1: 2008 | M1: 2009 | N1: 2010 | O1: 2011 | P1: 2012 | Q1: 2013 | R1: 2014 | S1: 2015 | T1: 2018
A2: 1 | B2: Dense Forest | C2: 28160.19 | D2: 26943.39 | E2: 24851.43 | F2: 29209.32 | G2: 24967.44 | H2: 37734.21 | I2: 23467.59 | J2: 23691.06 | K2: 27090.9 | L2: 29739.96 | M2: 25004.52 | N2: 27009.45 | O2: 27684 | P2: 28063.53 | Q2: 22875.93 | R2: 31058.46 | S2: 24553.26 | T2: 24191.19
A3: 2 | B3: Moderate Forest | C3: 512.64 | D3: 1660.95 | E3: 164.7 | F3: 26.91 | G3: 4.23 | H3: 0.27 | I3: 27.36 | J3: 23.49 | K3: 497.25 | L3: 1.17 | M3: 62.73 | N3: 1.35 | O3: 1169.46 | P3: 93.69 | Q3: 328.59 | R3: 280.53 | S3: 2328.39 | T3: 2125.26
A4: 3 | B4: Open Forest | C4: 13222.8 | D4: 17807.22 | E4: 11900.07 | F4: 13970.43 | G4: 10495.62 | H4: 10028.43 | I4: 9652.5 | J4: 13852.17 | K4: 19528.56 | L4: 7874.64 | M4: 11543.31 | N4: 8984.16 | O4: 6526.44 | P4: 8609.22 | Q4: 8548.02 | R4: 6662.97 | S4: 12366.81 | T4: 14490.54
A5: 4 | B5: Wooded Grassland | C5: 61023.87 | D5: 55128.33 | E5: 44469.63 | F5: 30042 | G5: 45841.23 | H5: 45206.73 | I5: 43505.82 | J5: 29898.54 | K5: 19386.9 | L5: 30557.34 | M5: 18000 | N5: 20403.63 | O5: 36925.47 | P5: 32730.84 | Q5: 13289.67 | R5: 15518.34 | S5: 17604.45 | T5: 13456.35
A6: 5 | B6: Open Grassland | C6: 54019.62 | D6: 43208.64 | E6: 69065.28 | F6: 64621.89 | G6: 64251 | H6: 53990.19 | I6: 44041.86 | J6: 40987.62 | K6: 25841.16 | L6: 45235.8 | M6: 44025.48 | N6: 37864.44 | O6: 35978.76 | P6: 39412.35 | Q6: 38708.1 | R6: 30036.42 | S6: 33498.54 | T6: 25446.06
A7: 6 | B7: Perennial Cropland | C7: 4779.81 | D7: 6681.42 | E7: 10223.1 | F7: 8330.04 | G7: 5603.4 | H7: 18850.77 | I7: 17520.48 | J7: 18803.88 | K7: 14554.71 | L7: 6360.48 | M7: 22353.84 | N7: 13729.41 | O7: 11964.24 | P7: 14782.05 | Q7: 7883.28 | R7: 11994.57 | S7: 6354.99 | T7: 2055.87
A8: 7 | B8: Annual Cropland | C8: 139822.11 | D8: 150452.37 | E8: 142002.27 | F8: 151704.09 | G8: 150056.55 | H8: 135201.24 | I8: 156652.83 | J8: 171810.72 | K8: 193460.49 | L8: 177368.04 | M8: 175877.01 | N8: 189207.18 | O8: 167724.9 | P8: 172887.21 | Q8: 202905.36 | R8: 199438.47 | S8: 201826.62 | T8: 217047.06
A9: 8 | B9: Vegetated Wetland | C9: 11.07 | D9: 2.97 | E9: 35.64 | F9: 125.73 | G9: 534.42 | H9: 138.15 | I9: 2408.49 | J9: 195.93 | K9: 190.8 | L9: 334.62 | M9: 459.45 | N9: 688.59 | O9: 435.78 | P9: 0 | Q9: 0 | R9: 62.55 | S9: 50.94 | T9: 2.16
A10: 9 | B10: Open Water | C10: 51.3 | D10: 66.6 | E10: 51.12 | F10: 81 | G10: 90.81 | H10: 78.03 | I10: 166.86 | J10: 88.02 | K10: 125.91 | L10: 188.1 | M10: 191.88 | N10: 144.36 | O10: 251.73 | P10: 192.42 | Q10: 137.25 | R10: 98.91 | S10: 105.3 | T10: 162.9
A11: 10 | B11: Other land | C11: 1536.3 | D11: 1187.82 | E11: 376.47 | F11: 5028.3 | G11: 1295.01 | H11: 1911.69 | I11: 5695.92 | J11: 3788.28 | K11: 2463.03 | L11: 5479.56 | M11: 5621.49 | N11: 5107.14 | O11: 14478.93 | P11: 6368.4 | Q11: 8463.51 | R11: 7988.49 | S11: 4450.41 | T11: 4162.32
C12: =SUM(C2:C11) -> 303139.71
C15: moyenne 2015-2018 | D15: moyenne 1990-2000
A16: Sleek Class | B16: Land Cover
A17: 1 | B17: Dense Forest | C17: =AVERAGE(S2:T2) -> 24372.225 | D17: =AVERAGE(C2:E2) -> 26651.67 | E17: =C17-D17 -> -2279.445
A18: 2 | B18: Moderate Forest | C18: =AVERAGE(S3:T3) -> 2226.825 | D18: =AVERAGE(C3:E3) -> 779.43 | E18: =C18-D18 -> 1447.395
A19: 3 | B19: Open Forest | C19: =AVERAGE(S4:T4) -> 13428.675 | D19: =AVERAGE(C4:E4) -> 14310.03 | E19: =C19-D19 -> -881.355
A20: 4 | B20: Wooded Grassland | C20: =AVERAGE(S5:T5) -> 15530.4 | D20: =AVERAGE(C5:E5) -> 53540.61 | E20: =C20-D20 -> -38010.21
A21: 5 | B21: Open Grassland | C21: =AVERAGE(S6:T6) -> 29472.3 | D21: =AVERAGE(C6:E6) -> 55431.18 | E21: =C21-D21 -> -25958.88
A22: 6 | B22: Perennial Cropland | C22: =AVERAGE(S7:T7) -> 4205.43 | D22: =AVERAGE(C7:E7) -> 7228.11 | E22: =C22-D22 -> -3022.68
A23: 7 | B23: Annual Cropland | C23: =AVERAGE(S8:T8) -> 209436.84 | D23: =AVERAGE(C8:E8) -> 144092.25 | E23: =C23-D23 -> 65344.59
A24: 8 | B24: Vegetated Wetland | C24: =AVERAGE(S9:T9) -> 26.55 | D24: =AVERAGE(C9:E9) -> 16.56 | E24: =C24-D24 -> 9.99
A25: 9 | B25: Open Water | C25: =AVERAGE(S10:T10) -> 134.1 | D25: =AVERAGE(C10:E10) -> 56.34 | E25: =C25-D25 -> 77.76
A26: 10 | B26: Other land | C26: =AVERAGE(S11:T11) -> 4306.365 | D26: =AVERAGE(C11:E11) -> 1033.53 | E26: =C26-D26 -> 3272.835
A30: As % of opening area
B31: Dense Forest | E31: =(E17/D17)*100 -> -8.5527286
B32: Moderate Forest | E32: =(E18/D18)*100 -> 185.69916
B33: Open Forest | E33: =(E19/D19)*100 -> -6.1590018
B34: Wooded Grassland | E34: =(E20/D20)*100 -> -70.993233
B35: Open Grassland | E35: =(E21/D21)*100 -> -46.830827
B36: Perennial Cropland | E36: =(E22/D22)*100 -> -41.818401
B37: Annual Cropland | E37: =(E23/D23)*100 -> 45.349136
B38: Vegetated Wetland | E38: =(E24/D24)*100 -> 60.326087
B39: Open Water | E39: =(E25/D25)*100 -> 138.01917
B40: Other land | E40: =(E26/D26)*100 -> 316.6657

Sheet Busia
A1: Sleek Class | B1: Land Cover | C1: 1990 | D1: 1995 | E1: 2000 | F1: 2002 | G1: 2003 | H1: 2004 | I1: 2005 | J1: 2006 | K1: 2007 | L1: 2008 | M1: 2009 | N1: 2010 | O1: 2011 | P1: 2012 | Q1: 2013 | R1: 2014 | S1: 2015 | T1: 2018
A2: 1 | B2: Dense Forest | C2: 1261.8 | D2: 74.79 | E2: 1.98 | F2: 141.93 | G2: 7.74 | H2: 562.5 | I2: 46.44 | J2: 54.09 | K2: 15.84 | L2: 98.46 | M2: 18.27 | N2: 95.22 | O2: 71.64 | P2: 175.95 | Q2: 28.71 | R2: 816.93 | S2: 46.71 | T2: 166.14
A3: 2 | B3: Moderate Forest | C3: 225.9 | D3: 293.76 | E3: 4.23 | F3: 18.45 | G3: 0.99 | H3: 1.44 | I3: 3.24 | J3: 2.07 | K3: 5.58 | L3: 2.34 | M3: 0.81 | N3: 0 | O3: 698.4 | P3: 46.26 | Q3: 269.82 | R3: 30.87 | S3: 276.21 | T3: 610.47
A4: 3 | B4: Open Forest | C4: 4.86 | D4: 0 | E4: 9.09 | F4: 5.49 | G4: 13.05 | H4: 1.35 | I4: 11.43 | J4: 4.5 | K4: 78.75 | L4: 9.09 | M4: 0.09 | N4: 19.17 | O4: 35.73 | P4: 15.3 | Q4: 12.06 | R4: 0 | S4: 357.03 | T4: 179.46
A5: 4 | B5: Wooded Grassland | C5: 64739.16 | D5: 59156.28 | E5: 52812.09 | F5: 34289.73 | G5: 38564.82 | H5: 40976.01 | I5: 25092.72 | J5: 19683.36 | K5: 18932.22 | L5: 33415.2 | M5: 23161.5 | N5: 23937.21 | O5: 29050.56 | P5: 19940.76 | Q5: 9576.45 | R5: 22226.85 | S5: 27956.25 | T5: 22441.68
A6: 5 | B6: Open Grassland | C6: 8900.82 | D6: 15012.36 | E6: 13580.37 | F6: 20267.64 | G6: 17873.28 | H6: 13481.91 | I6: 15590.97 | J6: 1360.89 | K6: 2211.84 | L6: 3215.7 | M6: 4347.09 | N6: 2988.09 | O6: 13842.45 | P6: 13431.87 | Q6: 9639.9 | R6: 9605.79 | S6: 6779.79 | T6: 15373.71
A7: 6 | B7: Perennial Cropland | C7: 398.7 | D7: 568.8 | E7: 2556.99 | F7: 5382.36 | G7: 4019.22 | H7: 15285.96 | I7: 4508.82 | J7: 10800.27 | K7: 8891.37 | L7: 781.2 | M7: 2099.34 | N7: 2972.25 | O7: 5088.06 | P7: 7214.13 | Q7: 3823.11 | R7: 3081.24 | S7: 2665.26 | T7: 619.56
A8: 7 | B8: Annual Cropland | C8: 91357.02 | D8: 91621.35 | E8: 96192.81 | F8: 104738.22 | G8: 104217.3 | H8: 94991.04 | I8: 117004.32 | J8: 132488.1 | K8: 135314.91 | L8: 124110.72 | M8: 130686.48 | N8: 128795.67 | O8: 114077.25 | P8: 120749.58 | Q8: 138417.84 | R8: 128060.37 | S8: 123949.8 | T8: 124951.41
A9: 8 | B9: Vegetated Wetland | C9: 876.06 | D9: 1223.19 | E9: 2289.78 | F9: 1923.03 | G9: 2764.08 | H9: 1820.07 | I9: 4894.29 | J9: 3992.4 | K9: 2604.06 | L9: 5240.16 | M9: 6636.6 | N9: 8681.31 | O9: 4749.84 | P9: 4721.22 | Q9: 6223.59 | R9: 3889.44 | S9: 5559.84 | T9: 2081.7
A10: 9 | B10: Open Water | C10: 14413.68 | D10: 13857.3 | E10: 14567.85 | F10: 14737.23 | G10: 14567.76 | H10: 14412.51 | I10: 13929.39 | J10: 13883.85 | K10: 14037.48 | L10: 13844.7 | M10: 14321.88 | N10: 14195.34 | O10: 14194.8 | P10: 15562.53 | Q10: 14112.18 | R10: 14051.88 | S10: 14042.88 | T10: 14422.23
A11: 10 | B11: Other land | C11: 118.8 | D11: 488.97 | E11: 281.61 | F11: 792.72 | G11: 268.56 | H11: 764.01 | I11: 1215.18 | J11: 27.27 | K11: 204.75 | L11: 1579.23 | M11: 1024.74 | N11: 612.54 | O11: 488.07 | P11: 439.2 | Q11: 193.14 | R11: 533.43 | S11: 663.03 | T11: 1450.44
C12: =SUM(C2:C11) -> 182296.8
C15: moyenne 2015-2018 | D15: moyenne 1990-2000
A16: Sleek Class | B16: Land Cover
A17: 1 | B17: Dense Forest | C17: =AVERAGE(S2:T2) -> 106.425 | D17: =AVERAGE(C2:E2) -> 446.19 | E17: =C17-D17 -> -339.765
A18: 2 | B18: Moderate Forest | C18: =AVERAGE(S3:T3) -> 443.34 | D18: =AVERAGE(C3:E3) -> 174.63 | E18: =C18-D18 -> 268.71
A19: 3 | B19: Open Forest | C19: =AVERAGE(S4:T4) -> 268.245 | D19: =AVERAGE(C4:E4) -> 4.65 | E19: =C19-D19 -> 263.595
A20: 4 | B20: Wooded Grassland | C20: =AVERAGE(S5:T5) -> 25198.965 | D20: =AVERAGE(C5:E5) -> 58902.51 | E20: =C20-D20 -> -33703.545
A21: 5 | B21: Open Grassland | C21: =AVERAGE(S6:T6) -> 11076.75 | D21: =AVERAGE(C6:E6) -> 12497.85 | E21: =C21-D21 -> -1421.1
A22: 6 | B22: Perennial Cropland | C22: =AVERAGE(S7:T7) -> 1642.41 | D22: =AVERAGE(C7:E7) -> 1174.83 | E22: =C22-D22 -> 467.58
A23: 7 | B23: Annual Cropland | C23: =AVERAGE(S8:T8) -> 124450.6 | D23: =AVERAGE(C8:E8) -> 93057.06 | E23: =C23-D23 -> 31393.545
A24: 8 | B24: Vegetated Wetland | C24: =AVERAGE(S9:T9) -> 3820.77 | D24: =AVERAGE(C9:E9) -> 1463.01 | E24: =C24-D24 -> 2357.76
A25: 9 | B25: Open Water | C25: =AVERAGE(S10:T10) -> 14232.555 | D25: =AVERAGE(C10:E10) -> 14279.61 | E25: =C25-D25 -> -47.055
A26: 10 | B26: Other land | C26: =AVERAGE(S11:T11) -> 1056.735 | D26: =AVERAGE(C11:E11) -> 296.46 | E26: =C26-D26 -> 760.275
A30: As % of opening area
B31: Dense Forest | E31: =(E17/D17)*100 -> -76.148054
B32: Moderate Forest | E32: =(E18/D18)*100 -> 153.8739
B33: Open Forest | E33: =(E19/D19)*100 -> 5668.7097
B34: Wooded Grassland | E34: =(E20/D20)*100 -> -57.2192
B35: Open Grassland | E35: =(E21/D21)*100 -> -11.370756
B36: Perennial Cropland | E36: =(E22/D22)*100 -> 39.799801
B37: Annual Cropland | E37: =(E23/D23)*100 -> 33.735801
B38: Vegetated Wetland | E38: =(E24/D24)*100 -> 161.15816
B39: Open Water | E39: =(E25/D25)*100 -> -0.32952581
B40: Other land | E40: =(E26/D26)*100 -> 256.45112

Sheet Elgeyo-Marakwet
A1: Sleek Class | B1: Land Cover | C1: 1990 | D1: 1995 | E1: 2000 | F1: 2002 | G1: 2003 | H1: 2004 | I1: 2005 | J1: 2006 | K1: 2007 | L1: 2008 | M1: 2009 | N1: 2010 | O1: 2011 | P1: 2012 | Q1: 2013 | R1: 2014 | S1: 2015 | T1: 2018
A2: 1 | B2: Dense Forest | C2: 69822.09 | D2: 61745.58 | E2: 68458.59 | F2: 72280.89 | G2: 70411.5 | H2: 62026.38 | I2: 69168.6 | J2: 67988.34 | K2: 61152.57 | L2: 59402.7 | M2: 66240.09 | N2: 73211.76 | O2: 62045.19 | P2: 65237.13 | Q2: 56861.46 | R2: 68483.61 | S2: 64450.8 | T2: 61567.74
A3: 2 | B3: Moderate Forest | C3: 21809.79 | D3: 39234.15 | E3: 7145.46 | F3: 7707.33 | G3: 6425.46 | H3: 9459.54 | I3: 6593.13 | J3: 9156.78 | K3: 21434.4 | L3: 12484.53 | M3: 7803.63 | N3: 9361.62 | O3: 17672.22 | P3: 16190.1 | Q3: 15568.2 | R3: 6877.62 | S3: 4901.58 | T3: 2317.41
A4: 3 | B4: Open Forest | C4: 1464.93 | D4: 3097.62 | E4: 1221.48 | F4: 3568.14 | G4: 1390.32 | H4: 4504.95 | I4: 2372.31 | J4: 2396.25 | K4: 9092.79 | L4: 1949.22 | M4: 2775.69 | N4: 566.19 | O4: 2858.13 | P4: 1523.7 | Q4: 2109.33 | R4: 1257.66 | S4: 1479.51 | T4: 1493.46
A5: 4 | B5: Wooded Grassland | C5: 143162.46 | D5: 136140.75 | E5: 135177.3 | F5: 108267.66 | G5: 134869.86 | H5: 112864.5 | I5: 120763.35 | J5: 113760.54 | K5: 110570.58 | L5: 122025.96 | M5: 124833.06 | N5: 122238.18 | O5: 110697.84 | P5: 117159.03 | Q5: 101788.11 | R5: 120943.62 | S5: 115790.22 | T5: 109074.78
A6: 5 | B6: Open Grassland | C6: 54985.86 | D6: 47356.2 | E6: 54364.68 | F6: 50222.34 | G6: 66399.57 | H6: 52001.73 | I6: 36400.23 | J6: 40221.9 | K6: 23793.39 | L6: 28936.44 | M6: 23513.67 | N6: 35198.19 | O6: 39713.04 | P6: 32529.15 | Q6: 39478.68 | R6: 32560.29 | S6: 24448.86 | T6: 29309.49
A7: 6 | B7: Perennial Cropland | C7: 57.6 | D7: 434.7 | E7: 262.98 | F7: 650.43 | G7: 256.86 | H7: 1341.27 | I7: 358.65 | J7: 1673.37 | K7: 1492.02 | L7: 520.29 | M7: 1019.43 | N7: 938.43 | O7: 410.13 | P7: 1070.01 | Q7: 676.71 | R7: 1233.99 | S7: 979.83 | T7: 782.46
A8: 7 | B8: Annual Cropland | C8: 10273.77 | D8: 12985.11 | E8: 34930.62 | F8: 58041.9 | G8: 21705.3 | H8: 58729.41 | I8: 65627.73 | J8: 65605.41 | K8: 73824.48 | L8: 75588.75 | M8: 75074.31 | N8: 59477.49 | O8: 67686.48 | P8: 67603.86 | Q8: 84661.2 | R8: 69640.47 | S8: 88785.99 | T8: 95940.9
A9: 8 | B9: Vegetated Wetland | C9: 6.84 | D9: 286.29 | E9: 22.86 | F9: 301.86 | G9: 23.4 | H9: 305.19 | I9: 93.15 | J9: 311.94 | K9: 97.74 | L9: 0 | M9: 178.92 | N9: 99.09 | O9: 170.64 | P9: 72.27 | Q9: 137.43 | R9: 136.89 | S9: 0 | T9: 0
A10: 9 | B10: Open Water | C10: 37.35 | D10: 27.36 | E10: 33.12 | F10: 164.43 | G10: 130.41 | H10: 82.35 | I10: 175.41 | J10: 76.23 | K10: 117.99 | L10: 198.54 | M10: 78.39 | N10: 154.44 | O10: 94.14 | P10: 80.46 | Q10: 118.89 | R10: 141.48 | S10: 137.16 | T10: 221.13
A11: 10 | B11: Other land | C11: 86.85 | D11: 399.78 | E11: 90.45 | F11: 502.56 | G11: 94.86 | H11: 392.22 | I11: 154.98 | J11: 516.78 | K11: 131.58 | L11: 601.11 | M11: 190.35 | N11: 462.15 | O11: 359.73 | P11: 241.83 | Q11: 307.53 | R11: 431.91 | S11: 733.59 | T11: 1000.17
C12: =SUM(C2:C11) -> 301707.54
C15: moyenne 2015-2018 | D15: moyenne 1990-2000
A16: Sleek Class | B16: Land Cover
A17: 1 | B17: Dense Forest | C17: =AVERAGE(S2:T2) -> 63009.27 | D17: =AVERAGE(C2:E2) -> 66675.42 | E17: =C17-D17 -> -3666.15
A18: 2 | B18: Moderate Forest | C18: =AVERAGE(S3:T3) -> 3609.495 | D18: =AVERAGE(C3:E3) -> 22729.8 | E18: =C18-D18 -> -19120.305
A19: 3 | B19: Open Forest | C19: =AVERAGE(S4:T4) -> 1486.485 | D19: =AVERAGE(C4:E4) -> 1928.01 | E19: =C19-D19 -> -441.525
A20: 4 | B20: Wooded Grassland | C20: =AVERAGE(S5:T5) -> 112432.5 | D20: =AVERAGE(C5:E5) -> 138160.17 | E20: =C20-D20 -> -25727.67
A21: 5 | B21: Open Grassland | C21: =AVERAGE(S6:T6) -> 26879.175 | D21: =AVERAGE(C6:E6) -> 52235.58 | E21: =C21-D21 -> -25356.405
A22: 6 | B22: Perennial Cropland | C22: =AVERAGE(S7:T7) -> 881.145 | D22: =AVERAGE(C7:E7) -> 251.76 | E22: =C22-D22 -> 629.385
A23: 7 | B23: Annual Cropland | C23: =AVERAGE(S8:T8) -> 92363.445 | D23: =AVERAGE(C8:E8) -> 19396.5 | E23: =C23-D23 -> 72966.945
A24: 8 | B24: Vegetated Wetland | C24: =AVERAGE(S9:T9) -> 0 | D24: =AVERAGE(C9:E9) -> 105.33 | E24: =C24-D24 -> -105.33
A25: 9 | B25: Open Water | C25: =AVERAGE(S10:T10) -> 179.145 | D25: =AVERAGE(C10:E10) -> 32.61 | E25: =C25-D25 -> 146.535
A26: 10 | B26: Other land | C26: =AVERAGE(S11:T11) -> 866.88 | D26: =AVERAGE(C11:E11) -> 192.36 | E26: =C26-D26 -> 674.52
A30: As % of opening area
B31: Dense Forest | E31: =(E17/D17)*100 -> -5.498503
B32: Moderate Forest | E32: =(E18/D18)*100 -> -84.119988
B33: Open Forest | E33: =(E19/D19)*100 -> -22.900555
B34: Wooded Grassland | E34: =(E20/D20)*100 -> -18.621626
B35: Open Grassland | E35: =(E21/D21)*100 -> -48.542402
B36: Perennial Cropland | E36: =(E22/D22)*100 -> 249.99404
B37: Annual Cropland | E37: =(E23/D23)*100 -> 376.18614
B38: Vegetated Wetland | E38: =(E24/D24)*100 -> -100
B39: Open Water | E39: =(E25/D25)*100 -> 449.35603
B40: Other land | E40: =(E26/D26)*100 -> 350.65502

Sheet Embu
A1: Sleek Class | B1: Land Cover | C1: 1990 | D1: 1995 | E1: 2000 | F1: 2002 | G1: 2003 | H1: 2004 | I1: 2005 | J1: 2006 | K1: 2007 | L1: 2008 | M1: 2009 | N1: 2010 | O1: 2011 | P1: 2012 | Q1: 2013 | R1: 2014 | S1: 2015 | T1: 2018
A2: 1 | B2: Dense Forest | C2: 31489.29 | D2: 25915.23 | E2: 28895.13 | F2: 28483.47 | G2: 22853.16 | H2: 24003 | I2: 28755.63 | J2: 25171.83 | K2: 25241.31 | L2: 27346.05 | M2: 26835.66 | N2: 23246.82 | O2: 36902.16 | P2: 27445.14 | Q2: 27986.58 | R2: 30097.62 | S2: 24934.05 | T2: 25615.08
A3: 2 | B3: Moderate Forest | C3: 147.96 | D3: 539.28 | E3: 11311.29 | F3: 10526.67 | G3: 1590.21 | H3: 433.71 | I3: 2205.9 | J3: 1017 | K3: 4869.72 | L3: 403.56 | M3: 1125 | N3: 5805.63 | O3: 2046.69 | P3: 1512.36 | Q3: 2597.31 | R3: 1662.57 | S3: 2887.02 | T3: 2417.4
A4: 3 | B4: Open Forest | C4: 106.11 | D4: 59.31 | E4: 1397.88 | F4: 77.22 | G4: 301.77 | H4: 17.46 | I4: 27 | J4: 211.59 | K4: 249.12 | L4: 392.04 | M4: 0.72 | N4: 0.63 | O4: 323.73 | P4: 1.26 | Q4: 372.78 | R4: 0 | S4: 1.53 | T4: 2.52
A5: 4 | B5: Wooded Grassland | C5: 150806.34 | D5: 142247.25 | E5: 91146.6 | F5: 88928.82 | G5: 133792.29 | H5: 104770.08 | I5: 98791.83 | J5: 82472.13 | K5: 62878.59 | L5: 66628.53 | M5: 75925.26 | N5: 63844.29 | O5: 68027.85 | P5: 96350.94 | Q5: 97567.38 | R5: 90260.01 | S5: 76708.35 | T5: 80052.93
A6: 5 | B6: Open Grassland | C6: 7426.08 | D6: 6506.91 | E6: 23447.25 | F6: 1680.66 | G6: 15013.98 | H6: 3267.72 | I6: 4958.1 | J6: 1332.45 | K6: 2314.89 | L6: 3031.38 | M6: 2977.29 | N6: 3382.92 | O6: 2979.63 | P6: 3509.64 | Q6: 3248.91 | R6: 4592.16 | S6: 8323.65 | T6: 9789.84
A7: 6 | B7: Perennial Cropland | C7: 16613.91 | D7: 6575.22 | E7: 6278.49 | F7: 11491.74 | G7: 8442.45 | H7: 7604.64 | I7: 11467.98 | J7: 7710.66 | K7: 4190.13 | L7: 9107.73 | M7: 9240.03 | N7: 9894.87 | O7: 11484.36 | P7: 13606.38 | Q7: 9014.13 | R7: 16440.57 | S7: 15527.07 | T7: 17167.23
A8: 7 | B8: Annual Cropland | C8: 69027.75 | D8: 93878.91 | E8: 116020.26 | F8: 136095.48 | G8: 94454.55 | H8: 136062.09 | I8: 130457.25 | J8: 158785.83 | K8: 176100.03 | L8: 169933.68 | M8: 161259.3 | N8: 169841.34 | O8: 155861.82 | P8: 133217.82 | Q8: 136171.71 | R8: 134414.01 | S8: 148398.39 | T8: 143252.37
A9: 8 | B9: Vegetated Wetland | C9: 0.63 | D9: 5.04 | E9: 0.09 | F9: 0.09 | G9: 0.09 | H9: 2.88 | I9: 0.27 | J9: 152.64 | K9: 0 | L9: 57.6 | M9: 3.33 | N9: 104.31 | O9: 14.04 | P9: 0 | Q9: 80.73 | R9: 0 | S9: 9.99 | T9: 14.13
A10: 9 | B10: Open Water | C10: 5987.61 | D10: 5946.21 | E10: 2952.09 | F10: 4340.16 | G10: 5268.78 | H10: 5113.98 | I10: 4808.61 | J10: 4632.66 | K10: 5389.29 | L10: 4072.5 | M10: 4246.65 | N10: 5309.55 | O10: 3934.44 | P10: 5623.47 | Q10: 4434.21 | R10: 3616.2 | S10: 4349.34 | T10: 2820.42
A11: 10 | B11: Other land | C11: 703.26 | D11: 635.58 | E11: 859.86 | F11: 684.63 | G11: 591.66 | H11: 1033.38 | I11: 836.37 | J11: 822.15 | K11: 1075.86 | L11: 1335.87 | M11: 695.7 | N11: 878.58 | O11: 734.22 | P11: 1041.93 | Q11: 835.2 | R11: 1225.8 | S11: 1169.55 | T11: 1177.02
C12: =SUM(C2:C11) -> 282308.94
C15: moyenne 2015-2018 | D15: moyenne 1990-2000
A16: Sleek Class | B16: Land Cover
A17: 1 | B17: Dense Forest | C17: =AVERAGE(S2:T2) -> 25274.565 | D17: =AVERAGE(C2:E2) -> 28766.55 | E17: =C17-D17 -> -3491.985
A18: 2 | B18: Moderate Forest | C18: =AVERAGE(S3:T3) -> 2652.21 | D18: =AVERAGE(C3:E3) -> 3999.51 | E18: =C18-D18 -> -1347.3
A19: 3 | B19: Open Forest | C19: =AVERAGE(S4:T4) -> 2.025 | D19: =AVERAGE(C4:E4) -> 521.1 | E19: =C19-D19 -> -519.075
A20: 4 | B20: Wooded Grassland | C20: =AVERAGE(S5:T5) -> 78380.64 | D20: =AVERAGE(C5:E5) -> 128066.73 | E20: =C20-D20 -> -49686.09
A21: 5 | B21: Open Grassland | C21: =AVERAGE(S6:T6) -> 9056.745 | D21: =AVERAGE(C6:E6) -> 12460.08 | E21: =C21-D21 -> -3403.335
A22: 6 | B22: Perennial Cropland | C22: =AVERAGE(S7:T7) -> 16347.15 | D22: =AVERAGE(C7:E7) -> 9822.54 | E22: =C22-D22 -> 6524.61
A23: 7 | B23: Annual Cropland | C23: =AVERAGE(S8:T8) -> 145825.38 | D23: =AVERAGE(C8:E8) -> 92975.64 | E23: =C23-D23 -> 52849.74
A24: 8 | B24: Vegetated Wetland | C24: =AVERAGE(S9:T9) -> 12.06 | D24: =AVERAGE(C9:E9) -> 1.92 | E24: =C24-D24 -> 10.14
A25: 9 | B25: Open Water | C25: =AVERAGE(S10:T10) -> 3584.88 | D25: =AVERAGE(C10:E10) -> 4961.97 | E25: =C25-D25 -> -1377.09
A26: 10 | B26: Other land | C26: =AVERAGE(S11:T11) -> 1173.285 | D26: =AVERAGE(C11:E11) -> 732.9 | E26: =C26-D26 -> 440.385
A30: As % of opening area
B31: Dense Forest | E31: =(E17/D17)*100 -> -12.139047
B32: Moderate Forest | E32: =(E18/D18)*100 -> -33.686627
B33: Open Forest | E33: =(E19/D19)*100 -> -99.611399
B34: Wooded Grassland | E34: =(E20/D20)*100 -> -38.797032
B35: Open Grassland | E35: =(E21/D21)*100 -> -27.31391
B36: Perennial Cropland | E36: =(E22/D22)*100 -> 66.424876
B37: Annual Cropland | E37: =(E23/D23)*100 -> 56.842567
B38: Vegetated Wetland | E38: =(E24/D24)*100 -> 528.125
B39: Open Water | E39: =(E25/D25)*100 -> -27.752888
B40: Other land | E40: =(E26/D26)*100 -> 60.088007

Sheet Garissa
A1: Sleek Class | B1: Land Cover | C1: 1990 | D1: 1995 | E1: 2000 | F1: 2002 | G1: 2003 | H1: 2004 | I1: 2005 | J1: 2006 | K1: 2007 | L1: 2008 | M1: 2009 | N1: 2010 | O1: 2011 | P1: 2012 | Q1: 2013 | R1: 2014 | S1: 2015 | T1: 2018
A2: 1 | B2: Dense Forest | C2: 137526.48 | D2: 125136.99 | E2: 193132.44 | F2: 50026.68 | G2: 189183.51 | H2: 116668.17 | I2: 129143.52 | J2: 154856.7 | K2: 224440.38 | L2: 222751.71 | M2: 128465.91 | N2: 180449.55 | O2: 143331.84 | P2: 151213.23 | Q2: 188819.1 | R2: 179957.16 | S2: 117707.85 | T2: 121683.42
A3: 2 | B3: Moderate Forest | C3: 181369.35 | D3: 143591.04 | E3: 204443.46 | F3: 154102.05 | G3: 127108.26 | H3: 110333.43 | I3: 110797.92 | J3: 72903.06 | K3: 45618.57 | L3: 58904.1 | M3: 99233.28 | N3: 55724.4 | O3: 89273.61 | P3: 83226.51 | Q3: 23804.91 | R3: 53184.69 | S3: 122383.8 | T3: 140876.46
A4: 3 | B4: Open Forest | C4: 2556.09 | D4: 23688.45 | E4: 26050.32 | F4: 43410.24 | G4: 1156.86 | H4: 9638.91 | I4: 1683.45 | J4: 4563.09 | K4: 5082.3 | L4: 2087.73 | M4: 8662.59 | N4: 6106.14 | O4: 849.87 | P4: 1739.16 | Q4: 36121.86 | R4: 4212.99 | S4: 1882.98 | T4: 4976.73
A5: 4 | B5: Wooded Grassland | C5: 3626160.2 | D5: 3718037.2 | E5: 3456779.8 | F5: 3569495.4 | G5: 3640182.4 | H5: 3646221.3 | I5: 3639676 | J5: 3372781.2 | K5: 3416984.5 | L5: 3342213.2 | M5: 3585841.4 | N5: 3504270.5 | O5: 3467339.9 | P5: 3547494.9 | Q5: 3473678.1 | R5: 3491623.1 | S5: 3329223.4 | T5: 3549919.3
A6: 5 | B6: Open Grassland | C6: 371959.47 | D6: 291559.5 | E6: 418693.86 | F6: 487940.04 | G6: 349369.92 | H6: 421031.43 | I6: 420101.46 | J6: 656288.46 | K6: 606814.65 | L6: 639716.76 | M6: 442937.25 | N6: 521775.99 | O6: 580113.18 | P6: 476709.03 | Q6: 574633.44 | R6: 594815.85 | S6: 748846.08 | T6: 503249.85
A7: 6 | B7: Perennial Cropland | C7: 0 | D7: 0 | E7: 0 | F7: 0 | G7: 0 | H7: 0 | I7: 0 | J7: 0 | K7: 0 | L7: 0 | M7: 0 | N7: 0 | O7: 0 | P7: 0 | Q7: 0 | R7: 0 | S7: 0 | T7: 0
A8: 7 | B8: Annual Cropland | C8: 0 | D8: 0 | E8: 82.8 | F8: 0 | G8: 0 | H8: 0 | I8: 0 | J8: 0 | K8: 0 | L8: 0 | M8: 0 | N8: 0 | O8: 0 | P8: 0 | Q8: 0 | R8: 0 | S8: 370.98 | T8: 1102.59
A9: 8 | B9: Vegetated Wetland | C9: 0 | D9: 0 | E9: 54.36 | F9: 0 | G9: 6.84 | H9: 0 | I9: 0 | J9: 0 | K9: 0 | L9: 0 | M9: 0 | N9: 0 | O9: 0.36 | P9: 0 | Q9: 0 | R9: 0 | S9: 0 | T9: 0
A10: 9 | B10: Open Water | C10: 530.01 | D10: 102.78 | E10: 59.31 | F10: 90.54 | G10: 60.21 | H10: 613.89 | I10: 42.21 | J10: 100.35 | K10: 63.72 | L10: 381.42 | M10: 203.58 | N10: 65.7 | O10: 90.81 | P10: 130.59 | Q10: 52.2 | R10: 198.9 | S10: 78.75 | T10: 1117.62
A11: 10 | B11: Other land | C11: 38394.99 | D11: 56380.68 | E11: 59200.29 | F11: 53431.65 | G11: 51428.61 | H11: 53989.47 | I11: 57052.08 | J11: 97003.71 | K11: 59492.52 | L11: 92441.7 | M11: 93152.61 | N11: 90104.31 | O11: 77497.02 | P11: 97983.18 | Q11: 61387.02 | R11: 34503.93 | S11: 38002.77 | T11: 35570.61
C12: =SUM(C2:C11) -> 4358496.6
C15: moyenne 2015-2018 | D15: moyenne 1990-2000
A16: Sleek Class | B16: Land Cover
A17: 1 | B17: Dense Forest | C17: =AVERAGE(S2:T2) -> 119695.63 | D17: =AVERAGE(C2:E2) -> 151931.97 | E17: =C17-D17 -> -32236.335
A18: 2 | B18: Moderate Forest | C18: =AVERAGE(S3:T3) -> 131630.13 | D18: =AVERAGE(C3:E3) -> 176467.95 | E18: =C18-D18 -> -44837.82
A19: 3 | B19: Open Forest | C19: =AVERAGE(S4:T4) -> 3429.855 | D19: =AVERAGE(C4:E4) -> 17431.62 | E19: =C19-D19 -> -14001.765
A20: 4 | B20: Wooded Grassland | C20: =AVERAGE(S5:T5) -> 3439571.4 | D20: =AVERAGE(C5:E5) -> 3600325.7 | E20: =C20-D20 -> -160754.35
A21: 5 | B21: Open Grassland | C21: =AVERAGE(S6:T6) -> 626047.96 | D21: =AVERAGE(C6:E6) -> 360737.61 | E21: =C21-D21 -> 265310.35
A22: 6 | B22: Perennial Cropland | C22: =AVERAGE(S7:T7) -> 0 | D22: =AVERAGE(C7:E7) -> 0 | E22: =C22-D22 -> 0
A23: 7 | B23: Annual Cropland | C23: =AVERAGE(S8:T8) -> 736.785 | D23: =AVERAGE(C8:E8) -> 27.6 | E23: =C23-D23 -> 709.185
A24: 8 | B24: Vegetated Wetland | C24: =AVERAGE(S9:T9) -> 0 | D24: =AVERAGE(C9:E9) -> 18.12 | E24: =C24-D24 -> -18.12
A25: 9 | B25: Open Water | C25: =AVERAGE(S10:T10) -> 598.185 | D25: =AVERAGE(C10:E10) -> 230.7 | E25: =C25-D25 -> 367.485
A26: 10 | B26: Other land | C26: =AVERAGE(S11:T11) -> 36786.69 | D26: =AVERAGE(C11:E11) -> 51325.32 | E26: =C26-D26 -> -14538.63
A30: As % of opening area
B31: Dense Forest | E31: =(E17/D17)*100 -> -21.217611
B32: Moderate Forest | E32: =(E18/D18)*100 -> -25.408478
B33: Open Forest | E33: =(E19/D19)*100 -> -80.323946
B34: Wooded Grassland | E34: =(E20/D20)*100 -> -4.4649948
B35: Open Grassland | E35: =(E21/D21)*100 -> 73.54663
B36: Perennial Cropland | E36: 0
B37: Annual Cropland | E37: =(E23/D23)*100 -> 2569.5109
B38: Vegetated Wetland | E38: =(E24/D24)*100 -> -100
B39: Open Water | E39: =(E25/D25)*100 -> 159.29129
B40: Other land | E40: =(E26/D26)*100 -> -28.326428

Sheet Homa Bay
A1: Sleek Class | B1: Land Cover | C1: 1990 | D1: 1995 | E1: 2000 | F1: 2002 | G1: 2003 | H1: 2004 | I1: 2005 | J1: 2006 | K1: 2007 | L1: 2008 | M1: 2009 | N1: 2010 | O1: 2011 | P1: 2012 | Q1: 2013 | R1: 2014 | S1: 2015 | T1: 2018
A2: 1 | B2: Dense Forest | C2: 7360.47 | D2: 9534.42 | E2: 1941.93 | F2: 6526.62 | G2: 3416.22 | H2: 7242.21 | I2: 5443.47 | J2: 8044.38 | K2: 4508.91 | L2: 4013.01 | M2: 5678.73 | N2: 4181.31 | O2: 5692.86 | P2: 4588.11 | Q2: 5359.05 | R2: 5880.24 | S2: 3975.12 | T2: 5026.5
A3: 2 | B3: Moderate Forest | C3: 51.03 | D3: 6.48 | E3: 788.31 | F3: 0 | G3: 2.61 | H3: 0.27 | I3: 0 | J3: 0.9 | K3: 9.36 | L3: 401.22 | M3: 0 | N3: 0 | O3: 268.65 | P3: 55.98 | Q3: 235.89 | R3: 475.02 | S3: 2319.66 | T3: 1432.26
A4: 3 | B4: Open Forest | C4: 0.36 | D4: 0 | E4: 80.73 | F4: 158.22 | G4: 35.64 | H4: 5.49 | I4: 34.2 | J4: 7.74 | K4: 0.45 | L4: 8.01 | M4: 209.07 | N4: 29.52 | O4: 186.21 | P4: 1.98 | Q4: 124.11 | R4: 31.77 | S4: 102.96 | T4: 1.62
A5: 4 | B5: Wooded Grassland | C5: 75461.76 | D5: 117323.73 | E5: 69461.01 | F5: 60867.9 | G5: 72871.92 | H5: 61578.45 | I5: 70445.7 | J5: 41400.45 | K5: 57620.61 | L5: 49411.17 | M5: 68714.82 | N5: 55246.68 | O5: 47597.58 | P5: 58583.97 | Q5: 50553.27 | R5: 59424.12 | S5: 58875.66 | T5: 57005.73
A6: 5 | B6: Open Grassland | C6: 73654.11 | D6: 56734.2 | E6: 93745.08 | F6: 83063.34 | G6: 74979.36 | H6: 80390.16 | I6: 59998.86 | J6: 35874.09 | K6: 28698.57 | L6: 29266.29 | M6: 51111.27 | N6: 40073.4 | O6: 29572.83 | P6: 35475.3 | Q6: 35135.55 | R6: 39247.56 | S6: 38786.31 | T6: 45025.02
A7: 6 | B7: Perennial Cropland | C7: 4286.7 | D7: 827.1 | E7: 317.25 | F7: 4103.01 | G7: 338.49 | H7: 7977.87 | I7: 854.82 | J7: 4483.26 | K7: 2924.46 | L7: 951.39 | M7: 3254.13 | N7: 2716.47 | O7: 1726.29 | P7: 926.73 | Q7: 1412.19 | R7: 2577.69 | S7: 1325.52 | T7: 2480.04
A8: 7 | B8: Annual Cropland | C8: 150286.23 | D8: 126620.82 | E8: 144304.2 | F8: 155199.51 | G8: 160086.96 | H8: 154464.84 | I8: 174904.83 | J8: 222563.61 | K8: 217457.91 | L8: 227977.83 | M8: 180631.26 | N8: 206211.33 | O8: 225479.61 | P8: 208242.63 | Q8: 215771.04 | R8: 201156.48 | S8: 202034.25 | T8: 197473.05
A9: 8 | B9: Vegetated Wetland | C9: 644.4 | D9: 584.28 | E9: 784.89 | F9: 1633.68 | G9: 604.35 | H9: 759.51 | I9: 939.78 | J9: 1116.18 | K9: 1845.99 | L9: 2375.82 | M9: 1990.62 | N9: 3166.65 | O9: 2440.71 | P9: 4198.59 | Q9: 4041 | R9: 2561.58 | S9: 3203.37 | T9: 2959.11
A10: 9 | B10: Open Water | C10: 164006.82 | D10: 163960.29 | E10: 164075.49 | F10: 164115.27 | G10: 162453.78 | H10: 163021.77 | I10: 162475.56 | J10: 162443.07 | K10: 162642.69 | L10: 160786.08 | M10: 163814.85 | N10: 162979.02 | O10: 162834.3 | P10: 163608.21 | Q10: 162588.06 | R10: 163856.79 | S10: 163102.95 | T10: 163795.77
A11: 10 | B11: Other land | C11: 207.63 | D11: 368.19 | E11: 460.62 | F11: 291.96 | G11: 1170.18 | H11: 518.94 | I11: 862.29 | J11: 25.83 | K11: 250.56 | L11: 768.69 | M11: 554.76 | N11: 1355.13 | O11: 160.47 | P11: 278.01 | Q11: 739.35 | R11: 748.26 | S11: 2233.71 | T11: 760.41
C12: =SUM(C2:C11) -> 475959.51
C15: moyenne 2015-2018 | D15: moyenne 1990-2000
A16: Sleek Class | B16: Land Cover
A17: 1 | B17: Dense Forest | C17: =AVERAGE(S2:T2) -> 4500.81 | D17: =AVERAGE(C2:E2) -> 6278.94 | E17: =C17-D17 -> -1778.13
A18: 2 | B18: Moderate Forest | C18: =AVERAGE(S3:T3) -> 1875.96 | D18: =AVERAGE(C3:E3) -> 281.94 | E18: =C18-D18 -> 1594.02
A19: 3 | B19: Open Forest | C19: =AVERAGE(S4:T4) -> 52.29 | D19: =AVERAGE(C4:E4) -> 27.03 | E19: =C19-D19 -> 25.26
A20: 4 | B20: Wooded Grassland | C20: =AVERAGE(S5:T5) -> 57940.695 | D20: =AVERAGE(C5:E5) -> 87415.5 | E20: =C20-D20 -> -29474.805
A21: 5 | B21: Open Grassland | C21: =AVERAGE(S6:T6) -> 41905.665 | D21: =AVERAGE(C6:E6) -> 74711.13 | E21: =C21-D21 -> -32805.465
A22: 6 | B22: Perennial Cropland | C22: =AVERAGE(S7:T7) -> 1902.78 | D22: =AVERAGE(C7:E7) -> 1810.35 | E22: =C22-D22 -> 92.43
A23: 7 | B23: Annual Cropland | C23: =AVERAGE(S8:T8) -> 199753.65 | D23: =AVERAGE(C8:E8) -> 140403.75 | E23: =C23-D23 -> 59349.9
A24: 8 | B24: Vegetated Wetland | C24: =AVERAGE(S9:T9) -> 3081.24 | D24: =AVERAGE(C9:E9) -> 671.19 | E24: =C24-D24 -> 2410.05
A25: 9 | B25: Open Water | C25: =AVERAGE(S10:T10) -> 163449.36 | D25: =AVERAGE(C10:E10) -> 164014.2 | E25: =C25-D25 -> -564.84
A26: 10 | B26: Other land | C26: =AVERAGE(S11:T11) -> 1497.06 | D26: =AVERAGE(C11:E11) -> 345.48 | E26: =C26-D26 -> 1151.58
A30: As % of opening area
B31: Dense Forest | E31: =(E17/D17)*100 -> -28.318952
B32: Moderate Forest | E32: =(E18/D18)*100 -> 565.37561
B33: Open Forest | E33: =(E19/D19)*100 -> 93.45172
B34: Wooded Grassland | E34: =(E20/D20)*100 -> -33.718053
B35: Open Grassland | E35: =(E21/D21)*100 -> -43.909743
B36: Perennial Cropland | E36: =(E22/D22)*100 -> 5.1056426
B37: Annual Cropland | E37: =(E23/D23)*100 -> 42.27088
B38: Vegetated Wetland | E38: =(E24/D24)*100 -> 359.0712
B39: Open Water | E39: =(E25/D25)*100 -> -0.34438482
B40: Other land | E40: =(E26/D26)*100 -> 333.32754

Sheet Isiolo
A1: Sleek Class | B1: Land Cover | C1: 1990 | D1: 1995 | E1: 2000 | F1: 2002 | G1: 2003 | H1: 2004 | I1: 2005 | J1: 2006 | K1: 2007 | L1: 2008 | M1: 2009 | N1: 2010 | O1: 2011 | P1: 2012 | Q1: 2013 | R1: 2014 | S1: 2015 | T1: 2018
A2: 1 | B2: Dense Forest | C2: 25873.83 | D2: 56569.95 | E2: 19759.68 | F2: 44673.66 | G2: 34312.32 | H2: 48358.08 | I2: 32875.92 | J2: 42805.44 | K2: 71415.45 | L2: 63167.4 | M2: 31889.16 | N2: 66270.33 | O2: 57304.17 | P2: 75272.76 | Q2: 61342.56 | R2: 80284.23 | S2: 81232.38 | T2: 53607.87
A3: 2 | B3: Moderate Forest | C3: 1395.36 | D3: 1405.8 | E3: 5445.99 | F3: 6459.21 | G3: 8261.1 | H3: 1824.12 | I3: 5089.05 | J3: 1930.86 | K3: 14227.65 | L3: 2935.44 | M3: 9565.02 | N3: 13649.58 | O3: 8321.13 | P3: 8578.26 | Q3: 7607.43 | R3: 3502.26 | S3: 22746.51 | T3: 19469.16
A4: 3 | B4: Open Forest | C4: 2662.56 | D4: 3559.59 | E4: 13746.33 | F4: 32901.21 | G4: 13746.51 | H4: 24233.4 | I4: 15688.08 | J4: 23695.74 | K4: 27885.96 | L4: 15695.28 | M4: 24837.3 | N4: 36872.82 | O4: 24262.83 | P4: 12438.45 | Q4: 29993.76 | R4: 11794.86 | S4: 2744.1 | T4: 6415.38
A5: 4 | B5: Wooded Grassland | C5: 1399289.8 | D5: 1408117.5 | E5: 1514894 | F5: 1332023.8 | G5: 1462712.4 | H5: 1234371.4 | I5: 1311103.2 | J5: 1357095.7 | K5: 1248419.2 | L5: 1158151.9 | M5: 1392710 | N5: 1143058.1 | O5: 1180050.6 | P5: 1277579.3 | Q5: 1215311.1 | R5: 1253963.6 | S5: 1281479.1 | T5: 1351487
A6: 5 | B6: Open Grassland | C6: 797971.77 | D6: 865764.45 | E6: 815921.46 | F6: 888043.95 | G6: 882057.33 | H6: 984338.28 | I6: 1028808.9 | J6: 938836.08 | K6: 949171.68 | L6: 1049875.5 | M6: 884563.83 | N6: 971666.19 | O6: 1087801.2 | P6: 899966.61 | Q6: 958045.95 | R6: 965184.66 | S6: 1018505.9 | T6: 978546.06
A7: 6 | B7: Perennial Cropland | C7: 0.1 | D7: 0 | E7: 0 | F7: 0.54 | G7: 2.7 | H7: 1.62 | I7: 0 | J7: 0 | K7: 0.18 | L7: 0 | M7: 1.53 | N7: 0 | O7: 0.36 | P7: 0.18 | Q7: 1.53 | R7: 16.92 | S7: 1.08 | T7: 0.45
A8: 7 | B8: Annual Cropland | C8: 254.16 | D8: 130.32 | E8: 191.97 | F8: 2064.6 | G8: 606.42 | H8: 2268.45 | I8: 711.36 | J8: 1868.4 | K8: 1181.16 | L8: 783.9 | M8: 486.18 | N8: 1001.34 | O8: 623.88 | P8: 1037.25 | Q8: 650.25 | R8: 1596.24 | S8: 1631.25 | T8: 1325.79
A9: 8 | B9: Vegetated Wetland | C9: 87.3 | D9: 81.45 | E9: 160.2 | F9: 393.03 | G9: 249.57 | H9: 321.39 | I9: 153.27 | J9: 161.1 | K9: 1460.43 | L9: 355.77 | M9: 164.97 | N9: 359.28 | O9: 1594.62 | P9: 203.49 | Q9: 256.41 | R9: 128.88 | S9: 243.27 | T9: 237.6
A10: 9 | B10: Open Water | C10: 1441.98 | D10: 1377.99 | E10: 589.5 | F10: 1168.38 | G10: 1421.28 | H10: 888.84 | I10: 856.08 | J10: 1161.54 | K10: 1545.12 | L10: 992.34 | M10: 527.67 | N10: 1439.64 | O10: 786.24 | P10: 1341.18 | Q10: 1651.95 | R10: 1708.56 | S10: 1497.51 | T10: 432.9
A11: 10 | B11: Other land | C11: 309270.15 | D11: 201239.82 | E11: 167537.7 | F11: 230518.53 | G11: 134877.24 | H11: 241641.27 | I11: 142961.04 | J11: 170692.02 | K11: 222940.08 | L11: 246289.41 | M11: 193501.17 | N11: 303929.64 | O11: 177501.87 | P11: 261829.35 | Q11: 263385.9 | R11: 220066.65 | S11: 128165.76 | T11: 126724.68
C12: =SUM(C2:C11) -> 2538247
C15: moyenne 2015-2018 | D15: moyenne 1990-2000
A16: Sleek Class | B16: Land Cover
A17: 1 | B17: Dense Forest | C17: =AVERAGE(S2:T2) -> 67420.125 | D17: =AVERAGE(C2:E2) -> 34067.82 | E17: =C17-D17 -> 33352.305
A18: 2 | B18: Moderate Forest | C18: =AVERAGE(S3:T3) -> 21107.835 | D18: =AVERAGE(C3:E3) -> 2749.05 | E18: =C18-D18 -> 18358.785
A19: 3 | B19: Open Forest | C19: =AVERAGE(S4:T4) -> 4579.74 | D19: =AVERAGE(C4:E4) -> 6656.16 | E19: =C19-D19 -> -2076.42
A20: 4 | B20: Wooded Grassland | C20: =AVERAGE(S5:T5) -> 1316483.1 | D20: =AVERAGE(C5:E5) -> 1440767.1 | E20: =C20-D20 -> -124284.04
A21: 5 | B21: Open Grassland | C21: =AVERAGE(S6:T6) -> 998525.97 | D21: =AVERAGE(C6:E6) -> 826552.56 | E21: =C21-D21 -> 171973.41
A22: 6 | B22: Perennial Cropland | C22: =AVERAGE(S7:T7) -> 0.765 | D22: =AVERAGE(C7:E7) -> 0.033333333 | E22: =C22-D22 -> 0.73166667
A23: 7 | B23: Annual Cropland | C23: =AVERAGE(S8:T8) -> 1478.52 | D23: =AVERAGE(C8:E8) -> 192.15 | E23: =C23-D23 -> 1286.37
A24: 8 | B24: Vegetated Wetland | C24: =AVERAGE(S9:T9) -> 240.435 | D24: =AVERAGE(C9:E9) -> 109.65 | E24: =C24-D24 -> 130.785
A25: 9 | B25: Open Water | C25: =AVERAGE(S10:T10) -> 965.205 | D25: =AVERAGE(C10:E10) -> 1136.49 | E25: =C25-D25 -> -171.285
A26: 10 | B26: Other land | C26: =AVERAGE(S11:T11) -> 127445.22 | D26: =AVERAGE(C11:E11) -> 226015.89 | E26: =C26-D26 -> -98570.67
A30: As % of opening area
B31: Dense Forest | E31: =(E17/D17)*100 -> 97.899734
B32: Moderate Forest | E32: =(E18/D18)*100 -> 667.82288
B33: Open Forest | E33: =(E19/D19)*100 -> -31.195464
B34: Wooded Grassland | E34: =(E20/D20)*100 -> -8.6262412
B35: Open Grassland | E35: =(E21/D21)*100 -> 20.806107
B36: Perennial Cropland | E36: =(E22/D22)*100 -> 2195
B37: Annual Cropland | E37: =(E23/D23)*100 -> 669.46136
B38: Vegetated Wetland | E38: =(E24/D24)*100 -> 119.27497
B39: Open Water | E39: =(E25/D25)*100 -> -15.071404
B40: Other land | E40: =(E26/D26)*100 -> -43.612274

Sheet Kajiado
A1: Sleek Class | B1: Land Cover | C1: 1990 | D1: 1995 | E1: 2000 | F1: 2002 | G1: 2003 | H1: 2004 | I1: 2005 | J1: 2006 | K1: 2007 | L1: 2008 | M1: 2009 | N1: 2010 | O1: 2011 | P1: 2012 | Q1: 2013 | R1: 2014 | S1: 2015 | T1: 2018
A2: 1 | B2: Dense Forest | C2: 17383.23 | D2: 17189.28 | E2: 14147.82 | F2: 18731.61 | G2: 14025.33 | H2: 17330.49 | I2: 12668.4 | J2: 14270.4 | K2: 12331.62 | L2: 12710.7 | M2: 16128.45 | N2: 15630.75 | O2: 10830.6 | P2: 14403.15 | Q2: 15169.32 | R2: 21910.5 | S2: 11163.6 | T2: 15219.18
A3: 2 | B3: Moderate Forest | C3: 17747.1 | D3: 21179.43 | E3: 38130.3 | F3: 39159.99 | G3: 28862.37 | H3: 27327.06 | I3: 18365.04 | J3: 48634.2 | K3: 29871.63 | L3: 16395.03 | M3: 27242.82 | N3: 25069.86 | O3: 26712.45 | P3: 14888.43 | Q3: 17961.84 | R3: 31307.4 | S3: 25782.21 | T3: 26313.93
A4: 3 | B4: Open Forest | C4: 18265.59 | D4: 17114.49 | E4: 40164.84 | F4: 45689.58 | G4: 40261.41 | H4: 44806.77 | I4: 33682.32 | J4: 33495.12 | K4: 20061.18 | L4: 17035.65 | M4: 42607.62 | N4: 23228.28 | O4: 34400.25 | P4: 13713.75 | Q4: 55443.69 | R4: 19930.86 | S4: 19909.89 | T4: 14310.99
A5: 4 | B5: Wooded Grassland | C5: 1411922.2 | D5: 1431702.7 | E5: 1326188.4 | F5: 1197767.2 | G5: 1298574 | H5: 1207521.8 | I5: 1314520.5 | J5: 1193935.4 | K5: 1213278.6 | L5: 1252563.8 | M5: 1286633.6 | N5: 1267651.6 | O5: 1261823.3 | P5: 1332727.9 | Q5: 1261418.8 | R5: 1299897 | S5: 1338232.4 | T5: 1347213.1
A6: 5 | B6: Open Grassland | C6: 664218.09 | D6: 642670.29 | E6: 669903.3 | F6: 791003.79 | G6: 706328.37 | H6: 800335.8 | I6: 720972 | J6: 778491.27 | K6: 776539.17 | L6: 795212.55 | M6: 717527.07 | N6: 750638.07 | O6: 763806.78 | P6: 707932.35 | Q6: 733258.26 | R6: 714135.96 | S6: 720952.83 | T6: 668784.87
A7: 6 | B7: Perennial Cropland | C7: 98.37 | D7: 250.74 | E7: 453.42 | F7: 443.88 | G7: 288.54 | H7: 795.33 | I7: 400.14 | J7: 1103.67 | K7: 379.71 | L7: 353.88 | M7: 139.77 | N7: 846.63 | O7: 1053.45 | P7: 237.51 | Q7: 671.4 | R7: 626.31 | S7: 714.42 | T7: 891.45
A8: 7 | B8: Annual Cropland | C8: 13413.87 | D8: 12207.96 | E8: 18124.92 | F8: 26265.6 | G8: 29282.31 | H8: 29215.98 | I8: 30194.19 | J8: 46015.02 | K8: 33110.73 | L8: 25916.58 | M8: 30672.99 | N8: 32721.84 | O8: 37255.77 | P8: 33810.3 | Q8: 26492.67 | R8: 31694.67 | S8: 40078.53 | T8: 58588.2
A9: 8 | B9: Vegetated Wetland | C9: 3591.36 | D9: 2961.54 | E9: 1663.74 | F9: 2772.72 | G9: 2088.27 | H9: 2786.58 | I9: 2398.68 | J9: 5432.49 | K9: 2862.63 | L9: 5305.86 | M9: 2400.3 | N9: 3799.44 | O9: 2178.9 | P9: 2889.18 | Q9: 2543.31 | R9: 2534.94 | S9: 1219.68 | T9: 1676.61
A10: 9 | B10: Open Water | C10: 9627.57 | D10: 10074.06 | E10: 10309.77 | F10: 9482.49 | G10: 9167.31 | H10: 9516.87 | I10: 10084.86 | J10: 9230.67 | K10: 8008.02 | L10: 10415.25 | M10: 9305.01 | N10: 9219.78 | O10: 8351.37 | P10: 9162.99 | Q10: 10522.53 | R10: 10042.29 | S10: 7302.78 | T10: 9798.03
A11: 10 | B11: Other land | C11: 33557.94 | D11: 34474.86 | E11: 70738.83 | F11: 58508.55 | G11: 60947.46 | H11: 50188.68 | I11: 46539.27 | J11: 59217.12 | K11: 93382.11 | L11: 53916.12 | M11: 57167.73 | N11: 61019.1 | O11: 43412.49 | P11: 60059.79 | Q11: 66343.59 | R11: 57745.44 | S11: 24469.02 | T11: 47028.96
C12: =SUM(C2:C11) -> 2189825.4
C15: moyenne 2015-2018 | D15: moyenne 1990-2000
A16: Sleek Class | B16: Land Cover
A17: 1 | B17: Dense Forest | C17: =AVERAGE(S2:T2) -> 13191.39 | D17: =AVERAGE(C2:E2) -> 16240.11 | E17: =C17-D17 -> -3048.72
A18: 2 | B18: Moderate Forest | C18: =AVERAGE(S3:T3) -> 26048.07 | D18: =AVERAGE(C3:E3) -> 25685.61 | E18: =C18-D18 -> 362.46
A19: 3 | B19: Open Forest | C19: =AVERAGE(S4:T4) -> 17110.44 | D19: =AVERAGE(C4:E4) -> 25181.64 | E19: =C19-D19 -> -8071.2
A20: 4 | B20: Wooded Grassland | C20: =AVERAGE(S5:T5) -> 1342722.8 | D20: =AVERAGE(C5:E5) -> 1389937.8 | E20: =C20-D20 -> -47215.02
A21: 5 | B21: Open Grassland | C21: =AVERAGE(S6:T6) -> 694868.85 | D21: =AVERAGE(C6:E6) -> 658930.56 | E21: =C21-D21 -> 35938.29
A22: 6 | B22: Perennial Cropland | C22: =AVERAGE(S7:T7) -> 802.935 | D22: =AVERAGE(C7:E7) -> 267.51 | E22: =C22-D22 -> 535.425
A23: 7 | B23: Annual Cropland | C23: =AVERAGE(S8:T8) -> 49333.365 | D23: =AVERAGE(C8:E8) -> 14582.25 | E23: =C23-D23 -> 34751.115
A24: 8 | B24: Vegetated Wetland | C24: =AVERAGE(S9:T9) -> 1448.145 | D24: =AVERAGE(C9:E9) -> 2738.88 | E24: =C24-D24 -> -1290.735
A25: 9 | B25: Open Water | C25: =AVERAGE(S10:T10) -> 8550.405 | D25: =AVERAGE(C10:E10) -> 10003.8 | E25: =C25-D25 -> -1453.395
A26: 10 | B26: Other land | C26: =AVERAGE(S11:T11) -> 35748.99 | D26: =AVERAGE(C11:E11) -> 46257.21 | E26: =C26-D26 -> -10508.22
A30: As % of opening area
B31: Dense Forest | E31: =(E17/D17)*100 -> -18.772779
B32: Moderate Forest | E32: =(E18/D18)*100 -> 1.4111403
B33: Open Forest | E33: =(E19/D19)*100 -> -32.051924
B34: Wooded Grassland | E34: =(E20/D20)*100 -> -3.396916
B35: Open Grassland | E35: =(E21/D21)*100 -> 5.454033
B36: Perennial Cropland | E36: =(E22/D22)*100 -> 200.1514
B37: Annual Cropland | E37: =(E23/D23)*100 -> 238.31106
B38: Vegetated Wetland | E38: =(E24/D24)*100 -> -47.12638
B39: Open Water | E39: =(E25/D25)*100 -> -14.528429
B40: Other land | E40: =(E26/D26)*100 -> -22.716934

Sheet Kakamega
A1: Sleek Class | B1: Land Cover | C1: 1990 | D1: 1995 | E1: 2000 | F1: 2002 | G1: 2003 | H1: 2004 | I1: 2005 | J1: 2006 | K1: 2007 | L1: 2008 | M1: 2009 | N1: 2010 | O1: 2011 | P1: 2012 | Q1: 2013 | R1: 2014 | S1: 2015 | T1: 2018
A2: 1 | B2: Dense Forest | C2: 22639.41 | D2: 17327.79 | E2: 16641.09 | F2: 22249.62 | G2: 16545.51 | H2: 20104.2 | I2: 17639.37 | J2: 17299.35 | K2: 17022.6 | L2: 19349.19 | M2: 19628.55 | N2: 18836.19 | O2: 19971.45 | P2: 19140.57 | Q2: 17887.41 | R2: 22452.84 | S2: 19230.84 | T2: 20097.63
A3: 2 | B3: Moderate Forest | C3: 2921.04 | D3: 7073.28 | E3: 390.78 | F3: 486.9 | G3: 381.33 | H3: 1350.72 | I3: 179.19 | J3: 1611.81 | K3: 557.01 | L3: 95.31 | M3: 201.96 | N3: 141.66 | O3: 1504.17 | P3: 617.76 | Q3: 1554.57 | R3: 87.57 | S3: 2558.16 | T3: 3942.27
A4: 3 | B4: Open Forest | C4: 368.55 | D4: 226.35 | E4: 326.7 | F4: 266.94 | G4: 313.02 | H4: 273.78 | I4: 40.5 | J4: 279 | K4: 3932.28 | L4: 289.98 | M4: 434.16 | N4: 199.35 | O4: 412.47 | P4: 888.39 | Q4: 2436.21 | R4: 1.08 | S4: 1623.33 | T4: 1782.27
A5: 4 | B5: Wooded Grassland | C5: 67276.17 | D5: 54892.8 | E5: 39319.83 | F5: 38703.24 | G5: 45565.56 | H5: 37702.8 | I5: 32697.72 | J5: 13896.72 | K5: 15689.34 | L5: 37918.17 | M5: 16950.33 | N5: 14543.37 | O5: 45671.4 | P5: 36718.56 | Q5: 29213.73 | R5: 25653.15 | S5: 24503.94 | T5: 22097.16
A6: 5 | B6: Open Grassland | C6: 43833.06 | D6: 39981.24 | E6: 50094.36 | F6: 43944.84 | G6: 50174.37 | H6: 42779.97 | I6: 35301.87 | J6: 17745.57 | K6: 13052.7 | L6: 24000.3 | M6: 24715.71 | N6: 21350.43 | O6: 21391.11 | P6: 16197.66 | Q6: 25852.5 | R6: 26245.89 | S6: 23903.64 | T6: 12342.24
A7: 6 | B7: Perennial Cropland | C7: 8912.79 | D7: 16097.85 | E7: 18673.11 | F7: 25222.23 | G7: 14743.44 | H7: 35972.01 | I7: 18616.59 | J7: 34900.92 | K7: 22521.06 | L7: 8345.79 | M7: 24418.98 | N7: 25871.31 | O7: 16343.73 | P7: 15021.09 | Q7: 15378.39 | R7: 16244.1 | S7: 8717.58 | T7: 2077.38
A8: 7 | B8: Annual Cropland | C8: 155340.63 | D8: 164413.44 | E8: 175792.14 | F8: 168622.02 | G8: 171275.94 | H8: 161059.41 | I8: 193398.3 | J8: 215630.1 | K8: 227971.53 | L8: 206505.81 | M8: 213046.92 | N8: 218904.12 | O8: 194316.57 | P8: 211685.94 | Q8: 208841.13 | R8: 209485.62 | S8: 219180.33 | T8: 237344.85
A9: 8 | B9: Vegetated Wetland | C9: 23.94 | D9: 0.63 | E9: 216.99 | F9: 970.83 | G9: 2059.29 | H9: 544.5 | I9: 2845.17 | J9: 487.89 | K9: 562.23 | L9: 1625.76 | M9: 412.65 | N9: 838.08 | O9: 1147.32 | P9: 0.9 | Q9: 2.34 | R9: 604.08 | S9: 264.78 | T9: 28.8
A10: 9 | B10: Open Water | C10: 393.75 | D10: 559.71 | E10: 377.64 | F10: 520.56 | G10: 635.67 | H10: 395.73 | I10: 965.16 | J10: 288.81 | K10: 467.46 | L10: 607.23 | M10: 1063.89 | N10: 952.38 | O10: 833.22 | P10: 1150.83 | Q10: 670.77 | R10: 750.69 | S10: 673.11 | T10: 714.78
A11: 10 | B11: Other land | C11: 528.57 | D11: 1664.82 | E11: 405.27 | F11: 1250.73 | G11: 543.78 | H11: 2054.79 | I11: 554.04 | J11: 97.74 | K11: 461.7 | L11: 3500.37 | M11: 1364.76 | N11: 601.02 | O11: 646.47 | P11: 816.21 | Q11: 400.86 | R11: 712.89 | S11: 1582.2 | T11: 1810.53
C12: =SUM(C2:C11) -> 302237.91
C15: moyenne 2015-2018 | D15: moyenne 1990-2000
A16: Sleek Class | B16: Land Cover
A17: 1 | B17: Dense Forest | C17: =AVERAGE(S2:T2) -> 19664.235 | D17: =AVERAGE(C2:E2) -> 18869.43 | E17: =C17-D17 -> 794.805
A18: 2 | B18: Moderate Forest | C18: =AVERAGE(S3:T3) -> 3250.215 | D18: =AVERAGE(C3:E3) -> 3461.7 | E18: =C18-D18 -> -211.485
A19: 3 | B19: Open Forest | C19: =AVERAGE(S4:T4) -> 1702.8 | D19: =AVERAGE(C4:E4) -> 307.2 | E19: =C19-D19 -> 1395.6
A20: 4 | B20: Wooded Grassland | C20: =AVERAGE(S5:T5) -> 23300.55 | D20: =AVERAGE(C5:E5) -> 53829.6 | E20: =C20-D20 -> -30529.05
A21: 5 | B21: Open Grassland | C21: =AVERAGE(S6:T6) -> 18122.94 | D21: =AVERAGE(C6:E6) -> 44636.22 | E21: =C21-D21 -> -26513.28
A22: 6 | B22: Perennial Cropland | C22: =AVERAGE(S7:T7) -> 5397.48 | D22: =AVERAGE(C7:E7) -> 14561.25 | E22: =C22-D22 -> -9163.77
A23: 7 | B23: Annual Cropland | C23: =AVERAGE(S8:T8) -> 228262.59 | D23: =AVERAGE(C8:E8) -> 165182.07 | E23: =C23-D23 -> 63080.52
A24: 8 | B24: Vegetated Wetland | C24: =AVERAGE(S9:T9) -> 146.79 | D24: =AVERAGE(C9:E9) -> 80.52 | E24: =C24-D24 -> 66.27
A25: 9 | B25: Open Water | C25: =AVERAGE(S10:T10) -> 693.945 | D25: =AVERAGE(C10:E10) -> 443.7 | E25: =C25-D25 -> 250.245
A26: 10 | B26: Other land | C26: =AVERAGE(S11:T11) -> 1696.365 | D26: =AVERAGE(C11:E11) -> 866.22 | E26: =C26-D26 -> 830.145
A30: As % of opening area
B31: Dense Forest | E31: =(E17/D17)*100 -> 4.2121304
B32: Moderate Forest | E32: =(E18/D18)*100 -> -6.1092816
B33: Open Forest | E33: =(E19/D19)*100 -> 454.29688
B34: Wooded Grassland | E34: =(E20/D20)*100 -> -56.714243
B35: Open Grassland | E35: =(E21/D21)*100 -> -59.398578
B36: Perennial Cropland | E36: =(E22/D22)*100 -> -62.932578
B37: Annual Cropland | E37: =(E23/D23)*100 -> 38.188479
B38: Vegetated Wetland | E38: =(E24/D24)*100 -> 82.302534
B39: Open Water | E39: =(E25/D25)*100 -> 56.399594
B40: Other land | E40: =(E26/D26)*100 -> 95.835354

Sheet Kericho
A1: Sleek Class | B1: Land Cover | C1: 1990 | D1: 1995 | E1: 2000 | F1: 2002 | G1: 2003 | H1: 2004 | I1: 2005 | J1: 2006 | K1: 2007 | L1: 2008 | M1: 2009 | N1: 2010 | O1: 2011 | P1: 2012 | Q1: 2013 | R1: 2014 | S1: 2015 | T1: 2018
A2: 1 | B2: Dense Forest | C2: 40799.34 | D2: 49532.13 | E2: 33338.61 | F2: 43213.77 | G2: 32303.25 | H2: 41452.38 | I2: 37927.44 | J2: 33442.65 | K2: 37289.34 | L2: 38622.42 | M2: 37816.74 | N2: 35185.59 | O2: 33438.15 | P2: 37378.98 | Q2: 39407.85 | R2: 42841.98 | S2: 36694.08 | T2: 32761.35
A3: 2 | B3: Moderate Forest | C3: 3993.93 | D3: 47.52 | E3: 7427.07 | F3: 4456.98 | G3: 8022.69 | H3: 3757.41 | I3: 8655.12 | J3: 10003.05 | K3: 6352.47 | L3: 7467.3 | M3: 6889.05 | N3: 7870.32 | O3: 10610.28 | P3: 10745.19 | Q3: 12076.65 | R3: 6247.53 | S3: 5497.65 | T3: 6419.07
A4: 3 | B4: Open Forest | C4: 194.31 | D4: 710.37 | E4: 467.46 | F4: 806.13 | G4: 2514.06 | H4: 2460.15 | I4: 1341.72 | J4: 2618.28 | K4: 2302.38 | L4: 800.19 | M4: 1906.74 | N4: 1233.09 | O4: 3821.49 | P4: 1909.98 | Q4: 3072.24 | R4: 2008.44 | S4: 490.59 | T4: 644.76
A5: 4 | B5: Wooded Grassland | C5: 44466.03 | D5: 56947.86 | E5: 51887.97 | F5: 23659.29 | G5: 56136.69 | H5: 34013.97 | I5: 45439.83 | J5: 15542.28 | K5: 19699.29 | L5: 41658.39 | M5: 32485.59 | N5: 41659.38 | O5: 15955.38 | P5: 29219.94 | Q5: 24974.19 | R5: 21142.98 | S5: 21704.4 | T5: 12092.13
A6: 5 | B6: Open Grassland | C6: 53049.6 | D6: 63764.55 | E6: 50553.9 | F6: 22897.71 | G6: 47484.9 | H6: 35808.66 | I6: 20870.01 | J6: 13519.08 | K6: 12494.43 | L6: 28138.68 | M6: 21574.26 | N6: 17339.4 | O6: 10370.25 | P6: 23108.04 | Q6: 19414.53 | R6: 26774.01 | S6: 14387.04 | T6: 11997.81
A7: 6 | B7: Perennial Cropland | C7: 10147.86 | D7: 10126.17 | E7: 12877.2 | F7: 15820.11 | G7: 10413.36 | H7: 11669.04 | I7: 10445.13 | J7: 14829.39 | K7: 12424.23 | L7: 9944.82 | M7: 15654.78 | N7: 16578.81 | O7: 14135.94 | P7: 11858.13 | Q7: 17743.41 | R7: 11886.84 | S7: 18922.41 | T7: 16522.56
A8: 7 | B8: Annual Cropland | C8: 99379.17 | D8: 70492.23 | E8: 95261.58 | F8: 140619.33 | G8: 94949.64 | H8: 122595.57 | I8: 127177.83 | J8: 161515.35 | K8: 160868.16 | L8: 124686.36 | M8: 133955.1 | N8: 131684.04 | O8: 163673.55 | P8: 137351.34 | Q8: 134079.3 | R8: 139829.13 | S8: 153777.06 | T8: 169492.86
A9: 8 | B9: Vegetated Wetland | C9: 1.17 | D9: 3.15 | E9: 64.98 | F9: 437.31 | G9: 90.63 | H9: 0.81 | I9: 34.65 | J9: 0 | K9: 424.44 | L9: 342.18 | M9: 1554.66 | N9: 443.52 | O9: 0 | P9: 0 | Q9: 239.76 | R9: 30.87 | S9: 0 | T9: 0
A10: 9 | B10: Open Water | C10: 72 | D10: 65.79 | E10: 47.34 | F10: 88.38 | G10: 114.03 | H10: 141.84 | I10: 130.05 | J10: 53.28 | K10: 56.43 | L10: 208.53 | M10: 137.34 | N10: 66.42 | O10: 64.17 | P10: 59.94 | Q10: 153.09 | R10: 127.26 | S10: 124.38 | T10: 251.1
A11: 10 | B11: Other land | C11: 62.1 | D11: 475.74 | E11: 239.4 | F11: 166.5 | G11: 136.26 | H11: 265.68 | I11: 143.73 | J11: 642.15 | K11: 254.34 | L11: 296.64 | M11: 191.25 | N11: 104.94 | O11: 96.3 | P11: 533.97 | Q11: 1004.49 | R11: 1276.47 | S11: 567.9 | T11: 1983.87
C12: =SUM(C2:C11) -> 252165.51
C15: moyenne 2015-2018 | D15: moyenne 1990-2000
A16: Sleek Class | B16: Land Cover
A17: 1 | B17: Dense Forest | C17: =AVERAGE(S2:T2) -> 34727.715 | D17: =AVERAGE(C2:E2) -> 41223.36 | E17: =C17-D17 -> -6495.645
A18: 2 | B18: Moderate Forest | C18: =AVERAGE(S3:T3) -> 5958.36 | D18: =AVERAGE(C3:E3) -> 3822.84 | E18: =C18-D18 -> 2135.52
A19: 3 | B19: Open Forest | C19: =AVERAGE(S4:T4) -> 567.675 | D19: =AVERAGE(C4:E4) -> 457.38 | E19: =C19-D19 -> 110.295
A20: 4 | B20: Wooded Grassland | C20: =AVERAGE(S5:T5) -> 16898.265 | D20: =AVERAGE(C5:E5) -> 51100.62 | E20: =C20-D20 -> -34202.355
A21: 5 | B21: Open Grassland | C21: =AVERAGE(S6:T6) -> 13192.425 | D21: =AVERAGE(C6:E6) -> 55789.35 | E21: =C21-D21 -> -42596.925
A22: 6 | B22: Perennial Cropland | C22: =AVERAGE(S7:T7) -> 17722.485 | D22: =AVERAGE(C7:E7) -> 11050.41 | E22: =C22-D22 -> 6672.075
A23: 7 | B23: Annual Cropland | C23: =AVERAGE(S8:T8) -> 161634.96 | D23: =AVERAGE(C8:E8) -> 88377.66 | E23: =C23-D23 -> 73257.3
A24: 8 | B24: Vegetated Wetland | C24: =AVERAGE(S9:T9) -> 0 | D24: =AVERAGE(C9:E9) -> 23.1 | E24: =C24-D24 -> -23.1
A25: 9 | B25: Open Water | C25: =AVERAGE(S10:T10) -> 187.74 | D25: =AVERAGE(C10:E10) -> 61.71 | E25: =C25-D25 -> 126.03
A26: 10 | B26: Other land | C26: =AVERAGE(S11:T11) -> 1275.885 | D26: =AVERAGE(C11:E11) -> 259.08 | E26: =C26-D26 -> 1016.805
A30: As % of opening area
B31: Dense Forest | E31: =(E17/D17)*100 -> -15.757194
B32: Moderate Forest | E32: =(E18/D18)*100 -> 55.862134
B33: Open Forest | E33: =(E19/D19)*100 -> 24.114522
B34: Wooded Grassland | E34: =(E20/D20)*100 -> -66.931389
B35: Open Grassland | E35: =(E21/D21)*100 -> -76.353148
B36: Perennial Cropland | E36: =(E22/D22)*100 -> 60.378529
B37: Annual Cropland | E37: =(E23/D23)*100 -> 82.891197
B38: Vegetated Wetland | E38: =(E24/D24)*100 -> -100
B39: Open Water | E39: =(E25/D25)*100 -> 204.22946
B40: Other land | E40: =(E26/D26)*100 -> 392.46758

Sheet Kiambu
A1: Sleek Class | B1: Land Cover | C1: 1990 | D1: 1995 | E1: 2000 | F1: 2002 | G1: 2003 | H1: 2004 | I1: 2005 | J1: 2006 | K1: 2007 | L1: 2008 | M1: 2009 | N1: 2010 | O1: 2011 | P1: 2012 | Q1: 2013 | R1: 2014 | S1: 2015 | T1: 2018
A2: 1 | B2: Dense Forest | C2: 40603.95 | D2: 33128.55 | E2: 31364.37 | F2: 45270.99 | G2: 31952.88 | H2: 31564.35 | I2: 41196.69 | J2: 32483.34 | K2: 34921.08 | L2: 37659.6 | M2: 41007.51 | N2: 42339.51 | O2: 40006.26 | P2: 46377.81 | Q2: 37654.38 | R2: 38455.38 | S2: 36550.08 | T2: 47693.88
A3: 2 | B3: Moderate Forest | C3: 7461.09 | D3: 9472.59 | E3: 9088.02 | F3: 7216.02 | G3: 4907.52 | H3: 5728.14 | I3: 6553.35 | J3: 6045.57 | K3: 5885.1 | L3: 7355.07 | M3: 4980.33 | N3: 4183.11 | O3: 10776.33 | P3: 5487.12 | Q3: 2908.62 | R3: 754.02 | S3: 5362.02 | T3: 1383.3
A4: 3 | B4: Open Forest | C4: 2274.03 | D4: 4197.87 | E4: 1052.1 | F4: 4260.15 | G4: 1024.02 | H4: 8783.64 | I4: 815.58 | J4: 128.25 | K4: 115.38 | L4: 5097.78 | M4: 537.57 | N4: 565.65 | O4: 262.44 | P4: 3.15 | Q4: 38.97 | R4: 258.03 | S4: 197.46 | T4: 39.33
A5: 4 | B5: Wooded Grassland | C5: 44817.75 | D5: 49888.8 | E5: 49113.72 | F5: 26212.32 | G5: 52673.49 | H5: 21735.9 | I5: 44537.49 | J5: 25926.21 | K5: 27743.4 | L5: 36741.24 | M5: 32872.68 | N5: 45166.32 | O5: 17663.4 | P5: 39859.47 | Q5: 22221.27 | R5: 50733.36 | S5: 39144.42 | T5: 42016.23
A6: 5 | B6: Open Grassland | C6: 38010.96 | D6: 44135.82 | E6: 56417.67 | F6: 44208.09 | G6: 54226.89 | H6: 30467.25 | I6: 66286.53 | J6: 31913.28 | K6: 25380.81 | L6: 35555.85 | M6: 38512.71 | N6: 38259.99 | O6: 33363.9 | P6: 35241.75 | Q6: 35920.08 | R6: 36823.5 | S6: 31892.94 | T6: 30920.22
A7: 6 | B7: Perennial Cropland | C7: 50088.42 | D7: 42645.69 | E7: 40871.16 | F7: 29060.1 | G7: 34914.78 | H7: 36841.5 | I7: 34182.54 | J7: 39908.07 | K7: 35124.93 | L7: 41004.63 | M7: 35693.28 | N7: 22329.36 | O7: 40661.19 | P7: 29126.16 | Q7: 24706.71 | R7: 35224.65 | S7: 36893.61 | T7: 31036.14
A8: 7 | B8: Annual Cropland | C8: 66374.37 | D8: 69992.1 | E8: 65005.2 | F8: 96859.44 | G8: 73556.28 | H8: 118130.85 | I8: 59625 | J8: 116287.02 | K8: 121695.84 | L8: 88944.03 | M8: 99688.32 | N8: 99674.55 | O8: 109322.82 | P8: 96391.08 | Q8: 128188.35 | R8: 90601.83 | S8: 101366.73 | T8: 98788.14
A9: 8 | B9: Vegetated Wetland | C9: 60.66 | D9: 67.5 | E9: 270.18 | F9: 276.48 | G9: 153.27 | H9: 50.13 | I9: 68.13 | J9: 2.16 | K9: 1103.22 | L9: 211.14 | M9: 0.09 | N9: 279.36 | O9: 0 | P9: 1.17 | Q9: 1.98 | R9: 1.62 | S9: 58.5 | T9: 0
A10: 9 | B10: Open Water | C10: 564.75 | D10: 463.86 | E10: 762.21 | F10: 379.89 | G10: 421.38 | H10: 379.17 | I10: 391.23 | J10: 940.95 | K10: 326.79 | L10: 412.65 | M10: 532.08 | N10: 361.98 | O10: 246.33 | P10: 405.36 | Q10: 370.53 | R10: 375.93 | S10: 199.53 | T10: 497.07
A11: 10 | B11: Other land | C11: 4214.61 | D11: 477.81 | E11: 525.96 | F11: 727.11 | G11: 640.08 | H11: 789.66 | I11: 814.05 | J11: 835.74 | K11: 2174.04 | L11: 1488.6 | M11: 646.02 | N11: 1310.76 | O11: 2167.92 | P11: 1577.52 | Q11: 2459.7 | R11: 1242.27 | S11: 2805.3 | T11: 2096.28
C12: =SUM(C2:C11) -> 254470.59
C15: moyenne 2015-2018 | D15: moyenne 1990-2000
A16: Sleek Class | B16: Land Cover
A17: 1 | B17: Dense Forest | C17: =AVERAGE(S2:T2) -> 42121.98 | D17: =AVERAGE(C2:E2) -> 35032.29 | E17: =C17-D17 -> 7089.69
A18: 2 | B18: Moderate Forest | C18: =AVERAGE(S3:T3) -> 3372.66 | D18: =AVERAGE(C3:E3) -> 8673.9 | E18: =C18-D18 -> -5301.24
A19: 3 | B19: Open Forest | C19: =AVERAGE(S4:T4) -> 118.395 | D19: =AVERAGE(C4:E4) -> 2508 | E19: =C19-D19 -> -2389.605
A20: 4 | B20: Wooded Grassland | C20: =AVERAGE(S5:T5) -> 40580.325 | D20: =AVERAGE(C5:E5) -> 47940.09 | E20: =C20-D20 -> -7359.765
A21: 5 | B21: Open Grassland | C21: =AVERAGE(S6:T6) -> 31406.58 | D21: =AVERAGE(C6:E6) -> 46188.15 | E21: =C21-D21 -> -14781.57
A22: 6 | B22: Perennial Cropland | C22: =AVERAGE(S7:T7) -> 33964.875 | D22: =AVERAGE(C7:E7) -> 44535.09 | E22: =C22-D22 -> -10570.215
A23: 7 | B23: Annual Cropland | C23: =AVERAGE(S8:T8) -> 100077.43 | D23: =AVERAGE(C8:E8) -> 67123.89 | E23: =C23-D23 -> 32953.545
A24: 8 | B24: Vegetated Wetland | C24: =AVERAGE(S9:T9) -> 29.25 | D24: =AVERAGE(C9:E9) -> 132.78 | E24: =C24-D24 -> -103.53
A25: 9 | B25: Open Water | C25: =AVERAGE(S10:T10) -> 348.3 | D25: =AVERAGE(C10:E10) -> 596.94 | E25: =C25-D25 -> -248.64
A26: 10 | B26: Other land | C26: =AVERAGE(S11:T11) -> 2450.79 | D26: =AVERAGE(C11:E11) -> 1739.46 | E26: =C26-D26 -> 711.33
A30: As % of opening area
B31: Dense Forest | E31: =(E17/D17)*100 -> 20.237587
B32: Moderate Forest | E32: =(E18/D18)*100 -> -61.117145
B33: Open Forest | E33: =(E19/D19)*100 -> -95.279306
B34: Wooded Grassland | E34: =(E20/D20)*100 -> -15.352005
B35: Open Grassland | E35: =(E21/D21)*100 -> -32.002949
B36: Perennial Cropland | E36: =(E22/D22)*100 -> -23.734576
B37: Annual Cropland | E37: =(E23/D23)*100 -> 49.093616
B38: Vegetated Wetland | E38: =(E24/D24)*100 -> -77.97108
B39: Open Water | E39: =(E25/D25)*100 -> -41.652427
B40: Other land | E40: =(E26/D26)*100 -> 40.893726

Sheet Kilifi
A1: Sleek Class | B1: Land Cover | C1: 1990 | D1: 1995 | E1: 2000 | F1: 2002 | G1: 2003 | H1: 2004 | I1: 2005 | J1: 2006 | K1: 2007 | L1: 2008 | M1: 2009 | N1: 2010 | O1: 2011 | P1: 2012 | Q1: 2013 | R1: 2014 | S1: 2015 | T1: 2018
A2: 1 | B2: Dense Forest | C2: 63871.47 | D2: 82499.04 | E2: 20384.01 | F2: 31488.3 | G2: 35066.34 | H2: 49560.03 | I2: 31776.66 | J2: 39952.71 | K2: 29820.51 | L2: 50673.06 | M2: 32454.63 | N2: 27911.61 | O2: 43812.09 | P2: 42070.5 | Q2: 48086.64 | R2: 55323.81 | S2: 41842.35 | T2: 57152.7
A3: 2 | B3: Moderate Forest | C3: 110491.2 | D3: 139322.88 | E3: 156443.67 | F3: 128689.47 | G3: 106353.72 | H3: 56667.06 | I3: 127825.74 | J3: 73602.36 | K3: 115958.88 | L3: 82414.26 | M3: 167549.4 | N3: 177432.57 | O3: 112881.6 | P3: 87405.21 | Q3: 87456.06 | R3: 66296.97 | S3: 85755.78 | T3: 92149.11
A4: 3 | B4: Open Forest | C4: 10739.79 | D4: 6542.73 | E4: 18464.67 | F4: 17063.64 | G4: 15149.7 | H4: 67248.54 | I4: 21313.98 | J4: 71532.63 | K4: 34466.13 | L4: 48656.79 | M4: 12859.83 | N4: 9422.28 | O4: 35270.19 | P4: 1708.56 | Q4: 11994.57 | R4: 5020.47 | S4: 17361.54 | T4: 23267.79
A5: 4 | B5: Wooded Grassland | C5: 1018559.2 | D5: 975327.93 | E5: 921999.96 | F5: 1022214.9 | G5: 1015464.9 | H5: 999525.69 | I5: 1025606.6 | J5: 963420.75 | K5: 982070.73 | L5: 955816.83 | M5: 961836.03 | N5: 961583.76 | O5: 742986.9 | P5: 1022736.1 | Q5: 1012435.5 | R5: 1016679.2 | S5: 950631.39 | T5: 920866.41
A6: 5 | B6: Open Grassland | C6: 16471.8 | D6: 8852.22 | E6: 101580.84 | F6: 10795.05 | G6: 53777.34 | H6: 20521.89 | I6: 9778.41 | J6: 31554.54 | K6: 28691.91 | L6: 59149.08 | M6: 20852.73 | N6: 20144.25 | O6: 203190.48 | P6: 26355.33 | Q6: 32064.48 | R6: 24098.13 | S6: 55362.6 | T6: 28091.25
A7: 6 | B7: Perennial Cropland | C7: 4106.34 | D7: 4710.6 | E7: 3074.76 | F7: 9994.59 | G7: 4272.3 | H7: 1220.13 | I7: 4859.1 | J7: 2518.47 | K7: 5013.36 | L7: 8171.37 | M7: 5341.77 | N7: 4357.35 | O7: 6285.69 | P7: 6619.95 | Q7: 5764.14 | R7: 7101.9 | S7: 3730.86 | T7: 8091
A8: 7 | B8: Annual Cropland | C8: 18795.78 | D8: 28213.11 | E8: 19180.62 | F8: 22317.03 | G8: 13683.06 | H8: 36231.21 | I8: 16865.01 | J8: 37307.61 | K8: 43749.99 | L8: 34221.15 | M8: 36724.95 | N8: 36418.05 | O8: 95198.22 | P8: 54830.88 | Q8: 42247.98 | R8: 65909.43 | S8: 76920.66 | T8: 106274.61
A9: 8 | B9: Vegetated Wetland | C9: 27.99 | D9: 14.58 | E9: 115.11 | F9: 0 | G9: 0 | H9: 0 | I9: 0 | J9: 0 | K9: 0 | L9: 0 | M9: 0 | N9: 0 | O9: 0 | P9: 0 | Q9: 0 | R9: 110.25 | S9: 25.92 | T9: 2614.86
A10: 9 | B10: Open Water | C10: 3855.06 | D10: 3387.87 | E10: 4101.21 | F10: 3163.41 | G10: 3304.8 | H10: 2819.88 | I10: 3615.66 | J10: 2787.48 | K10: 3388.5 | L10: 3459.06 | M10: 3833.46 | N10: 4385.52 | O10: 3925.08 | P10: 4092.75 | Q10: 3819.69 | R10: 3776.76 | S10: 5281.47 | T10: 4298.22
A11: 10 | B11: Other land | C11: 3701.79 | D11: 1749.51 | E11: 5275.62 | F11: 4894.11 | G11: 3548.34 | H11: 16826.04 | I11: 8979.3 | J11: 27943.92 | K11: 7460.46 | L11: 8058.87 | M11: 9167.67 | N11: 8965.08 | O11: 7070.22 | P11: 4801.23 | Q11: 6751.44 | R11: 6303.6 | S11: 13707.9 | T11: 7814.52
C12: =SUM(C2:C11) -> 1250620.5
C15: moyenne 2015-2018 | D15: moyenne 1990-2000
A16: Sleek Class | B16: Land Cover
A17: 1 | B17: Dense Forest | C17: =AVERAGE(S2:T2) -> 49497.525 | D17: =AVERAGE(C2:E2) -> 55584.84 | E17: =C17-D17 -> -6087.315
A18: 2 | B18: Moderate Forest | C18: =AVERAGE(S3:T3) -> 88952.445 | D18: =AVERAGE(C3:E3) -> 135419.25 | E18: =C18-D18 -> -46466.805
A19: 3 | B19: Open Forest | C19: =AVERAGE(S4:T4) -> 20314.665 | D19: =AVERAGE(C4:E4) -> 11915.73 | E19: =C19-D19 -> 8398.935
A20: 4 | B20: Wooded Grassland | C20: =AVERAGE(S5:T5) -> 935748.9 | D20: =AVERAGE(C5:E5) -> 971962.38 | E20: =C20-D20 -> -36213.48
A21: 5 | B21: Open Grassland | C21: =AVERAGE(S6:T6) -> 41726.925 | D21: =AVERAGE(C6:E6) -> 42301.62 | E21: =C21-D21 -> -574.695
A22: 6 | B22: Perennial Cropland | C22: =AVERAGE(S7:T7) -> 5910.93 | D22: =AVERAGE(C7:E7) -> 3963.9 | E22: =C22-D22 -> 1947.03
A23: 7 | B23: Annual Cropland | C23: =AVERAGE(S8:T8) -> 91597.635 | D23: =AVERAGE(C8:E8) -> 22063.17 | E23: =C23-D23 -> 69534.465
A24: 8 | B24: Vegetated Wetland | C24: =AVERAGE(S9:T9) -> 1320.39 | D24: =AVERAGE(C9:E9) -> 52.56 | E24: =C24-D24 -> 1267.83
A25: 9 | B25: Open Water | C25: =AVERAGE(S10:T10) -> 4789.845 | D25: =AVERAGE(C10:E10) -> 3781.38 | E25: =C25-D25 -> 1008.465
A26: 10 | B26: Other land | C26: =AVERAGE(S11:T11) -> 10761.21 | D26: =AVERAGE(C11:E11) -> 3575.64 | E26: =C26-D26 -> 7185.57
A30: As % of opening area
B31: Dense Forest | E31: =(E17/D17)*100 -> -10.951394
B32: Moderate Forest | E32: =(E18/D18)*100 -> -34.313294
B33: Open Forest | E33: =(E19/D19)*100 -> 70.486114
B34: Wooded Grassland | E34: =(E20/D20)*100 -> -3.7258109
B35: Open Grassland | E35: =(E21/D21)*100 -> -1.358565
B36: Perennial Cropland | E36: =(E22/D22)*100 -> 49.119049
B37: Annual Cropland | E37: =(E23/D23)*100 -> 315.16081
B38: Vegetated Wetland | E38: =(E24/D24)*100 -> 2412.1575
B39: Open Water | E39: =(E25/D25)*100 -> 26.669232
B40: Other land | E40: =(E26/D26)*100 -> 200.95899

Sheet Kirinyaga
A1: Sleek Class | B1: Land Cover | C1: 1990 | D1: 1995 | E1: 2000 | F1: 2002 | G1: 2003 | H1: 2004 | I1: 2005 | J1: 2006 | K1: 2007 | L1: 2008 | M1: 2009 | N1: 2010 | O1: 2011 | P1: 2012 | Q1: 2013 | R1: 2014 | S1: 2015 | T1: 2018
A2: 1 | B2: Dense Forest | C2: 32855.22 | D2: 30570.57 | E2: 32490 | F2: 32027.13 | G2: 29454.39 | H2: 29765.34 | I2: 30589.38 | J2: 30987.81 | K2: 31165.74 | L2: 31673.25 | M2: 30620.43 | N2: 30385.89 | O2: 34886.34 | P2: 31786.83 | Q2: 33450.57 | R2: 32811.48 | S2: 32547.42 | T2: 33879.69
A3: 2 | B3: Moderate Forest | C3: 3.69 | D3: 30.42 | E3: 622.26 | F3: 225.27 | G3: 469.89 | H3: 353.52 | I3: 469.98 | J3: 114.93 | K3: 638.46 | L3: 260.28 | M3: 81.81 | N3: 313.02 | O3: 363.78 | P3: 123.03 | Q3: 2262.06 | R3: 908.55 | S3: 322.92 | T3: 912.42
A4: 3 | B4: Open Forest | C4: 0 | D4: 65.7 | E4: 1102.14 | F4: 315.81 | G4: 421.65 | H4: 639.9 | I4: 28.8 | J4: 359.55 | K4: 12.87 | L4: 193.59 | M4: 23.76 | N4: 0.09 | O4: 186.66 | P4: 0 | Q4: 519.39 | R4: 0.45 | S4: 0.45 | T4: 0.99
A5: 4 | B5: Wooded Grassland | C5: 32308.2 | D5: 35240.4 | E5: 29191.05 | F5: 14443.92 | G5: 35122.86 | H5: 9923.76 | I5: 14064.75 | J5: 9428.94 | K5: 6598.17 | L5: 10897.47 | M5: 13292.1 | N5: 6706.89 | O5: 10482.12 | P5: 18366.21 | Q5: 15289.92 | R5: 11096.55 | S5: 17159.94 | T5: 12357.99
A6: 5 | B6: Open Grassland | C6: 2817.27 | D6: 5281.11 | E6: 11934.63 | F6: 4282.38 | G6: 13536.72 | H6: 3692.25 | I6: 7230.6 | J6: 3420.09 | K6: 5294.16 | L6: 5461.11 | M6: 6645.24 | N6: 2984.04 | O6: 4501.98 | P6: 2909.61 | Q6: 3744.45 | R6: 3428.1 | S6: 4224.78 | T6: 3413.07
A7: 6 | B7: Perennial Cropland | C7: 18981.09 | D7: 6390.63 | E7: 7474.41 | F7: 9359.37 | G7: 11702.97 | H7: 9933.48 | I7: 10806.75 | J7: 13627.53 | K7: 6462.99 | L7: 9860.22 | M7: 8510.94 | N7: 13110.39 | O7: 10427.94 | P7: 12232.26 | Q7: 11512.8 | R7: 19375.56 | S7: 13945.23 | T7: 15422.22
A8: 7 | B8: Annual Cropland | C8: 59431.5 | D8: 68704.74 | E8: 62953.2 | F8: 85627.44 | G8: 55304.01 | H8: 91730.7 | I8: 82743.57 | J8: 87833.07 | K8: 95069.61 | L8: 87791.67 | M8: 87215.4 | N8: 92766.51 | O8: 85643.01 | P8: 80526.51 | Q8: 79495.92 | R8: 78499.89 | S8: 77465.79 | T8: 79584.93
A9: 8 | B9: Vegetated Wetland | C9: 37.44 | D9: 51.48 | E9: 32.31 | F9: 56.97 | G9: 20.88 | H9: 35.28 | I9: 87.66 | J9: 135.18 | K9: 195.39 | L9: 56.7 | M9: 19.08 | N9: 6.75 | O9: 0 | P9: 0 | Q9: 56.43 | R9: 0 | S9: 22.77 | T9: 92.16
A10: 9 | B10: Open Water | C10: 56.16 | D10: 148.14 | E10: 750.69 | F10: 125.46 | G10: 350.46 | H10: 90.36 | I10: 208.35 | J10: 390.42 | K10: 348.39 | L10: 122.58 | M10: 17.1 | N10: 2.34 | O10: 24.12 | P10: 162.99 | Q10: 57.69 | R10: 28.98 | S10: 142.47 | T10: 164.52
A11: 10 | B11: Other land | C11: 1044.63 | D11: 1052.01 | E11: 984.51 | F11: 1071.45 | G11: 1151.37 | H11: 1370.61 | I11: 1305.36 | J11: 1237.68 | K11: 1749.42 | L11: 1218.33 | M11: 1109.34 | N11: 1259.28 | O11: 1019.25 | P11: 1427.76 | Q11: 1145.97 | R11: 1385.64 | S11: 1703.43 | T11: 1707.21
C12: =SUM(C2:C11) -> 147535.2
C15: moyenne 2015-2018 | D15: moyenne 1990-2000
A16: Sleek Class | B16: Land Cover
A17: 1 | B17: Dense Forest | C17: =AVERAGE(S2:T2) -> 33213.555 | D17: =AVERAGE(C2:E2) -> 31971.93 | E17: =C17-D17 -> 1241.625
A18: 2 | B18: Moderate Forest | C18: =AVERAGE(S3:T3) -> 617.67 | D18: =AVERAGE(C3:E3) -> 218.79 | E18: =C18-D18 -> 398.88
A19: 3 | B19: Open Forest | C19: =AVERAGE(S4:T4) -> 0.72 | D19: =AVERAGE(C4:E4) -> 389.28 | E19: =C19-D19 -> -388.56
A20: 4 | B20: Wooded Grassland | C20: =AVERAGE(S5:T5) -> 14758.965 | D20: =AVERAGE(C5:E5) -> 32246.55 | E20: =C20-D20 -> -17487.585
A21: 5 | B21: Open Grassland | C21: =AVERAGE(S6:T6) -> 3818.925 | D21: =AVERAGE(C6:E6) -> 6677.67 | E21: =C21-D21 -> -2858.745
A22: 6 | B22: Perennial Cropland | C22: =AVERAGE(S7:T7) -> 14683.725 | D22: =AVERAGE(C7:E7) -> 10948.71 | E22: =C22-D22 -> 3735.015
A23: 7 | B23: Annual Cropland | C23: =AVERAGE(S8:T8) -> 78525.36 | D23: =AVERAGE(C8:E8) -> 63696.48 | E23: =C23-D23 -> 14828.88
A24: 8 | B24: Vegetated Wetland | C24: =AVERAGE(S9:T9) -> 57.465 | D24: =AVERAGE(C9:E9) -> 40.41 | E24: =C24-D24 -> 17.055
A25: 9 | B25: Open Water | C25: =AVERAGE(S10:T10) -> 153.495 | D25: =AVERAGE(C10:E10) -> 318.33 | E25: =C25-D25 -> -164.835
A26: 10 | B26: Other land | C26: =AVERAGE(S11:T11) -> 1705.32 | D26: =AVERAGE(C11:E11) -> 1027.05 | E26: =C26-D26 -> 678.27
A30: As % of opening area
B31: Dense Forest | E31: =(E17/D17)*100 -> 3.8834847
B32: Moderate Forest | E32: =(E18/D18)*100 -> 182.31181
B33: Open Forest | E33: =(E19/D19)*100 -> -99.815043
B34: Wooded Grassland | E34: =(E20/D20)*100 -> -54.230871
B35: Open Grassland | E35: =(E21/D21)*100 -> -42.810516
B36: Perennial Cropland | E36: =(E22/D22)*100 -> 34.113745
B37: Annual Cropland | E37: =(E23/D23)*100 -> 23.280533
B38: Vegetated Wetland | E38: =(E24/D24)*100 -> 42.2049
B39: Open Water | E39: =(E25/D25)*100 -> -51.78117
B40: Other land | E40: =(E26/D26)*100 -> 66.040602

Sheet Kisii
A1: Sleek Class | B1: Land Cover | C1: 1990 | D1: 1995 | E1: 2000 | F1: 2002 | G1: 2003 | H1: 2004 | I1: 2005 | J1: 2006 | K1: 2007 | L1: 2008 | M1: 2009 | N1: 2010 | O1: 2011 | P1: 2012 | Q1: 2013 | R1: 2014 | S1: 2015 | T1: 2018
A2: 1 | B2: Dense Forest | C2: 3646.89 | D2: 6144.66 | E2: 1456.56 | F2: 6109.47 | G2: 826.29 | H2: 10911.87 | I2: 2106.27 | J2: 4417.92 | K2: 2049.39 | L2: 2111.85 | M2: 2784.87 | N2: 3547.26 | O2: 1587.42 | P2: 3503.43 | Q2: 6405.39 | R2: 3459.15 | S2: 6258.42 | T2: 4114.17
A3: 2 | B3: Moderate Forest | C3: 0.18 | D3: 0 | E3: 213.3 | F3: 30.06 | G3: 217.62 | H3: 28.62 | I3: 251.91 | J3: 11.34 | K3: 447.84 | L3: 53.46 | M3: 0.63 | N3: 0.63 | O3: 121.14 | P3: 11.7 | Q3: 182.43 | R3: 399.24 | S3: 528.66 | T3: 378.09
A4: 3 | B4: Open Forest | C4: 121.59 | D4: 92.7 | E4: 852.66 | F4: 669.06 | G4: 1998.81 | H4: 859.86 | I4: 1732.23 | J4: 853.2 | K4: 370.35 | L4: 842.31 | M4: 303.3 | N4: 1236.6 | O4: 1328.58 | P4: 262.71 | Q4: 422.91 | R4: 196.65 | S4: 211.41 | T4: 67.5
A5: 4 | B5: Wooded Grassland | C5: 6041.79 | D5: 14543.01 | E5: 7284.06 | F5: 8359.02 | G5: 10951.02 | H5: 13631.58 | I5: 16737.3 | J5: 3821.67 | K5: 2642.13 | L5: 11740.77 | M5: 5029.83 | N5: 5545.44 | O5: 12516.21 | P5: 9630.27 | Q5: 5321.52 | R5: 13008.87 | S5: 8188.74 | T5: 17339.22
A6: 5 | B6: Open Grassland | C6: 18641.16 | D6: 15999.12 | E6: 18683.64 | F6: 7587.09 | G6: 9368.1 | H6: 2735.01 | I6: 5972.04 | J6: 1717.02 | K6: 3640.59 | L6: 7602.66 | M6: 4322.16 | N6: 1183.23 | O6: 1181.43 | P6: 5502.6 | Q6: 1499.58 | R6: 4028.4 | S6: 4893.93 | T6: 3560.94
A7: 6 | B7: Perennial Cropland | C7: 536.31 | D7: 392.94 | E7: 1564.02 | F7: 1685.7 | G7: 679.14 | H7: 3723.48 | I7: 1469.79 | J7: 1896.03 | K7: 546.3 | L7: 1145.34 | M7: 678.24 | N7: 1701.9 | O7: 3747.69 | P7: 515.25 | Q7: 887.4 | R7: 4887.54 | S7: 2664.9 | T7: 3509.73
A8: 7 | B8: Annual Cropland | C8: 102917.79 | D8: 94808.61 | E8: 101849.49 | F8: 107188.2 | G8: 107897.94 | H8: 99845.19 | I8: 102972.06 | J8: 119171.16 | K8: 122004 | L8: 107578.08 | M8: 118133.82 | N8: 118008.27 | O8: 111281.4 | P8: 112063.41 | Q8: 117006.93 | R8: 105583.41 | S8: 108596.07 | T8: 101507.22
A9: 8 | B9: Vegetated Wetland | C9: 1.98 | D9: 0 | E9: 2.88 | F9: 204.3 | G9: 5.49 | H9: 0 | I9: 0 | J9: 0 | K9: 49.86 | L9: 1.44 | M9: 0 | N9: 0 | O9: 0 | P9: 0 | Q9: 4.95 | R9: 0 | S9: 32.67 | T9: 0
A10: 9 | B10: Open Water | C10: 32.31 | D10: 4.86 | E10: 56.34 | F10: 20.97 | G10: 38.16 | H10: 14.49 | I10: 40.41 | J10: 51.39 | K10: 51.84 | L10: 21.69 | M10: 29.61 | N10: 38.07 | O10: 17.46 | P10: 51.93 | Q10: 1.89 | R10: 6.39 | S10: 7.2 | T10: 3.69
A11: 10 | B11: Other land | C11: 50.94 | D11: 5.04 | E11: 27.99 | F11: 137.07 | G11: 8.37 | H11: 240.84 | I11: 708.93 | J11: 51.21 | K11: 188.64 | L11: 893.34 | M11: 708.48 | N11: 729.54 | O11: 209.61 | P11: 449.64 | Q11: 257.94 | R11: 421.29 | S11: 608.94 | T11: 1510.38
C12: =SUM(C2:C11) -> 131990.94
C15: moyenne 2015-2018 | D15: moyenne 1990-2000
A16: Sleek Class | B16: Land Cover
A17: 1 | B17: Dense Forest | C17: =AVERAGE(S2:T2) -> 5186.295 | D17: =AVERAGE(C2:E2) -> 3749.37 | E17: =C17-D17 -> 1436.925
A18: 2 | B18: Moderate Forest | C18: =AVERAGE(S3:T3) -> 453.375 | D18: =AVERAGE(C3:E3) -> 71.16 | E18: =C18-D18 -> 382.215
A19: 3 | B19: Open Forest | C19: =AVERAGE(S4:T4) -> 139.455 | D19: =AVERAGE(C4:E4) -> 355.65 | E19: =C19-D19 -> -216.195
A20: 4 | B20: Wooded Grassland | C20: =AVERAGE(S5:T5) -> 12763.98 | D20: =AVERAGE(C5:E5) -> 9289.62 | E20: =C20-D20 -> 3474.36
A21: 5 | B21: Open Grassland | C21: =AVERAGE(S6:T6) -> 4227.435 | D21: =AVERAGE(C6:E6) -> 17774.64 | E21: =C21-D21 -> -13547.205
A22: 6 | B22: Perennial Cropland | C22: =AVERAGE(S7:T7) -> 3087.315 | D22: =AVERAGE(C7:E7) -> 831.09 | E22: =C22-D22 -> 2256.225
A23: 7 | B23: Annual Cropland | C23: =AVERAGE(S8:T8) -> 105051.65 | D23: =AVERAGE(C8:E8) -> 99858.63 | E23: =C23-D23 -> 5193.015
A24: 8 | B24: Vegetated Wetland | C24: =AVERAGE(S9:T9) -> 16.335 | D24: =AVERAGE(C9:E9) -> 1.62 | E24: =C24-D24 -> 14.715
A25: 9 | B25: Open Water | C25: =AVERAGE(S10:T10) -> 5.445 | D25: =AVERAGE(C10:E10) -> 31.17 | E25: =C25-D25 -> -25.725
A26: 10 | B26: Other land | C26: =AVERAGE(S11:T11) -> 1059.66 | D26: =AVERAGE(C11:E11) -> 27.99 | E26: =C26-D26 -> 1031.67
A30: As % of opening area
B31: Dense Forest | E31: =(E17/D17)*100 -> 38.324439
B32: Moderate Forest | E32: =(E18/D18)*100 -> 537.12057
B33: Open Forest | E33: =(E19/D19)*100 -> -60.788697
B34: Wooded Grassland | E34: =(E20/D20)*100 -> 37.400453
B35: Open Grassland | E35: =(E21/D21)*100 -> -76.21648
B36: Perennial Cropland | E36: =(E22/D22)*100 -> 271.47782
B37: Annual Cropland | E37: =(E23/D23)*100 -> 5.2003668
B38: Vegetated Wetland | E38: =(E24/D24)*100 -> 908.33333
B39: Open Water | E39: =(E25/D25)*100 -> -82.53128
B40: Other land | E40: =(E26/D26)*100 -> 3685.8521

Sheet Kisumu
A1: Sleek Class | B1: Land Cover | C1: 1990 | D1: 1995 | E1: 2000 | F1: 2002 | G1: 2003 | H1: 2004 | I1: 2005 | J1: 2006 | K1: 2007 | L1: 2008 | M1: 2009 | N1: 2010 | O1: 2011 | P1: 2012 | Q1: 2013 | R1: 2014 | S1: 2015 | T1: 2018
A2: 1 | B2: Dense Forest | C2: 365.49 | D2: 266.94 | E2: 167.85 | F2: 418.14 | G2: 90.36 | H2: 460.62 | I2: 37.26 | J2: 157.68 | K2: 526.41 | L2: 94.5 | M2: 113.94 | N2: 113.76 | O2: 84.24 | P2: 347.04 | Q2: 271.44 | R2: 384.93 | S2: 177.75 | T2: 235.71
A3: 2 | B3: Moderate Forest | C3: 174.6 | D3: 275.4 | E3: 1.26 | F3: 6.48 | G3: 10.89 | H3: 3.51 | I3: 1.08 | J3: 17.55 | K3: 85.59 | L3: 16.65 | M3: 1.98 | N3: 1.17 | O3: 878.67 | P3: 33.75 | Q3: 268.65 | R3: 14.94 | S3: 137.88 | T3: 748.35
A4: 3 | B4: Open Forest | C4: 0.09 | D4: 0.54 | E4: 7.02 | F4: 5.58 | G4: 164.52 | H4: 15.03 | I4: 50.13 | J4: 11.97 | K4: 26.64 | L4: 4.14 | M4: 49.41 | N4: 3.51 | O4: 181.71 | P4: 24.48 | Q4: 10.44 | R4: 23.94 | S4: 69.66 | T4: 141.03
A5: 4 | B5: Wooded Grassland | C5: 50529.24 | D5: 57214.35 | E5: 55163.07 | F5: 38730.78 | G5: 45974.43 | H5: 48038.58 | I5: 42476.13 | J5: 15707.43 | K5: 33862.5 | L5: 23223.42 | M5: 24779.16 | N5: 29669.4 | O5: 16936.11 | P5: 26800.56 | Q5: 15736.23 | R5: 34295.67 | S5: 28301.4 | T5: 27926.82
A6: 5 | B6: Open Grassland | C6: 30040.29 | D6: 39369.87 | E6: 35465.58 | F6: 20282.04 | G6: 42087.33 | H6: 38588.85 | I6: 32814.18 | J6: 3915.54 | K6: 2802.42 | L6: 12569.67 | M6: 20605.59 | N6: 17194.86 | O6: 10284.48 | P6: 13075.92 | Q6: 11231.91 | R6: 13398.39 | S6: 16123.23 | T6: 15605.01
A7: 6 | B7: Perennial Cropland | C7: 21514.95 | D7: 24244.65 | E7: 17547.03 | F7: 28563.21 | G7: 13381.29 | H7: 28538.37 | I7: 20918.52 | J7: 32111.91 | K7: 34119.81 | L7: 20792.16 | M7: 28884.87 | N7: 33667.38 | O7: 16323.03 | P7: 24970.14 | Q7: 26687.61 | R7: 17858.97 | S7: 24799.86 | T7: 16857.18
A8: 7 | B8: Annual Cropland | C8: 101092.05 | D8: 81428.67 | E8: 97326 | F8: 115963.11 | G8: 100147.95 | H8: 89327.88 | I8: 104941.35 | J8: 155528.64 | K8: 136047.78 | L8: 146422.8 | M8: 126649.08 | N8: 122688.54 | O8: 158679.09 | P8: 135594.81 | Q8: 147832.38 | R8: 135394.83 | S8: 129102.21 | T8: 139964.49
A9: 8 | B9: Vegetated Wetland | C9: 4860.27 | D9: 5695.74 | E9: 3408.39 | F9: 4176.09 | G9: 7042.86 | H9: 2971.89 | I9: 5664.87 | J9: 2316.78 | K9: 3300.75 | L9: 5608.53 | M9: 5946.75 | N9: 7075.62 | O9: 7295.22 | P9: 6419.79 | Q9: 7963.29 | R9: 5856.75 | S9: 9367.56 | T9: 4876.02
A10: 9 | B10: Open Water | C10: 58165.56 | D10: 58351.68 | E10: 57433.32 | F10: 58478.31 | G10: 57935.88 | H10: 58565.07 | I10: 58292.91 | J10: 57255.57 | K10: 56002.5 | L10: 57202.11 | M10: 57456.36 | N10: 55385.37 | O10: 56547.81 | P10: 58623.57 | Q10: 56592.54 | R10: 57002.49 | S10: 55316.07 | T10: 57652.2
A11: 10 | B11: Other land | C11: 970.56 | D11: 865.26 | E11: 1193.58 | F11: 1089.36 | G11: 877.59 | H11: 1203.3 | I11: 2516.67 | J11: 690.03 | K11: 938.7 | L11: 1779.12 | M11: 3225.96 | N11: 1913.49 | O11: 502.74 | P11: 1823.04 | Q11: 1118.61 | R11: 3482.19 | S11: 4317.48 | T11: 3706.29
C12: =SUM(C2:C11) -> 267713.1
C15: moyenne 2015-2018 | D15: moyenne 1990-2000
A16: Sleek Class | B16: Land Cover
A17: 1 | B17: Dense Forest | C17: =AVERAGE(S2:T2) -> 206.73 | D17: =AVERAGE(C2:E2) -> 266.76 | E17: =C17-D17 -> -60.03
A18: 2 | B18: Moderate Forest | C18: =AVERAGE(S3:T3) -> 443.115 | D18: =AVERAGE(C3:E3) -> 150.42 | E18: =C18-D18 -> 292.695
A19: 3 | B19: Open Forest | C19: =AVERAGE(S4:T4) -> 105.345 | D19: =AVERAGE(C4:E4) -> 2.55 | E19: =C19-D19 -> 102.795
A20: 4 | B20: Wooded Grassland | C20: =AVERAGE(S5:T5) -> 28114.11 | D20: =AVERAGE(C5:E5) -> 54302.22 | E20: =C20-D20 -> -26188.11
A21: 5 | B21: Open Grassland | C21: =AVERAGE(S6:T6) -> 15864.12 | D21: =AVERAGE(C6:E6) -> 34958.58 | E21: =C21-D21 -> -19094.46
A22: 6 | B22: Perennial Cropland | C22: =AVERAGE(S7:T7) -> 20828.52 | D22: =AVERAGE(C7:E7) -> 21102.21 | E22: =C22-D22 -> -273.69
A23: 7 | B23: Annual Cropland | C23: =AVERAGE(S8:T8) -> 134533.35 | D23: =AVERAGE(C8:E8) -> 93282.24 | E23: =C23-D23 -> 41251.11
A24: 8 | B24: Vegetated Wetland | C24: =AVERAGE(S9:T9) -> 7121.79 | D24: =AVERAGE(C9:E9) -> 4654.8 | E24: =C24-D24 -> 2466.99
A25: 9 | B25: Open Water | C25: =AVERAGE(S10:T10) -> 56484.135 | D25: =AVERAGE(C10:E10) -> 57983.52 | E25: =C25-D25 -> -1499.385
A26: 10 | B26: Other land | C26: =AVERAGE(S11:T11) -> 4011.885 | D26: =AVERAGE(C11:E11) -> 1009.8 | E26: =C26-D26 -> 3002.085
A30: As % of opening area
B31: Dense Forest | E31: =(E17/D17)*100 -> -22.503374
B32: Moderate Forest | E32: =(E18/D18)*100 -> 194.58516
B33: Open Forest | E33: =(E19/D19)*100 -> 4031.1765
B34: Wooded Grassland | E34: =(E20/D20)*100 -> -48.226592
B35: Open Grassland | E35: =(E21/D21)*100 -> -54.620239
B36: Perennial Cropland | E36: =(E22/D22)*100 -> -1.2969732
B37: Annual Cropland | E37: =(E23/D23)*100 -> 44.221826
B38: Vegetated Wetland | E38: =(E24/D24)*100 -> 52.99884
B39: Open Water | E39: =(E25/D25)*100 -> -2.5858813
B40: Other land | E40: =(E26/D26)*100 -> 297.29501

Sheet Kitui
A1: Sleek Class | B1: Land Cover | C1: 1990 | D1: 1995 | E1: 2000 | F1: 2002 | G1: 2003 | H1: 2004 | I1: 2005 | J1: 2006 | K1: 2007 | L1: 2008 | M1: 2009 | N1: 2010 | O1: 2011 | P1: 2012 | Q1: 2013 | R1: 2014 | S1: 2015 | T1: 2018
A2: 1 | B2: Dense Forest | C2: 283961.34 | D2: 242070.39 | E2: 429324.75 | F2: 238469.85 | G2: 341244.27 | H2: 398567.52 | I2: 321760.44 | J2: 302736.42 | K2: 275285.61 | L2: 251367.39 | M2: 369412.47 | N2: 404447.58 | O2: 284491.62 | P2: 349851.69 | Q2: 187833.96 | R2: 346178.16 | S2: 317042.91 | T2: 320208.12
A3: 2 | B3: Moderate Forest | C3: 16303.68 | D3: 59648.49 | E3: 164891.52 | F3: 184905.54 | G3: 194984.91 | H3: 51078.96 | I3: 125013.24 | J3: 69677.19 | K3: 6021.81 | L3: 20109.78 | M3: 86768.28 | N3: 54266.22 | O3: 25667.55 | P3: 28529.64 | Q3: 5530.86 | R3: 48036.69 | S3: 79170.3 | T3: 74644.83
A4: 3 | B4: Open Forest | C4: 4353.03 | D4: 10767.69 | E4: 6341.04 | F4: 31798.89 | G4: 16644.96 | H4: 14616.81 | I4: 824.04 | J4: 9021.24 | K4: 8024.31 | L4: 4478.85 | M4: 11915.1 | N4: 9760.95 | O4: 36878.67 | P4: 2513.61 | Q4: 61759.62 | R4: 11816.28 | S4: 23060.43 | T4: 50011.29
A5: 4 | B5: Wooded Grassland | C5: 2369198.4 | D5: 2372608.8 | E5: 1905759 | F5: 2016822.2 | G5: 1838042.1 | H5: 2072079.1 | I5: 2131707.3 | J5: 2099497.5 | K5: 1860582.9 | L5: 2103350.7 | M5: 2043283.4 | N5: 1957431.8 | O5: 1712917.3 | P5: 2089272.2 | Q5: 1933583.9 | R5: 1878520.4 | S5: 1767222.7 | T5: 1860957.4
A6: 5 | B6: Open Grassland | C6: 75249.9 | D6: 30203.46 | E6: 94673.7 | F6: 74215.71 | G6: 158109.21 | H6: 99682.74 | I6: 116517.24 | J6: 46180.17 | K6: 80808.03 | L6: 87015.51 | M6: 63452.88 | N6: 62988.84 | O6: 218400.93 | P6: 70529.22 | Q6: 101559.33 | R6: 58618.89 | S6: 46875.96 | T6: 65685.51
A7: 6 | B7: Perennial Cropland | C7: 0 | D7: 1.26 | E7: 0 | F7: 39.6 | G7: 0 | H7: 0 | I7: 0 | J7: 0 | K7: 21.15 | L7: 0 | M7: 0 | N7: 1.8 | O7: 2.88 | P7: 12.96 | Q7: 0.45 | R7: 0.45 | S7: 99.45 | T7: 66.6
A8: 7 | B8: Annual Cropland | C8: 285776.1 | D8: 319636.89 | E8: 431320.32 | F8: 487734.03 | G8: 486963.63 | H8: 393920.28 | I8: 341118.27 | J8: 506854.98 | K8: 790269.48 | L8: 557891.37 | M8: 458445.78 | N8: 541936.26 | O8: 754899.84 | P8: 488821.95 | Q8: 741259.62 | R8: 688699.98 | S8: 796441.86 | T8: 654013.8
A9: 8 | B9: Vegetated Wetland | C9: 0.1 | D9: 0 | E9: 0 | F9: 268.65 | G9: 0 | H9: 89.37 | I9: 14.4 | J9: 126.45 | K9: 0 | L9: 169.38 | M9: 1.53 | N9: 902.7 | O9: 11.88 | P9: 53.82 | Q9: 5.4 | R9: 163.53 | S9: 23.13 | T9: 313.83
A10: 9 | B10: Open Water | C10: 3392.19 | D10: 4825.53 | E10: 3118.68 | F10: 3805.38 | G10: 3176.91 | H10: 3431.61 | I10: 2941.29 | J10: 3067.02 | K10: 3143.07 | L10: 3056.58 | M10: 3271.14 | N10: 3547.8 | O10: 2854.26 | P10: 5067.18 | Q10: 3797.46 | R10: 3553.38 | S10: 3417.3 | T10: 4992.12
A11: 10 | B11: Other land | C11: 5418.63 | D11: 3890.79 | E11: 8224.29 | F11: 5593.41 | G11: 4487.31 | H11: 10186.92 | I11: 3757.05 | J11: 6492.33 | K11: 19496.97 | L11: 16213.77 | M11: 7102.71 | N11: 8369.37 | O11: 7528.41 | P11: 9000.99 | Q11: 8322.66 | R11: 8065.53 | S11: 10299.24 | T11: 12759.84
C12: =SUM(C2:C11) -> 3043653.4
C15: moyenne 2015-2018 | D15: moyenne 1990-2000
A16: Sleek Class | B16: Land Cover
A17: 1 | B17: Dense Forest | C17: =AVERAGE(S2:T2) -> 318625.52 | D17: =AVERAGE(C2:E2) -> 318452.16 | E17: =C17-D17 -> 173.355
A18: 2 | B18: Moderate Forest | C18: =AVERAGE(S3:T3) -> 76907.565 | D18: =AVERAGE(C3:E3) -> 80281.23 | E18: =C18-D18 -> -3373.665
A19: 3 | B19: Open Forest | C19: =AVERAGE(S4:T4) -> 36535.86 | D19: =AVERAGE(C4:E4) -> 7153.92 | E19: =C19-D19 -> 29381.94
A20: 4 | B20: Wooded Grassland | C20: =AVERAGE(S5:T5) -> 1814090 | D20: =AVERAGE(C5:E5) -> 2215855.4 | E20: =C20-D20 -> -401765.37
A21: 5 | B21: Open Grassland | C21: =AVERAGE(S6:T6) -> 56280.735 | D21: =AVERAGE(C6:E6) -> 66709.02 | E21: =C21-D21 -> -10428.285
A22: 6 | B22: Perennial Cropland | C22: =AVERAGE(S7:T7) -> 83.025 | D22: =AVERAGE(C7:E7) -> 0.42 | E22: =C22-D22 -> 82.605
A23: 7 | B23: Annual Cropland | C23: =AVERAGE(S8:T8) -> 725227.83 | D23: =AVERAGE(C8:E8) -> 345577.77 | E23: =C23-D23 -> 379650.06
A24: 8 | B24: Vegetated Wetland | C24: =AVERAGE(S9:T9) -> 168.48 | D24: =AVERAGE(C9:E9) -> 0.033333333 | E24: =C24-D24 -> 168.44667
A25: 9 | B25: Open Water | C25: =AVERAGE(S10:T10) -> 4204.71 | D25: =AVERAGE(C10:E10) -> 3778.8 | E25: =C25-D25 -> 425.91
A26: 10 | B26: Other land | C26: =AVERAGE(S11:T11) -> 11529.54 | D26: =AVERAGE(C11:E11) -> 5844.57 | E26: =C26-D26 -> 5684.97
A30: As % of opening area
B31: Dense Forest | E31: =(E17/D17)*100 -> 0.054436748
B32: Moderate Forest | E32: =(E18/D18)*100 -> -4.2023086
B33: Open Forest | E33: =(E19/D19)*100 -> 410.71105
B34: Wooded Grassland | E34: =(E20/D20)*100 -> -18.131389
B35: Open Grassland | E35: =(E21/D21)*100 -> -15.632496
B36: Perennial Cropland | E36: =(E22/D22)*100 -> 19667.857
B37: Annual Cropland | E37: =(E23/D23)*100 -> 109.85951
B38: Vegetated Wetland | E38: =(E24/D24)*100 -> 505340
B39: Open Water | E39: =(E25/D25)*100 -> 11.271038
B40: Other land | E40: =(E26/D26)*100 -> 97.26926

Sheet Kwale
A1: Sleek Class | B1: Land Cover | C1: 1990 | D1: 1995 | E1: 2000 | F1: 2002 | G1: 2003 | H1: 2004 | I1: 2005 | J1: 2006 | K1: 2007 | L1: 2008 | M1: 2009 | N1: 2010 | O1: 2011 | P1: 2012 | Q1: 2013 | R1: 2014 | S1: 2015 | T1: 2018
A2: 1 | B2: Dense Forest | C2: 23297.67 | D2: 34503.48 | E2: 11924.1 | F2: 16858.98 | G2: 8057.43 | H2: 22023.54 | I2: 14335.11 | J2: 14602.23 | K2: 23474.61 | L2: 26939.97 | M2: 9820.35 | N2: 13008.6 | O2: 16451.28 | P2: 16536.33 | Q2: 20884.95 | R2: 18286.65 | S2: 18046.17 | T2: 16504.11
A3: 2 | B3: Moderate Forest | C3: 20109.6 | D3: 19502.28 | E3: 49518.81 | F3: 24944.04 | G3: 53784.45 | H3: 17057.97 | I3: 48789.18 | J3: 10252.35 | K3: 13085.91 | L3: 22405.32 | M3: 26219.52 | N3: 26545.59 | O3: 23440.95 | P3: 18264.69 | Q3: 10329.3 | R3: 17788.77 | S3: 14739.84 | T3: 24176.16
A4: 3 | B4: Open Forest | C4: 9786.78 | D4: 4883.31 | E4: 24130.71 | F4: 12684.51 | G4: 34669.53 | H4: 19628.82 | I4: 31639.23 | J4: 44315.55 | K4: 8508.33 | L4: 11113.65 | M4: 34153.74 | N4: 31907.61 | O4: 12084.93 | P4: 7498.17 | Q4: 16663.5 | R4: 10880.28 | S4: 6889.14 | T4: 7058.43
A5: 4 | B5: Wooded Grassland | C5: 720512.1 | D5: 677582.46 | E5: 658692.99 | F5: 707771.7 | G5: 677536.83 | H5: 699885.27 | I5: 678645.99 | J5: 658146.78 | K5: 710036.91 | L5: 654882.39 | M5: 633054.78 | N5: 644701.14 | O5: 462142.44 | P5: 684963.63 | Q5: 622561.41 | R5: 667246.5 | S5: 527778 | T5: 631694.07
A6: 5 | B6: Open Grassland | C6: 24741.36 | D6: 23662.98 | E6: 57283.65 | F6: 27018.45 | G6: 25602.57 | H6: 17862.75 | I6: 12731.85 | J6: 29380.14 | K6: 29446.47 | L6: 35765.73 | M6: 46377.9 | N6: 28175.22 | O6: 192649.86 | P6: 28370.97 | Q6: 56025.9 | R6: 31479.75 | S6: 73151.64 | T6: 50137.47
A7: 6 | B7: Perennial Cropland | C7: 2298.51 | D7: 2628.63 | E7: 2588.67 | F7: 4109.04 | G7: 3356.46 | H7: 3800.61 | I7: 3320.73 | J7: 5236.29 | K7: 3502.98 | L7: 6898.14 | M7: 4475.88 | N7: 3852.45 | O7: 5302.98 | P7: 5278.86 | Q7: 9549 | R7: 5553.81 | S7: 2942.46 | T7: 3565.44
A8: 7 | B8: Annual Cropland | C8: 19034.37 | D8: 57300.39 | E8: 15343.11 | F8: 24425.64 | G8: 16787.88 | H8: 31462.38 | I8: 26975.79 | J8: 35394.3 | K8: 25673.85 | L8: 57727.35 | M8: 60675.03 | N8: 58360.77 | O8: 107406.27 | P8: 52551.45 | Q8: 82163.43 | R8: 66497.4 | S8: 171487.89 | T8: 86893.74
A9: 8 | B9: Vegetated Wetland | C9: 0 | D9: 0 | E9: 0 | F9: 0 | G9: 0 | H9: 0 | I9: 0 | J9: 1.08 | K9: 0 | L9: 24.03 | M9: 4.05 | N9: 0 | O9: 9.81 | P9: 0.27 | Q9: 0 | R9: 2.79 | S9: 0 | T9: 1.17
A10: 9 | B10: Open Water | C10: 148.23 | D10: 309.33 | E10: 182.97 | F10: 108.36 | G10: 112.5 | H10: 311.76 | I10: 266.22 | J10: 274.32 | K10: 217.89 | L10: 157.77 | M10: 276.75 | N10: 277.02 | O10: 141.12 | P10: 198.18 | Q10: 151.56 | R10: 393.21 | S10: 316.62 | T10: 496.89
A11: 10 | B11: Other land | C11: 1616.13 | D11: 1171.89 | E11: 1879.74 | F11: 3624.03 | G11: 1637.1 | H11: 9511.65 | I11: 4840.65 | J11: 23941.71 | K11: 7597.8 | L11: 5630.4 | M11: 6486.75 | N11: 14716.35 | O11: 1915.11 | P11: 7882.2 | Q11: 3215.7 | R11: 3415.59 | S11: 6192.99 | T11: 1017.27
C12: =SUM(C2:C11) -> 821544.75
C15: moyenne 2015-2018 | D15: moyenne 1990-2000
A16: Sleek Class | B16: Land Cover
A17: 1 | B17: Dense Forest | C17: =AVERAGE(S2:T2) -> 17275.14 | D17: =AVERAGE(C2:E2) -> 23241.75 | E17: =C17-D17 -> -5966.61
A18: 2 | B18: Moderate Forest | C18: =AVERAGE(S3:T3) -> 19458 | D18: =AVERAGE(C3:E3) -> 29710.23 | E18: =C18-D18 -> -10252.23
A19: 3 | B19: Open Forest | C19: =AVERAGE(S4:T4) -> 6973.785 | D19: =AVERAGE(C4:E4) -> 12933.6 | E19: =C19-D19 -> -5959.815
A20: 4 | B20: Wooded Grassland | C20: =AVERAGE(S5:T5) -> 579736.03 | D20: =AVERAGE(C5:E5) -> 685595.85 | E20: =C20-D20 -> -105859.82
A21: 5 | B21: Open Grassland | C21: =AVERAGE(S6:T6) -> 61644.555 | D21: =AVERAGE(C6:E6) -> 35229.33 | E21: =C21-D21 -> 26415.225
A22: 6 | B22: Perennial Cropland | C22: =AVERAGE(S7:T7) -> 3253.95 | D22: =AVERAGE(C7:E7) -> 2505.27 | E22: =C22-D22 -> 748.68
A23: 7 | B23: Annual Cropland | C23: =AVERAGE(S8:T8) -> 129190.82 | D23: =AVERAGE(C8:E8) -> 30559.29 | E23: =C23-D23 -> 98631.525
A24: 8 | B24: Vegetated Wetland | C24: =AVERAGE(S9:T9) -> 0.585 | D24: =AVERAGE(C9:E9) -> 0 | E24: =C24-D24 -> 0.585
A25: 9 | B25: Open Water | C25: =AVERAGE(S10:T10) -> 406.755 | D25: =AVERAGE(C10:E10) -> 213.51 | E25: =C25-D25 -> 193.245
A26: 10 | B26: Other land | C26: =AVERAGE(S11:T11) -> 3605.13 | D26: =AVERAGE(C11:E11) -> 1555.92 | E26: =C26-D26 -> 2049.21
A30: As % of opening area
B31: Dense Forest | E31: =(E17/D17)*100 -> -25.671948
B32: Moderate Forest | E32: =(E18/D18)*100 -> -34.507407
B33: Open Forest | E33: =(E19/D19)*100 -> -46.080094
B34: Wooded Grassland | E34: =(E20/D20)*100 -> -15.440557
B35: Open Grassland | E35: =(E21/D21)*100 -> 74.980776
B36: Perennial Cropland | E36: =(E22/D22)*100 -> 29.884204
B37: Annual Cropland | E37: =(E23/D23)*100 -> 322.75464
B38: Vegetated Wetland | E38: 0
B39: Open Water | E39: =(E25/D25)*100 -> 90.508641
B40: Other land | E40: =(E26/D26)*100 -> 131.70407

Sheet Laikipia
A1: Sleek Class | B1: Land Cover | C1: 1990 | D1: 1995 | E1: 2000 | F1: 2002 | G1: 2003 | H1: 2004 | I1: 2005 | J1: 2006 | K1: 2007 | L1: 2008 | M1: 2009 | N1: 2010 | O1: 2011 | P1: 2012 | Q1: 2013 | R1: 2014 | S1: 2015 | T1: 2018
A2: 1 | B2: Dense Forest | C2: 48124.17 | D2: 39354.84 | E2: 25114.86 | F2: 37917.72 | G2: 30313.08 | H2: 40219.83 | I2: 27898.29 | J2: 37339.11 | K2: 38643.48 | L2: 31488.03 | M2: 29694.87 | N2: 35398.53 | O2: 31522.59 | P2: 37513.35 | Q2: 30391.56 | R2: 39513.87 | S2: 30465.36 | T2: 31364.01
A3: 2 | B3: Moderate Forest | C3: 1175.94 | D3: 2658.42 | E3: 7277.31 | F3: 6075.09 | G3: 5752.8 | H3: 4344.48 | I3: 2856.33 | J3: 4641.21 | K3: 8657.01 | L3: 12574.62 | M3: 3920.85 | N3: 19678.32 | O3: 11249.28 | P3: 6995.79 | Q3: 12047.58 | R3: 8313.75 | S3: 8664.39 | T3: 18193.05
A4: 3 | B4: Open Forest | C4: 1162.89 | D4: 1041.84 | E4: 4562.19 | F4: 9013.32 | G4: 10903.95 | H4: 8037.72 | I4: 4438.62 | J4: 9036.54 | K4: 3139.74 | L4: 3406.59 | M4: 6903.9 | N4: 14047.74 | O4: 3117.42 | P4: 7593.12 | Q4: 3052.98 | R4: 407.88 | S4: 1209.87 | T4: 2005.47
A5: 4 | B5: Wooded Grassland | C5: 521618.22 | D5: 492542.55 | E5: 484062.03 | F5: 475206.66 | G5: 490457.52 | H5: 447623.37 | I5: 496987.47 | J5: 470060.64 | K5: 456907.59 | L5: 429960.96 | M5: 453855.51 | N5: 429258.24 | O5: 504918.99 | P5: 454763.16 | Q5: 382167.36 | R5: 494465.76 | S5: 481404.33 | T5: 464787.54
A6: 5 | B6: Open Grassland | C6: 351304.38 | D6: 374743.62 | E6: 348126.48 | F6: 345030.3 | G6: 331659.18 | H6: 363099.69 | I6: 354653.82 | J6: 339214.23 | K6: 383230.8 | L6: 377864.19 | M6: 377654.85 | N6: 363399.3 | O6: 309620.16 | P6: 368600.4 | Q6: 411481.17 | R6: 305573.85 | S6: 325162.53 | T6: 319152.6
A7: 6 | B7: Perennial Cropland | C7: 34.2 | D7: 24.21 | E7: 101.25 | F7: 208.08 | G7: 161.19 | H7: 199.35 | I7: 101.61 | J7: 131.04 | K7: 12.6 | L7: 163.98 | M7: 927.81 | N7: 167.22 | O7: 399.24 | P7: 102.69 | Q7: 82.8 | R7: 460.8 | S7: 118.26 | T7: 109.89
A8: 7 | B8: Annual Cropland | C8: 28157.31 | D8: 41868 | E8: 82424.16 | F8: 78769.89 | G8: 83766.78 | H8: 88247.97 | I8: 65787.57 | J8: 91803.87 | K8: 60877.53 | L8: 95448.15 | M8: 79858.98 | N8: 88294.32 | O8: 90793.44 | P8: 76411.26 | Q8: 109597.59 | R8: 101523.6 | S8: 102855.96 | T8: 115089.3
A9: 8 | B9: Vegetated Wetland | C9: 1504.89 | D9: 815.31 | E9: 318.33 | F9: 1006.11 | G9: 561.96 | H9: 1674.54 | I9: 448.02 | J9: 523.62 | K9: 778.59 | L9: 1025.73 | M9: 456.21 | N9: 2039.04 | O9: 753.3 | P9: 680.76 | Q9: 360 | R9: 1157.4 | S9: 291.33 | T9: 665.91
A10: 9 | B10: Open Water | C10: 709.74 | D10: 456.12 | E10: 235.53 | F10: 531.45 | G10: 417.51 | H10: 549.9 | I10: 692.91 | J10: 531 | K10: 864.36 | L10: 634.5 | M10: 667.89 | N10: 996.75 | O10: 544.77 | P10: 860.85 | Q10: 718.38 | R10: 795.51 | S10: 681.84 | T10: 530.01
A11: 10 | B11: Other land | C11: 601.47 | D11: 888.3 | E11: 2171.07 | F11: 634.59 | G11: 399.24 | H11: 396.36 | I11: 528.57 | J11: 1111.95 | K11: 1281.51 | L11: 1826.46 | M11: 452.34 | N11: 1113.75 | O11: 1474.02 | P11: 871.83 | Q11: 4493.79 | R11: 2180.79 | S11: 3539.34 | T11: 2495.43
C12: =SUM(C2:C11) -> 954393.21 | E12: =SUM(E2:E11) -> 954393.21
C15: moyenne 2015-2018 | D15: moyenne 1990-2000
A16: Sleek Class | B16: Land Cover
A17: 1 | B17: Dense Forest | C17: =AVERAGE(S2:T2) -> 30914.685 | D17: =AVERAGE(C2:E2) -> 37531.29 | E17: =C17-D17 -> -6616.605
A18: 2 | B18: Moderate Forest | C18: =AVERAGE(S3:T3) -> 13428.72 | D18: =AVERAGE(C3:E3) -> 3703.89 | E18: =C18-D18 -> 9724.83
A19: 3 | B19: Open Forest | C19: =AVERAGE(S4:T4) -> 1607.67 | D19: =AVERAGE(C4:E4) -> 2255.64 | E19: =C19-D19 -> -647.97
A20: 4 | B20: Wooded Grassland | C20: =AVERAGE(S5:T5) -> 473095.93 | D20: =AVERAGE(C5:E5) -> 499407.6 | E20: =C20-D20 -> -26311.665
A21: 5 | B21: Open Grassland | C21: =AVERAGE(S6:T6) -> 322157.56 | D21: =AVERAGE(C6:E6) -> 358058.16 | E21: =C21-D21 -> -35900.595
A22: 6 | B22: Perennial Cropland | C22: =AVERAGE(S7:T7) -> 114.075 | D22: =AVERAGE(C7:E7) -> 53.22 | E22: =C22-D22 -> 60.855
A23: 7 | B23: Annual Cropland | C23: =AVERAGE(S8:T8) -> 108972.63 | D23: =AVERAGE(C8:E8) -> 50816.49 | E23: =C23-D23 -> 58156.14
A24: 8 | B24: Vegetated Wetland | C24: =AVERAGE(S9:T9) -> 478.62 | D24: =AVERAGE(C9:E9) -> 879.51 | E24: =C24-D24 -> -400.89
A25: 9 | B25: Open Water | C25: =AVERAGE(S10:T10) -> 605.925 | D25: =AVERAGE(C10:E10) -> 467.13 | E25: =C25-D25 -> 138.795
A26: 10 | B26: Other land | C26: =AVERAGE(S11:T11) -> 3017.385 | D26: =AVERAGE(C11:E11) -> 1220.28 | E26: =C26-D26 -> 1797.105
A30: As % of opening area
B31: Dense Forest | E31: =(E17/D17)*100 -> -17.62957
B32: Moderate Forest | E32: =(E18/D18)*100 -> 262.5572
B33: Open Forest | E33: =(E19/D19)*100 -> -28.726659
B34: Wooded Grassland | E34: =(E20/D20)*100 -> -5.2685752
B35: Open Grassland | E35: =(E21/D21)*100 -> -10.02647
B36: Perennial Cropland | E36: =(E22/D22)*100 -> 114.34611
B37: Annual Cropland | E37: =(E23/D23)*100 -> 114.44344
B38: Vegetated Wetland | E38: =(E24/D24)*100 -> -45.581062
B39: Open Water | E39: =(E25/D25)*100 -> 29.712286
B40: Other land | E40: =(E26/D26)*100 -> 147.26989

Sheet Lamu
A1: Sleek Class | B1: Land Cover | C1: 1990 | D1: 1995 | E1: 2000 | F1: 2002 | G1: 2003 | H1: 2004 | I1: 2005 | J1: 2006 | K1: 2007 | L1: 2008 | M1: 2009 | N1: 2010 | O1: 2011 | P1: 2012 | Q1: 2013 | R1: 2014 | S1: 2015 | T1: 2018
A2: 1 | B2: Dense Forest | C2: 122611.14 | D2: 111655.89 | E2: 80503.38 | F2: 73755.9 | G2: 122626.08 | H2: 114854.49 | I2: 133716.06 | J2: 136118.97 | K2: 157517.37 | L2: 195987.78 | M2: 140888.79 | N2: 154119.33 | O2: 143049.42 | P2: 139418.19 | Q2: 176611.5 | R2: 228384.9 | S2: 144065.61 | T2: 123981.39
A3: 2 | B3: Moderate Forest | C3: 82407.69 | D3: 80214.21 | E3: 115046.73 | F3: 111698.19 | G3: 42492.33 | H3: 44723.34 | I3: 44476.83 | J3: 23450.76 | K3: 15519.24 | L3: 12898.35 | M3: 44221.5 | N3: 40332.33 | O3: 37697.58 | P3: 32131.26 | Q3: 13196.07 | R3: 20392.11 | S3: 45456.3 | T3: 57311.82
A4: 3 | B4: Open Forest | C4: 824.67 | D4: 2751.39 | E4: 3341.79 | F4: 12088.71 | G4: 109.08 | H4: 3878.28 | I4: 1279.44 | J4: 3758.76 | K4: 1096.02 | L4: 4827.42 | M4: 2127.78 | N4: 600.48 | O4: 1994.94 | P4: 1143 | Q4: 9569.07 | R4: 377.1 | S4: 2253.51 | T4: 916.2
A5: 4 | B5: Wooded Grassland | C5: 373763.43 | D5: 387666.99 | E5: 346843.08 | F5: 358594.92 | G5: 404629.02 | H5: 408225.78 | I5: 376309.89 | J5: 373252.41 | K5: 392640.3 | L5: 344583.99 | M5: 365006.07 | N5: 358657.2 | O5: 374630.4 | P5: 387864.81 | Q5: 378796.14 | R5: 314706.78 | S5: 375818.94 | T5: 366730.92
A6: 5 | B6: Open Grassland | C6: 8851.23 | D6: 5553.81 | E6: 32737.23 | F6: 20887.02 | G6: 15003 | H6: 7288.38 | I6: 27341.55 | J6: 33415.47 | K6: 18998.55 | L6: 27126.27 | M6: 29252.34 | N6: 29437.92 | O6: 18798.75 | P6: 19353.69 | Q6: 8641.35 | R6: 8287.92 | S6: 10049.4 | T6: 19039.5
A7: 6 | B7: Perennial Cropland | C7: 0.1 | D7: 0 | E7: 0 | F7: 0 | G7: 9.09 | H7: 8.73 | I7: 0 | J7: 0 | K7: 0 | L7: 0 | M7: 0 | N7: 0 | O7: 0 | P7: 0 | Q7: 382.95 | R7: 5.04 | S7: 5.58 | T7: 2.52
A8: 7 | B8: Annual Cropland | C8: 3444.93 | D8: 3873.33 | E8: 13050.27 | F8: 11150.55 | G8: 5697.99 | H8: 10524.15 | I8: 7361.64 | J8: 18483.48 | K8: 4962.06 | L8: 7005.33 | M8: 7768.17 | N8: 9432.36 | O8: 12049.83 | P8: 10713.87 | Q8: 3017.52 | R8: 16932.51 | S8: 14919.48 | T8: 20337.21
A9: 8 | B9: Vegetated Wetland | C9: 31.23 | D9: 26.91 | E9: 339.21 | F9: 643.41 | G9: 0.36 | H9: 1036.08 | I9: 0 | J9: 263.61 | K9: 0.45 | L9: 3.69 | M9: 524.79 | N9: 3.6 | O9: 370.71 | P9: 2.88 | Q9: 179.73 | R9: 31.05 | S9: 15.57 | T9: 835.74
A10: 9 | B10: Open Water | C10: 1550.52 | D10: 1967.76 | E10: 1405.17 | F10: 1684.98 | G10: 998.64 | H10: 1236.15 | I10: 1163.97 | J10: 1407.6 | K10: 1007.37 | L10: 933.12 | M10: 1307.43 | N10: 1444.41 | O10: 1155.42 | P10: 1206.99 | Q10: 913.95 | R10: 1089.81 | S10: 1092.06 | T10: 1350.27
A11: 10 | B11: Other land | C11: 3441.42 | D11: 3215.97 | E11: 3659.4 | F11: 6422.58 | G11: 5360.67 | H11: 5150.88 | I11: 5276.88 | J11: 6775.2 | K11: 5184.9 | L11: 3560.31 | M11: 5829.39 | N11: 2898.63 | O11: 7179.21 | P11: 5091.57 | Q11: 5617.98 | R11: 6719.04 | S11: 3249.81 | T11: 6420.69
C12: =SUM(C1:C11) -> 598916.36 | D12: =SUM(D1:D11) -> 598921.26 | E12: =SUM(E1:E11) -> 598926.26 | F12: =SUM(F1:F11) -> 598928.26 | G12: =SUM(G1:G11) -> 598929.26 | H12: =SUM(H1:H11) -> 598930.26 | I12: =SUM(I1:I11) -> 598931.26 | J12: =SUM(J1:J11) -> 598932.26 | ... T12: =SUM(T1:T11) -> 598944.26
C15: moyenne 2015-2018 | D15: moyenne 1990-2000
A16: Sleek Class | B16: Land Cover
A17: 1 | B17: Dense Forest | C17: =AVERAGE(S2:T2) -> 134023.5 | D17: =AVERAGE(C2:E2) -> 104923.47 | E17: =C17-D17 -> 29100.03
A18: 2 | B18: Moderate Forest | C18: =AVERAGE(S3:T3) -> 51384.06 | D18: =AVERAGE(C3:E3) -> 92556.21 | E18: =C18-D18 -> -41172.15
A19: 3 | B19: Open Forest | C19: =AVERAGE(S4:T4) -> 1584.855 | D19: =AVERAGE(C4:E4) -> 2305.95 | E19: =C19-D19 -> -721.095
A20: 4 | B20: Wooded Grassland | C20: =AVERAGE(S5:T5) -> 371274.93 | D20: =AVERAGE(C5:E5) -> 369424.5 | E20: =C20-D20 -> 1850.43
A21: 5 | B21: Open Grassland | C21: =AVERAGE(S6:T6) -> 14544.45 | D21: =AVERAGE(C6:E6) -> 15714.09 | E21: =C21-D21 -> -1169.64
A22: 6 | B22: Perennial Cropland | C22: =AVERAGE(S7:T7) -> 4.05 | D22: =AVERAGE(C7:E7) -> 0.033333333 | E22: =C22-D22 -> 4.0166667
A23: 7 | B23: Annual Cropland | C23: =AVERAGE(S8:T8) -> 17628.345 | D23: =AVERAGE(C8:E8) -> 6789.51 | E23: =C23-D23 -> 10838.835
A24: 8 | B24: Vegetated Wetland | C24: =AVERAGE(S9:T9) -> 425.655 | D24: =AVERAGE(C9:E9) -> 132.45 | E24: =C24-D24 -> 293.205
A25: 9 | B25: Open Water | C25: =AVERAGE(S10:T10) -> 1221.165 | D25: =AVERAGE(C10:E10) -> 1641.15 | E25: =C25-D25 -> -419.985
A26: 10 | B26: Other land | C26: =AVERAGE(S11:T11) -> 4835.25 | D26: =AVERAGE(C11:E11) -> 3438.93 | E26: =C26-D26 -> 1396.32
E27: =SUM(E17:E26) -> -0.033333333
A30: As % of opening area
B31: Dense Forest | E31: =(E17/D17)*100 -> 27.734529
B32: Moderate Forest | E32: =(E18/D18)*100 -> -44.483401
B33: Open Forest | E33: =(E19/D19)*100 -> -31.27106
B34: Wooded Grassland | E34: =(E20/D20)*100 -> 0.50089531
B35: Open Grassland | E35: =(E21/D21)*100 -> -7.4432563
B36: Perennial Cropland | E36: =(E22/D22)*100 -> 12050
B37: Annual Cropland | E37: =(E23/D23)*100 -> 159.6409
B38: Vegetated Wetland | E38: =(E24/D24)*100 -> 221.37033
B39: Open Water | E39: =(E25/D25)*100 -> -25.590897
B40: Other land | E40: =(E26/D26)*100 -> 40.603327

Sheet Machakos
A1: Sleek Class | B1: Land Cover | C1: 1990 | D1: 1995 | E1: 2000 | F1: 2002 | G1: 2003 | H1: 2004 | I1: 2005 | J1: 2006 | K1: 2007 | L1: 2008 | M1: 2009 | N1: 2010 | O1: 2011 | P1: 2012 | Q1: 2013 | R1: 2014 | S1: 2015 | T1: 2018
A2: 1 | B2: Dense Forest | C2: 2162.25 | D2: 2417.85 | E2: 1637.01 | F2: 9481.59 | G2: 1164.24 | H2: 1936.35 | I2: 2832.57 | J2: 1369.8 | K2: 2857.41 | L2: 2148.93 | M2: 1654.92 | N2: 4195.98 | O2: 3260.43 | P2: 2877.39 | Q2: 2449.26 | R2: 3760.47 | S2: 6570.54 | T2: 7230.24
A3: 2 | B3: Moderate Forest | C3: 3654.72 | D3: 3130.29 | E3: 5986.44 | F3: 12447.27 | G3: 4422.69 | H3: 5054.22 | I3: 4102.74 | J3: 5975.37 | K3: 4659.3 | L3: 4549.05 | M3: 5241.69 | N3: 6100.38 | O3: 4727.79 | P3: 1463.76 | Q3: 1649.16 | R3: 1337.67 | S3: 3911.94 | T3: 3478.05
A4: 3 | B4: Open Forest | C4: 6602.04 | D4: 3338.01 | E4: 2375.82 | F4: 1905.12 | G4: 1619.28 | H4: 2759.58 | I4: 1380.42 | J4: 546.3 | K4: 2474.28 | L4: 2676.69 | M4: 724.95 | N4: 711.99 | O4: 2298.87 | P4: 61.92 | Q4: 935.64 | R4: 178.65 | S4: 2694.24 | T4: 2956.86
A5: 4 | B5: Wooded Grassland | C5: 282568.5 | D5: 359230.5 | E5: 227331.45 | F5: 179753.76 | G5: 226783.17 | H5: 148928.94 | I5: 247588.11 | J5: 184610.7 | K5: 165700.44 | L5: 222502.14 | M5: 185352.75 | N5: 202234.23 | O5: 154100.34 | P5: 218812.77 | Q5: 163325.34 | R5: 212918.85 | S5: 194767.2 | T5: 205846.74
A6: 5 | B6: Open Grassland | C6: 113328.18 | D6: 88976.88 | E6: 137807.37 | F6: 123891.48 | G6: 138543.66 | H6: 136353.42 | I6: 139743.9 | J6: 134109.99 | K6: 92766.06 | L6: 110290.32 | M6: 120612.24 | N6: 124271.55 | O6: 107572.14 | P6: 109185.84 | Q6: 111027.51 | R6: 112308.21 | S6: 82008.72 | T6: 80315.37
A7: 6 | B7: Perennial Cropland | C7: 2533.59 | D7: 889.11 | E7: 1355.04 | F7: 1340.1 | G7: 188.28 | H7: 161.1 | I7: 926.64 | J7: 644.85 | K7: 2463.39 | L7: 422.28 | M7: 2356.47 | N7: 559.26 | O7: 3133.62 | P7: 872.73 | Q7: 1395.72 | R7: 2072.07 | S7: 1773.36 | T7: 1952.82
A8: 7 | B8: Annual Cropland | C8: 180823.86 | D8: 136371.69 | E8: 218888.19 | F8: 264538.26 | G8: 222013.08 | H8: 297514.44 | I8: 199111.41 | J8: 268343.91 | K8: 320965.92 | L8: 251409.87 | M8: 280514.25 | N8: 253287.36 | O8: 318204.54 | P8: 258260.94 | Q8: 311222.97 | R8: 261689.4 | S8: 300324.51 | T8: 292899.15
A9: 8 | B9: Vegetated Wetland | C9: 19.08 | D9: 18.45 | E9: 42.57 | F9: 671.31 | G9: 2.61 | H9: 0 | I9: 12.51 | J9: 68.76 | K9: 42.93 | L9: 228.06 | M9: 5.49 | N9: 21.51 | O9: 0.45 | P9: 0 | Q9: 32.22 | R9: 0 | S9: 10.62 | T9: 1.98
A10: 9 | B10: Open Water | C10: 9501.48 | D10: 9021.87 | E10: 6241.32 | F10: 6957.09 | G10: 8013.33 | H10: 7284.06 | I10: 7080.75 | J10: 6103.62 | K10: 8271.09 | L10: 5625.72 | M10: 5492.7 | N10: 9045.72 | O10: 6232.05 | P10: 8654.31 | Q10: 6746.22 | R10: 6366.33 | S10: 7422.21 | T10: 5550.75
A11: 10 | B11: Other land | C11: 3217.77 | D11: 1016.82 | E11: 2746.26 | F11: 3425.49 | G11: 1661.13 | H11: 4419.36 | I11: 1632.42 | J11: 2638.17 | K11: 4210.65 | L11: 4558.41 | M11: 2456.01 | N11: 3983.49 | O11: 4881.24 | P11: 4221.81 | Q11: 5627.43 | R11: 3779.82 | S11: 4928.13 | T11: 4179.51
C12: =SUM(C2:C11) -> 604411.47
C15: moyenne 2015-2018 | D15: moyenne 1990-2000
A16: Sleek Class | B16: Land Cover
A17: 1 | B17: Dense Forest | C17: =AVERAGE(S2:T2) -> 6900.39 | D17: =AVERAGE(C2:E2) -> 2072.37 | E17: =C17-D17 -> 4828.02
A18: 2 | B18: Moderate Forest | C18: =AVERAGE(S3:T3) -> 3694.995 | D18: =AVERAGE(C3:E3) -> 4257.15 | E18: =C18-D18 -> -562.155
A19: 3 | B19: Open Forest | C19: =AVERAGE(S4:T4) -> 2825.55 | D19: =AVERAGE(C4:E4) -> 4105.29 | E19: =C19-D19 -> -1279.74
A20: 4 | B20: Wooded Grassland | C20: =AVERAGE(S5:T5) -> 200306.97 | D20: =AVERAGE(C5:E5) -> 289710.15 | E20: =C20-D20 -> -89403.18
A21: 5 | B21: Open Grassland | C21: =AVERAGE(S6:T6) -> 81162.045 | D21: =AVERAGE(C6:E6) -> 113370.81 | E21: =C21-D21 -> -32208.765
A22: 6 | B22: Perennial Cropland | C22: =AVERAGE(S7:T7) -> 1863.09 | D22: =AVERAGE(C7:E7) -> 1592.58 | E22: =C22-D22 -> 270.51
A23: 7 | B23: Annual Cropland | C23: =AVERAGE(S8:T8) -> 296611.83 | D23: =AVERAGE(C8:E8) -> 178694.58 | E23: =C23-D23 -> 117917.25
A24: 8 | B24: Vegetated Wetland | C24: =AVERAGE(S9:T9) -> 6.3 | D24: =AVERAGE(C9:E9) -> 26.7 | E24: =C24-D24 -> -20.4
A25: 9 | B25: Open Water | C25: =AVERAGE(S10:T10) -> 6486.48 | D25: =AVERAGE(C10:E10) -> 8254.89 | E25: =C25-D25 -> -1768.41
A26: 10 | B26: Other land | C26: =AVERAGE(S11:T11) -> 4553.82 | D26: =AVERAGE(C11:E11) -> 2326.95 | E26: =C26-D26 -> 2226.87
A30: As % of opening area
B31: Dense Forest | E31: =(E17/D17)*100 -> 232.97095
B32: Moderate Forest | E32: =(E18/D18)*100 -> -13.204961
B33: Open Forest | E33: =(E19/D19)*100 -> -31.17295
B34: Wooded Grassland | E34: =(E20/D20)*100 -> -30.859526
B35: Open Grassland | E35: =(E21/D21)*100 -> -28.410104
B36: Perennial Cropland | E36: =(E22/D22)*100 -> 16.985646
B37: Annual Cropland | E37: =(E23/D23)*100 -> 65.988151
B38: Vegetated Wetland | E38: =(E24/D24)*100 -> -76.404494
B39: Open Water | E39: =(E25/D25)*100 -> -21.422575
B40: Other land | E40: =(E26/D26)*100 -> 95.699091

Sheet Makueni
A1: Sleek Class | B1: Land Cover | C1: 1990 | D1: 1995 | E1: 2000 | F1: 2002 | G1: 2003 | H1: 2004 | I1: 2005 | J1: 2006 | K1: 2007 | L1: 2008 | M1: 2009 | N1: 2010 | O1: 2011 | P1: 2012 | Q1: 2013 | R1: 2014 | S1: 2015 | T1: 2018
A2: 1 | B2: Dense Forest | C2: 59069.34 | D2: 58845.78 | E2: 54878.58 | F2: 65054.97 | G2: 48510.99 | H2: 52374.6 | I2: 58010.31 | J2: 48314.43 | K2: 28818.72 | L2: 36619.11 | M2: 50313.69 | N2: 48824.46 | O2: 27275.85 | P2: 48250.26 | Q2: 42594.21 | R2: 51463.44 | S2: 30730.95 | T2: 35714.61
A3: 2 | B3: Moderate Forest | C3: 9978.03 | D3: 7508.7 | E3: 23085.9 | F3: 15874.47 | G3: 18052.2 | H3: 11604.96 | I3: 16673.4 | J3: 18233.1 | K3: 26588.07 | L3: 20974.23 | M3: 11531.16 | N3: 19376.82 | O3: 29307.06 | P3: 20821.86 | Q3: 13958.55 | R3: 11217.15 | S3: 20818.35 | T3: 27619.02
A4: 3 | B4: Open Forest | C4: 13967.64 | D4: 4679.91 | E4: 7483.32 | F4: 7533.09 | G4: 13810.14 | H4: 10172.25 | I4: 5820.39 | J4: 5308.11 | K4: 10140.03 | L4: 4287.6 | M4: 10022.67 | N4: 8768.34 | O4: 5930.64 | P4: 2986.56 | Q4: 6721.2 | R4: 2380.59 | S4: 9587.43 | T4: 12980.25
A5: 4 | B5: Wooded Grassland | C5: 509336.01 | D5: 581801.85 | E5: 469500.21 | F5: 401924.7 | G5: 459553.32 | H5: 379938.87 | I5: 446681.07 | J5: 365193.99 | K5: 324715.41 | L5: 394928.82 | M5: 376141.77 | N5: 327206.52 | O5: 382089.24 | P5: 433812.33 | Q5: 332950.5 | R5: 361778.85 | S5: 359372.7 | T5: 396827.64
A6: 5 | B6: Open Grassland | C6: 40630.68 | D6: 21279.96 | E6: 49517.37 | F6: 59913.27 | G6: 62916.3 | H6: 46391.58 | I6: 53348.4 | J6: 55872.72 | K6: 47732.85 | L6: 44987.4 | M6: 69603.66 | N6: 65341.53 | O6: 57204.81 | P6: 45287.01 | Q6: 58694.22 | R6: 57258.36 | S6: 36052.38 | T6: 34892.28
A7: 6 | B7: Perennial Cropland | C7: 5562.54 | D7: 3981.69 | E7: 5757.57 | F7: 4904.1 | G7: 5995.71 | H7: 6062.04 | I7: 7275.24 | J7: 6595.2 | K7: 7353.45 | L7: 6857.82 | M7: 7794.27 | N7: 6657.21 | O7: 8502.39 | P7: 6133.59 | Q7: 6518.34 | R7: 6809.85 | S7: 6523.56 | T7: 6088.5
A8: 7 | B8: Annual Cropland | C8: 175047.75 | D8: 137107.17 | E8: 204287.31 | F8: 255503.07 | G8: 205953.84 | H8: 306235.98 | I8: 227753.01 | J8: 314038.8 | K8: 365490.9 | L8: 298559.07 | M8: 289311.84 | N8: 330579.63 | O8: 303241.32 | P8: 255876.03 | Q8: 351887.04 | R8: 321487.65 | S8: 350736.39 | T8: 297315.72
A9: 8 | B9: Vegetated Wetland | C9: 32.76 | D9: 0 | E9: 0 | F9: 1172.97 | G9: 0.09 | H9: 21.33 | I9: 13.23 | J9: 8.1 | K9: 0 | L9: 56.34 | M9: 0 | N9: 205.38 | O9: 7.2 | P9: 22.23 | Q9: 1.17 | R9: 4.23 | S9: 0 | T9: 0.36
A10: 9 | B10: Open Water | C10: 910.26 | D10: 1140.48 | E10: 823.68 | F10: 729.54 | G10: 797.85 | H10: 741.51 | I10: 627.3 | J10: 643.86 | K10: 928.53 | L10: 490.23 | M10: 1034.73 | N10: 974.97 | O10: 625.05 | P10: 1206.18 | Q10: 863.91 | R10: 1276.38 | S10: 745.56 | T10: 2013.12
A11: 10 | B11: Other land | C11: 2685.69 | D11: 875.16 | E11: 1886.76 | F11: 4610.52 | G11: 1630.26 | H11: 3677.58 | I11: 1018.35 | J11: 3012.39 | K11: 5452.74 | L11: 9460.08 | M11: 1466.91 | N11: 9285.84 | O11: 3037.14 | P11: 2824.65 | Q11: 3031.56 | R11: 3544.2 | S11: 2653.38 | T11: 3769.2
C12: =SUM(C2:C11) -> 817220.7
C15: moyenne 2015-2018 | D15: moyenne 1990-2000
A16: Sleek Class | B16: Land Cover
A17: 1 | B17: Dense Forest | C17: =AVERAGE(S2:T2) -> 33222.78 | D17: =AVERAGE(C2:E2) -> 57597.9 | E17: =C17-D17 -> -24375.12
A18: 2 | B18: Moderate Forest | C18: =AVERAGE(S3:T3) -> 24218.685 | D18: =AVERAGE(C3:E3) -> 13524.21 | E18: =C18-D18 -> 10694.475
A19: 3 | B19: Open Forest | C19: =AVERAGE(S4:T4) -> 11283.84 | D19: =AVERAGE(C4:E4) -> 8710.29 | E19: =C19-D19 -> 2573.55
A20: 4 | B20: Wooded Grassland | C20: =AVERAGE(S5:T5) -> 378100.17 | D20: =AVERAGE(C5:E5) -> 520212.69 | E20: =C20-D20 -> -142112.52
A21: 5 | B21: Open Grassland | C21: =AVERAGE(S6:T6) -> 35472.33 | D21: =AVERAGE(C6:E6) -> 37142.67 | E21: =C21-D21 -> -1670.34
A22: 6 | B22: Perennial Cropland | C22: =AVERAGE(S7:T7) -> 6306.03 | D22: =AVERAGE(C7:E7) -> 5100.6 | E22: =C22-D22 -> 1205.43
A23: 7 | B23: Annual Cropland | C23: =AVERAGE(S8:T8) -> 324026.05 | D23: =AVERAGE(C8:E8) -> 172147.41 | E23: =C23-D23 -> 151878.64
A24: 8 | B24: Vegetated Wetland | C24: =AVERAGE(S9:T9) -> 0.18 | D24: =AVERAGE(C9:E9) -> 10.92 | E24: =C24-D24 -> -10.74
A25: 9 | B25: Open Water | C25: =AVERAGE(S10:T10) -> 1379.34 | D25: =AVERAGE(C10:E10) -> 958.14 | E25: =C25-D25 -> 421.2
A26: 10 | B26: Other land | C26: =AVERAGE(S11:T11) -> 3211.29 | D26: =AVERAGE(C11:E11) -> 1815.87 | E26: =C26-D26 -> 1395.42
A30: As % of opening area
B31: Dense Forest | E31: =(E17/D17)*100 -> -42.31946
B32: Moderate Forest | E32: =(E18/D18)*100 -> 79.076523
B33: Open Forest | E33: =(E19/D19)*100 -> 29.546089
B34: Wooded Grassland | E34: =(E20/D20)*100 -> -27.318157
B35: Open Grassland | E35: =(E21/D21)*100 -> -4.4970919
B36: Perennial Cropland | E36: =(E22/D22)*100 -> 23.633102
B37: Annual Cropland | E37: =(E23/D23)*100 -> 88.225925
B38: Vegetated Wetland | E38: =(E24/D24)*100 -> -98.351648
B39: Open Water | E39: =(E25/D25)*100 -> 43.960173
B40: Other land | E40: =(E26/D26)*100 -> 76.845809

Sheet Mandera
A1: Sleek Class | B1: Land Cover | C1: 1990 | D1: 1995 | E1: 2000 | F1: 2002 | G1: 2003 | H1: 2004 | I1: 2005 | J1: 2006 | K1: 2007 | L1: 2008 | M1: 2009 | N1: 2010 | O1: 2011 | P1: 2012 | Q1: 2013 | R1: 2014 | S1: 2015 | T1: 2018
A2: 1 | B2: Dense Forest | C2: 42879.42 | D2: 67800.6 | E2: 45803.43 | F2: 81426.42 | G2: 52158.42 | H2: 61181.19 | I2: 53907.93 | J2: 42252.12 | K2: 5882.85 | L2: 46843.2 | M2: 70746.84 | N2: 78249.69 | O2: 2243.7 | P2: 66140.19 | Q2: 43141.59 | R2: 69454.26 | S2: 40289.31 | T2: 40734.45
A3: 2 | B3: Moderate Forest | C3: 16.47 | D3: 1059.3 | E3: 2206.26 | F3: 43.11 | G3: 1882.53 | H3: 6356.07 | I3: 517.41 | J3: 3778.2 | K3: 55111.05 | L3: 4519.35 | M3: 5758.29 | N3: 6121.62 | O3: 16564.05 | P3: 5533.83 | Q3: 6439.86 | R3: 665.73 | S3: 4958.46 | T3: 6338.52
A4: 3 | B4: Open Forest | C4: 835.02 | D4: 1384.29 | E4: 1982.7 | F4: 3148.2 | G4: 1442.34 | H4: 11168.64 | I4: 8472.6 | J4: 3779.01 | K4: 28575.72 | L4: 2115.27 | M4: 8061.21 | N4: 3622.86 | O4: 3215.07 | P4: 816.84 | Q4: 14810.67 | R4: 207.45 | S4: 3894.57 | T4: 5964.48
A5: 4 | B5: Wooded Grassland | C5: 2380436.9 | D5: 2312709.5 | E5: 2436401.8 | F5: 2351159.4 | G5: 2440273.1 | H5: 2278965.7 | I5: 2426152.2 | J5: 2396479.9 | K5: 2180659.9 | L5: 2309115.7 | M5: 2389554.1 | N5: 2396430.3 | O5: 2296597.7 | P5: 2318633.4 | Q5: 2230140.1 | R5: 2348562.3 | S5: 2177788.9 | T5: 2346305.3
A6: 5 | B6: Open Grassland | C6: 124922.61 | D6: 167386.05 | E6: 73126.26 | F6: 95241.51 | G6: 68248.98 | H6: 178795.71 | I6: 52085.34 | J6: 86073.66 | K6: 290240.91 | L6: 178266.15 | M6: 66501.9 | N6: 63429.75 | O6: 232558.74 | P6: 162395.64 | Q6: 258236.64 | R6: 144207.99 | S6: 338491.62 | T6: 160682.04
A7: 6 | B7: Perennial Cropland | C7: 0 | D7: 0 | E7: 0 | F7: 0 | G7: 0 | H7: 0 | I7: 0 | J7: 0 | K7: 0 | L7: 0 | M7: 0 | N7: 0 | O7: 0 | P7: 0 | Q7: 0 | R7: 0 | S7: 0 | T7: 0
A8: 7 | B8: Annual Cropland | C8: 642.15 | D8: 1232.46 | E8: 111.78 | F8: 901.44 | G8: 895.32 | H8: 2570.22 | I8: 1149.39 | J8: 4641.3 | K8: 2911.5 | L8: 5000.49 | M8: 2494.98 | N8: 2364.66 | O8: 5844.24 | P8: 5024.52 | Q8: 899.64 | R8: 2095.29 | S8: 3366.9 | T8: 2765.16
A9: 8 | B9: Vegetated Wetland | C9: 0 | D9: 0 | E9: 0 | F9: 0 | G9: 0 | H9: 0 | I9: 0 | J9: 0 | K9: 0 | L9: 0 | M9: 0 | N9: 0 | O9: 0 | P9: 0 | Q9: 0 | R9: 0 | S9: 0 | T9: 0
A10: 9 | B10: Open Water | C10: 11.52 | D10: 25.92 | E10: 5.13 | F10: 985.59 | G10: 186.21 | H10: 31.32 | I10: 531.72 | J10: 820.17 | K10: 749.43 | L10: 448.47 | M10: 728.28 | N10: 479.7 | O10: 681.3 | P10: 948.69 | Q10: 1122.39 | R10: 786.06 | S10: 933.21 | T10: 1071.18
A11: 10 | B11: Other land | C11: 48558.24 | D11: 46704.24 | E11: 38664.99 | F11: 65396.7 | G11: 33215.4 | H11: 59233.5 | I11: 55485.72 | J11: 60477.93 | K11: 34170.93 | L11: 51993.72 | M11: 54456.75 | N11: 47603.79 | O11: 40597.56 | P11: 38809.26 | Q11: 43511.49 | R11: 32323.23 | S11: 28579.41 | T11: 34441.2
C12: =SUM(C2:C11) -> 2598302.3
C15: moyenne 2015-2018 | D15: moyenne 1990-2000
A16: Sleek Class | B16: Land Cover
A17: 1 | B17: Dense Forest | C17: =AVERAGE(S2:T2) -> 40511.88 | D17: =AVERAGE(C2:E2) -> 52161.15 | E17: =C17-D17 -> -11649.27
A18: 2 | B18: Moderate Forest | C18: =AVERAGE(S3:T3) -> 5648.49 | D18: =AVERAGE(C3:E3) -> 1094.01 | E18: =C18-D18 -> 4554.48
A19: 3 | B19: Open Forest | C19: =AVERAGE(S4:T4) -> 4929.525 | D19: =AVERAGE(C4:E4) -> 1400.67 | E19: =C19-D19 -> 3528.855
A20: 4 | B20: Wooded Grassland | C20: =AVERAGE(S5:T5) -> 2262047.1 | D20: =AVERAGE(C5:E5) -> 2376516.1 | E20: =C20-D20 -> -114468.98
A21: 5 | B21: Open Grassland | C21: =AVERAGE(S6:T6) -> 249586.83 | D21: =AVERAGE(C6:E6) -> 121811.64 | E21: =C21-D21 -> 127775.19
A22: 6 | B22: Perennial Cropland | C22: =AVERAGE(S7:T7) -> 0 | D22: =AVERAGE(C7:E7) -> 0 | E22: =C22-D22 -> 0
A23: 7 | B23: Annual Cropland | C23: =AVERAGE(S8:T8) -> 3066.03 | D23: =AVERAGE(C8:E8) -> 662.13 | E23: =C23-D23 -> 2403.9
A24: 8 | B24: Vegetated Wetland | C24: =AVERAGE(S9:T9) -> 0 | D24: =AVERAGE(C9:E9) -> 0 | E24: =C24-D24 -> 0
A25: 9 | B25: Open Water | C25: =AVERAGE(S10:T10) -> 1002.195 | D25: =AVERAGE(C10:E10) -> 14.19 | E25: =C25-D25 -> 988.005
A26: 10 | B26: Other land | C26: =AVERAGE(S11:T11) -> 31510.305 | D26: =AVERAGE(C11:E11) -> 44642.49 | E26: =C26-D26 -> -13132.185
A30: As % of opening area
B31: Dense Forest | E31: =(E17/D17)*100 -> -22.333231
B32: Moderate Forest | E32: =(E18/D18)*100 -> 416.31064
B33: Open Forest | E33: =(E19/D19)*100 -> 251.9405
B34: Wooded Grassland | E34: =(E20/D20)*100 -> -4.8166716
B35: Open Grassland | E35: =(E21/D21)*100 -> 104.89571
B36: Perennial Cropland | E36: 0
B37: Annual Cropland | E37: =(E23/D23)*100 -> 363.05559
B38: Vegetated Wetland | E38: 0
B39: Open Water | E39: =(E25/D25)*100 -> 6962.685
B40: Other land | E40: =(E26/D26)*100 -> -29.416336

Sheet Marsabit
A1: Sleek Class | B1: Land Cover | C1: 1990 | D1: 1995 | E1: 2000 | F1: 2002 | G1: 2003 | H1: 2004 | I1: 2005 | J1: 2006 | K1: 2007 | L1: 2008 | M1: 2009 | N1: 2010 | O1: 2011 | P1: 2012 | Q1: 2013 | R1: 2014 | S1: 2015 | T1: 2018
A2: 1 | B2: Dense Forest | C2: 20815.74 | D2: 46741.68 | E2: 28128.33 | F2: 24629.94 | G2: 28966.05 | H2: 18536.67 | I2: 30644.73 | J2: 19911.6 | K2: 48676.95 | L2: 42651.18 | M2: 25721.55 | N2: 35614.35 | O2: 20460.96 | P2: 40377.15 | Q2: 24145.29 | R2: 37271.07 | S2: 44889.3 | T2: 42451.29
A3: 2 | B3: Moderate Forest | C3: 20811.06 | D3: 14884.11 | E3: 24099.3 | F3: 17053.02 | G3: 33637.41 | H3: 10357.92 | I3: 8202.78 | J3: 7680.87 | K3: 35614.26 | L3: 34109.55 | M3: 16583.94 | N3: 31917.06 | O3: 9471.33 | P3: 16498.71 | Q3: 20897.64 | R3: 17427.87 | S3: 20749.41 | T3: 22919.4
A4: 3 | B4: Open Forest | C4: 19662.03 | D4: 35991.99 | E4: 19409.67 | F4: 39773.25 | G4: 24914.34 | H4: 31933.71 | I4: 56002.95 | J4: 33149.25 | K4: 18953.01 | L4: 34150.95 | M4: 47381.67 | N4: 41631.12 | O4: 42118.92 | P4: 27969.66 | Q4: 75817.17 | R4: 45734.94 | S4: 23219.37 | T4: 23042.34
A5: 4 | B5: Wooded Grassland | C5: 2538279 | D5: 2549246.4 | E5: 2406908.7 | F5: 2749084.9 | G5: 2451556.3 | H5: 2505339.8 | I5: 2314143.6 | J5: 2376097.8 | K5: 2428297.7 | L5: 2284063.7 | M5: 2569175.5 | N5: 2406316.5 | O5: 2191178.7 | P5: 2168215.7 | Q5: 2150876.9 | R5: 2293093.6 | S5: 2368545.4 | T5: 2451450.2
A6: 5 | B6: Open Grassland | C6: 1058437.8 | D6: 1296153.1 | E6: 1301579.9 | F6: 1111704.7 | G6: 1185908.6 | H6: 1239940.9 | I6: 1361356.9 | J6: 1416298.9 | K6: 1574456.8 | L6: 1572452.8 | M6: 1439299.8 | N6: 1379567.1 | O6: 2209834.7 | P6: 1559397.5 | Q6: 1421952.4 | R6: 1261634.8 | S6: 1381636.4 | T6: 1437082.4
A7: 6 | B7: Perennial Cropland | C7: 0 | D7: 0 | E7: 0 | F7: 0 | G7: 0 | H7: 0 | I7: 0 | J7: 0 | K7: 0 | L7: 0 | M7: 0 | N7: 0 | O7: 0 | P7: 0 | Q7: 0 | R7: 0 | S7: 0 | T7: 0
A8: 7 | B8: Annual Cropland | C8: 2617.38 | D8: 1501.2 | E8: 1822.32 | F8: 300.15 | G8: 1808.1 | H8: 2527.02 | I8: 1719.45 | J8: 1160.55 | K8: 421.56 | L8: 231.12 | M8: 2035.8 | N8: 2583.36 | O8: 3048.21 | P8: 6441.84 | Q8: 1646.82 | R8: 1661.94 | S8: 3934.71 | T8: 6275.88
A9: 8 | B9: Vegetated Wetland | C9: 1504.89 | D9: 1160.46 | E9: 120.15 | F9: 669.6 | G9: 541.44 | H9: 1092.33 | I9: 935.55 | J9: 7026.39 | K9: 2066.94 | L9: 1583.01 | M9: 1096.74 | N9: 3568.32 | O9: 1227.87 | P9: 2335.41 | Q9: 3842.28 | R9: 525.15 | S9: 1975.5 | T9: 1264.32
A10: 9 | B10: Open Water | C10: 487470.87 | D10: 487612.08 | E10: 500374.71 | F10: 496777.59 | G10: 491987.52 | H10: 487975.41 | I10: 488601.09 | J10: 480744.81 | K10: 496574.91 | L10: 480163.32 | M10: 494588.16 | N10: 493213.41 | O10: 491660.28 | P10: 514239.93 | Q10: 495891.99 | R10: 496033.47 | S10: 500061.96 | T10: 493728.84
A11: 10 | B11: Other land | C11: 3453295.6 | D11: 3169603.4 | E11: 3320451.3 | F11: 3162901.2 | G11: 3383574.7 | H11: 3305190.6 | I11: 3341287.3 | J11: 3260824.1 | K11: 2997832.1 | L11: 3153488.7 | M11: 3007011.1 | N11: 3208483.2 | O11: 2633893.4 | P11: 3267418.4 | Q11: 3407823.9 | R11: 3449511.4 | S11: 3257882.3 | T11: 3124679.7
C12: =SUM(C2:C11) -> 7602894.4
C15: moyenne 2015-2018 | D15: moyenne 1990-2000
A16: Sleek Class | B16: Land Cover
A17: 1 | B17: Dense Forest | C17: =AVERAGE(S2:T2) -> 43670.295 | D17: =AVERAGE(C2:E2) -> 31895.25 | E17: =C17-D17 -> 11775.045
A18: 2 | B18: Moderate Forest | C18: =AVERAGE(S3:T3) -> 21834.405 | D18: =AVERAGE(C3:E3) -> 19931.49 | E18: =C18-D18 -> 1902.915
A19: 3 | B19: Open Forest | C19: =AVERAGE(S4:T4) -> 23130.855 | D19: =AVERAGE(C4:E4) -> 25021.23 | E19: =C19-D19 -> -1890.375
A20: 4 | B20: Wooded Grassland | C20: =AVERAGE(S5:T5) -> 2409997.8 | D20: =AVERAGE(C5:E5) -> 2498144.7 | E20: =C20-D20 -> -88146.885
A21: 5 | B21: Open Grassland | C21: =AVERAGE(S6:T6) -> 1409359.4 | D21: =AVERAGE(C6:E6) -> 1218723.6 | E21: =C21-D21 -> 190635.81
A22: 6 | B22: Perennial Cropland | C22: =AVERAGE(S7:T7) -> 0 | D22: =AVERAGE(C7:E7) -> 0 | E22: =C22-D22 -> 0
A23: 7 | B23: Annual Cropland | C23: =AVERAGE(S8:T8) -> 5105.295 | D23: =AVERAGE(C8:E8) -> 1980.3 | E23: =C23-D23 -> 3124.995
A24: 8 | B24: Vegetated Wetland | C24: =AVERAGE(S9:T9) -> 1619.91 | D24: =AVERAGE(C9:E9) -> 928.5 | E24: =C24-D24 -> 691.41
A25: 9 | B25: Open Water | C25: =AVERAGE(S10:T10) -> 496895.4 | D25: =AVERAGE(C10:E10) -> 491819.22 | E25: =C25-D25 -> 5076.18
A26: 10 | B26: Other land | C26: =AVERAGE(S11:T11) -> 3191281 | D26: =AVERAGE(C11:E11) -> 3314450.1 | E26: =C26-D26 -> -123169.1
A30: As % of opening area
B31: Dense Forest | E31: =(E17/D17)*100 -> 36.917864
B32: Moderate Forest | E32: =(E18/D18)*100 -> 9.5472792
B33: Open Forest | E33: =(E19/D19)*100 -> -7.5550842
B34: Wooded Grassland | E34: =(E20/D20)*100 -> -3.528494
B35: Open Grassland | E35: =(E21/D21)*100 -> 15.642251
B36: Perennial Cropland | E36: 0
B37: Annual Cropland | E37: =(E23/D23)*100 -> 157.80412
B38: Vegetated Wetland | E38: =(E24/D24)*100 -> 74.465267
B39: Open Water | E39: =(E25/D25)*100 -> 1.0321231
B40: Other land | E40: =(E26/D26)*100 -> -3.7161246

Sheet Meru
A1: Sleek Class | B1: Land Cover | C1: 1990 | D1: 1995 | E1: 2000 | F1: 2002 | G1: 2003 | H1: 2004 | I1: 2005 | J1: 2006 | K1: 2007 | L1: 2008 | M1: 2009 | N1: 2010 | O1: 2011 | P1: 2012 | Q1: 2013 | R1: 2014 | S1: 2015 | T1: 2018
A2: 1 | B2: Dense Forest | C2: 113436.36 | D2: 122786.1 | E2: 113640.48 | F2: 120068.82 | G2: 100360.35 | H2: 118084.23 | I2: 115075.17 | J2: 116427.51 | K2: 123549.39 | L2: 118962.63 | M2: 114318.18 | N2: 107193.6 | O2: 147064.59 | P2: 126705.69 | Q2: 122991.84 | R2: 116103.6 | S2: 111803.04 | T2: 101403.81
A3: 2 | B3: Moderate Forest | C3: 106.11 | D3: 1323.09 | E3: 6628.23 | F3: 1652.4 | G3: 9276.57 | H3: 883.17 | I3: 1865.16 | J3: 2194.65 | K3: 2369.52 | L3: 1063.44 | M3: 2603.97 | N3: 2256.39 | O3: 6955.92 | P3: 1219.23 | Q3: 9714.24 | R3: 1181.52 | S3: 8087.76 | T3: 10774.26
A4: 3 | B4: Open Forest | C4: 297.99 | D4: 2339.55 | E4: 11338.38 | F4: 5478.3 | G4: 6679.17 | H4: 2112.57 | I4: 1158.93 | J4: 1469.25 | K4: 830.79 | L4: 1757.7 | M4: 965.97 | N4: 590.85 | O4: 4043.79 | P4: 558.72 | Q4: 1697.4 | R4: 1659.87 | S4: 444.96 | T4: 1095.03
A5: 4 | B5: Wooded Grassland | C5: 288020.07 | D5: 249503.13 | E5: 233628.84 | F5: 212310 | G5: 264596.04 | H5: 178254.63 | I5: 219340.62 | J5: 186426.72 | K5: 150342.21 | L5: 158498.55 | M5: 187844.76 | N5: 175934.25 | O5: 138991.95 | P5: 200520.63 | Q5: 172159.92 | R5: 200059.83 | S5: 200615.94 | T5: 194867.46
A6: 5 | B6: Open Grassland | C6: 114868.8 | D6: 121467.87 | E6: 154389.6 | F6: 97490.61 | G6: 130046.49 | H6: 110256.66 | I6: 111775.59 | J6: 111763.62 | K6: 127918.62 | L6: 105251.13 | M6: 92431.8 | N6: 109085.13 | O6: 125933.22 | P6: 106629.93 | Q6: 121447.26 | R6: 124498.35 | S6: 99023.67 | T6: 110210.67
A7: 6 | B7: Perennial Cropland | C7: 41634.81 | D7: 30548.7 | E7: 14198.13 | F7: 34186.86 | G7: 30186.45 | H7: 36654.39 | I7: 35394.12 | J7: 22462.83 | K7: 19356.03 | L7: 33989.94 | M7: 37161.72 | N7: 27162.99 | O7: 46551.24 | P7: 41534.91 | Q7: 41790.87 | R7: 40408.02 | S7: 36844.47 | T7: 39432.51
A8: 7 | B8: Annual Cropland | C8: 125861.58 | D8: 159756.84 | E8: 147647.25 | F8: 214405.47 | G8: 144846.36 | H8: 237009.24 | I8: 203319.9 | J8: 242170.11 | K8: 259650.99 | L8: 262209.42 | M8: 239899.95 | N8: 250754.67 | O8: 210658.05 | P8: 206514.27 | Q8: 214816.5 | R8: 202339.08 | S8: 223233.12 | T8: 225403.11
A9: 8 | B9: Vegetated Wetland | C9: 111.42 | D9: 98.73 | E9: 85.77 | F9: 193.14 | G9: 19.62 | H9: 104.76 | I9: 85.59 | J9: 163.35 | K9: 15.48 | L9: 509.22 | M9: 56.88 | N9: 177.75 | O9: 627.21 | P9: 101.43 | Q9: 532.89 | R9: 108.18 | S9: 263.34 | T9: 299.88
A10: 9 | B10: Open Water | C10: 58.86 | D10: 109.35 | E10: 255.96 | F10: 64.71 | G10: 92.97 | H10: 105.57 | I10: 137.16 | J10: 337.14 | K10: 322.02 | L10: 227.79 | M10: 166.86 | N10: 89.28 | O10: 124.47 | P10: 306.45 | Q10: 124.02 | R10: 113.31 | S10: 176.4 | T10: 219.42
A11: 10 | B11: Other land | C11: 14642.37 | D11: 11105.01 | E11: 17225.73 | F11: 13188.06 | G11: 12934.35 | H11: 15573.15 | I11: 10886.13 | J11: 15623.19 | K11: 14683.32 | L11: 16568.55 | M11: 23588.28 | N11: 25793.46 | O11: 18087.93 | P11: 14947.11 | Q11: 13763.43 | R11: 12566.61 | S11: 18545.67 | T11: 15332.22
C12: =SUM(C2:C11) -> 699038.37
C15: moyenne 2015-2018 | D15: moyenne 1990-2000
A16: Sleek Class | B16: Land Cover
A17: 1 | B17: Dense Forest | C17: =AVERAGE(S2:T2) -> 106603.42 | D17: =AVERAGE(C2:E2) -> 116620.98 | E17: =C17-D17 -> -10017.555
A18: 2 | B18: Moderate Forest | C18: =AVERAGE(S3:T3) -> 9431.01 | D18: =AVERAGE(C3:E3) -> 2685.81 | E18: =C18-D18 -> 6745.2
A19: 3 | B19: Open Forest | C19: =AVERAGE(S4:T4) -> 769.995 | D19: =AVERAGE(C4:E4) -> 4658.64 | E19: =C19-D19 -> -3888.645
A20: 4 | B20: Wooded Grassland | C20: =AVERAGE(S5:T5) -> 197741.7 | D20: =AVERAGE(C5:E5) -> 257050.68 | E20: =C20-D20 -> -59308.98
A21: 5 | B21: Open Grassland | C21: =AVERAGE(S6:T6) -> 104617.17 | D21: =AVERAGE(C6:E6) -> 130242.09 | E21: =C21-D21 -> -25624.92
A22: 6 | B22: Perennial Cropland | C22: =AVERAGE(S7:T7) -> 38138.49 | D22: =AVERAGE(C7:E7) -> 28793.88 | E22: =C22-D22 -> 9344.61
A23: 7 | B23: Annual Cropland | C23: =AVERAGE(S8:T8) -> 224318.11 | D23: =AVERAGE(C8:E8) -> 144421.89 | E23: =C23-D23 -> 79896.225
A24: 8 | B24: Vegetated Wetland | C24: =AVERAGE(S9:T9) -> 281.61 | D24: =AVERAGE(C9:E9) -> 98.64 | E24: =C24-D24 -> 182.97
A25: 9 | B25: Open Water | C25: =AVERAGE(S10:T10) -> 197.91 | D25: =AVERAGE(C10:E10) -> 141.39 | E25: =C25-D25 -> 56.52
A26: 10 | B26: Other land | C26: =AVERAGE(S11:T11) -> 16938.945 | D26: =AVERAGE(C11:E11) -> 14324.37 | E26: =C26-D26 -> 2614.575
A30: As % of opening area
B31: Dense Forest | E31: =(E17/D17)*100 -> -8.5898395
B32: Moderate Forest | E32: =(E18/D18)*100 -> 251.14211
B33: Open Forest | E33: =(E19/D19)*100 -> -83.471678
B34: Wooded Grassland | E34: =(E20/D20)*100 -> -23.072874
B35: Open Grassland | E35: =(E21/D21)*100 -> -19.674838
B36: Perennial Cropland | E36: =(E22/D22)*100 -> 32.453459
B37: Annual Cropland | E37: =(E23/D23)*100 -> 55.321409
B38: Vegetated Wetland | E38: =(E24/D24)*100 -> 185.4927
B39: Open Water | E39: =(E25/D25)*100 -> 39.974539
B40: Other land | E40: =(E26/D26)*100 -> 18.252635

Sheet Migori
A1: Sleek Class | B1: Land Cover | C1: 1990 | D1: 1995 | E1: 2000 | F1: 2002 | G1: 2003 | H1: 2004 | I1: 2005 | J1: 2006 | K1: 2007 | L1: 2008 | M1: 2009 | N1: 2010 | O1: 2011 | P1: 2012 | Q1: 2013 | R1: 2014 | S1: 2015 | T1: 2018
A2: 1 | B2: Dense Forest | C2: 2373.39 | D2: 4392.9 | E2: 179.37 | F2: 395.28 | G2: 933.66 | H2: 3313.8 | I2: 186.12 | J2: 1842.57 | K2: 297.09 | L2: 143.64 | M2: 206.73 | N2: 823.95 | O2: 506.52 | P2: 248.13 | Q2: 365.31 | R2: 671.85 | S2: 413.1 | T2: 550.8
A3: 2 | B3: Moderate Forest | C3: 0 | D3: 0 | E3: 151.29 | F3: 0 | G3: 70.56 | H3: 0.09 | I3: 0.45 | J3: 0 | K3: 4.41 | L3: 0.36 | M3: 0 | N3: 0 | O3: 745.56 | P3: 104.94 | Q3: 199.17 | R3: 142.47 | S3: 397.08 | T3: 242.28
A4: 3 | B4: Open Forest | C4: 46.44 | D4: 34.65 | E4: 1735.2 | F4: 3649.59 | G4: 1232.46 | H4: 5014.8 | I4: 332.01 | J4: 4095.18 | K4: 2.88 | L4: 368.82 | M4: 139.86 | N4: 7523.01 | O4: 363.06 | P4: 81.27 | Q4: 562.23 | R4: 351.63 | S4: 2686.77 | T4: 1357.74
A5: 4 | B5: Wooded Grassland | C5: 75157.56 | D5: 82524.33 | E5: 51648.39 | F5: 33553.26 | G5: 44548.83 | H5: 23643.45 | I5: 36972.45 | J5: 25212.78 | K5: 24243.66 | L5: 26340.03 | M5: 36457.83 | N5: 22633.56 | O5: 21282.12 | P5: 15855.48 | Q5: 22181.58 | R5: 26364.69 | S5: 36773.37 | T5: 25490.97
A6: 5 | B6: Open Grassland | C6: 76443.03 | D6: 42332.04 | E6: 95499.45 | F6: 63169.47 | G6: 47350.17 | H6: 37510.47 | I6: 56029.14 | J6: 22564.17 | K6: 24000.48 | L6: 41311.35 | M6: 37307.43 | N6: 27548.28 | O6: 12690.09 | P6: 29813.4 | Q6: 23154.12 | R6: 30330.9 | S6: 33768 | T6: 30103.02
A7: 6 | B7: Perennial Cropland | C7: 3716.19 | D7: 4962.6 | E7: 3738.87 | F7: 5324.94 | G7: 4892.13 | H7: 9452.52 | I7: 5605.56 | J7: 14264.28 | K7: 4381.65 | L7: 4914.45 | M7: 4649.67 | N7: 2861.1 | O7: 7698.51 | P7: 3048.12 | Q7: 7883.37 | R7: 10335.69 | S7: 13130.73 | T7: 11559.24
A8: 7 | B8: Annual Cropland | C8: 101426.49 | D8: 122580.72 | E8: 107563.5 | F8: 153407.07 | G8: 160785.9 | H8: 180780.57 | I8: 160568.1 | J8: 192572.55 | K8: 207344.16 | L8: 185721.03 | M8: 180116.37 | N8: 198825.03 | O8: 217493.64 | P8: 211453.02 | Q8: 204999.57 | R8: 192160.8 | S8: 170706.6 | T8: 189062.91
A9: 8 | B9: Vegetated Wetland | C9: 1028.97 | D9: 1435.05 | E9: 126.45 | F9: 911.88 | G9: 206.82 | H9: 399.87 | I9: 471.78 | J9: 279.27 | K9: 73.89 | L9: 1295.73 | M9: 646.92 | N9: 388.8 | O9: 718.65 | P9: 165.24 | Q9: 1413 | R9: 380.34 | S9: 787.95 | T9: 510.21
A10: 9 | B10: Open Water | C10: 55364.85 | D10: 55463.04 | E10: 55264.14 | F10: 55288.8 | G10: 55753.02 | H10: 54963.18 | I10: 55282.05 | J10: 54982.8 | K10: 55334.97 | L10: 54996.39 | M10: 55169.91 | N10: 55436.31 | O10: 54718.02 | P10: 55124.28 | Q10: 54629.64 | R10: 55096.92 | S10: 55123.2 | T10: 54916.29
A11: 10 | B11: Other land | C11: 699.75 | D11: 2531.34 | E11: 350.01 | F11: 556.38 | G11: 483.12 | H11: 1177.92 | I11: 809.01 | J11: 443.07 | K11: 573.48 | L11: 1164.87 | M11: 1561.95 | N11: 216.63 | O11: 40.5 | P11: 362.79 | Q11: 868.68 | R11: 421.38 | S11: 2469.87 | T11: 2463.21
C12: =SUM(C2:C11) -> 316256.67
C15: moyenne 2015-2018 | D15: moyenne 1990-2000
A16: Sleek Class | B16: Land Cover
A17: 1 | B17: Dense Forest | C17: =AVERAGE(S2:T2) -> 481.95 | D17: =AVERAGE(C2:E2) -> 2315.22 | E17: =C17-D17 -> -1833.27
A18: 2 | B18: Moderate Forest | C18: =AVERAGE(S3:T3) -> 319.68 | D18: =AVERAGE(C3:E3) -> 50.43 | E18: =C18-D18 -> 269.25
A19: 3 | B19: Open Forest | C19: =AVERAGE(S4:T4) -> 2022.255 | D19: =AVERAGE(C4:E4) -> 605.43 | E19: =C19-D19 -> 1416.825
A20: 4 | B20: Wooded Grassland | C20: =AVERAGE(S5:T5) -> 31132.17 | D20: =AVERAGE(C5:E5) -> 69776.76 | E20: =C20-D20 -> -38644.59
A21: 5 | B21: Open Grassland | C21: =AVERAGE(S6:T6) -> 31935.51 | D21: =AVERAGE(C6:E6) -> 71424.84 | E21: =C21-D21 -> -39489.33
A22: 6 | B22: Perennial Cropland | C22: =AVERAGE(S7:T7) -> 12344.985 | D22: =AVERAGE(C7:E7) -> 4139.22 | E22: =C22-D22 -> 8205.765
A23: 7 | B23: Annual Cropland | C23: =AVERAGE(S8:T8) -> 179884.76 | D23: =AVERAGE(C8:E8) -> 110523.57 | E23: =C23-D23 -> 69361.185
A24: 8 | B24: Vegetated Wetland | C24: =AVERAGE(S9:T9) -> 649.08 | D24: =AVERAGE(C9:E9) -> 863.49 | E24: =C24-D24 -> -214.41
A25: 9 | B25: Open Water | C25: =AVERAGE(S10:T10) -> 55019.745 | D25: =AVERAGE(C10:E10) -> 55364.01 | E25: =C25-D25 -> -344.265
A26: 10 | B26: Other land | C26: =AVERAGE(S11:T11) -> 2466.54 | D26: =AVERAGE(C11:E11) -> 1193.7 | E26: =C26-D26 -> 1272.84
A30: As % of opening area
B31: Dense Forest | E31: =(E17/D17)*100 -> -79.183404
B32: Moderate Forest | E32: =(E18/D18)*100 -> 533.90839
B33: Open Forest | E33: =(E19/D19)*100 -> 234.01962
B34: Wooded Grassland | E34: =(E20/D20)*100 -> -55.383182
B35: Open Grassland | E35: =(E21/D21)*100 -> -55.28795
B36: Perennial Cropland | E36: =(E22/D22)*100 -> 198.24423
B37: Annual Cropland | E37: =(E23/D23)*100 -> 62.756917
B38: Vegetated Wetland | E38: =(E24/D24)*100 -> -24.830629
B39: Open Water | E39: =(E25/D25)*100 -> -0.62182093
B40: Other land | E40: =(E26/D26)*100 -> 106.62981

Sheet Mombasa
A1: Sleek Class | B1: Land Cover | C1: 1990 | D1: 1995 | E1: 2000 | F1: 2002 | G1: 2003 | H1: 2004 | I1: 2005 | J1: 2006 | K1: 2007 | L1: 2008 | M1: 2009 | N1: 2010 | O1: 2011 | P1: 2012 | Q1: 2013 | R1: 2014 | S1: 2015 | T1: 2018
A2: 1 | B2: Dense Forest | C2: 1744.11 | D2: 994.77 | E2: 218.7 | F2: 447.66 | G2: 213.03 | H2: 693.63 | I2: 295.02 | J2: 322.38 | K2: 863.64 | L2: 945.18 | M2: 312.3 | N2: 173.34 | O2: 818.37 | P2: 368.82 | Q2: 385.92 | R2: 486.45 | S2: 253.8 | T2: 187.92
A3: 2 | B3: Moderate Forest | C3: 236.34 | D3: 313.02 | E3: 1305.99 | F3: 562.59 | G3: 900.27 | H3: 673.29 | I3: 1001.52 | J3: 137.52 | K3: 250.65 | L3: 704.97 | M3: 662.4 | N3: 226.98 | O3: 538.56 | P3: 384.75 | Q3: 142.02 | R3: 419.67 | S3: 690.93 | T3: 790.56
A4: 3 | B4: Open Forest | C4: 180.45 | D4: 3.51 | E4: 356.31 | F4: 203.13 | G4: 223.11 | H4: 1270.08 | I4: 474.66 | J4: 696.78 | K4: 324.45 | L4: 2.07 | M4: 767.34 | N4: 342.54 | O4: 11.52 | P4: 5.85 | Q4: 79.56 | R4: 13.5 | S4: 190.71 | T4: 44.46
A5: 4 | B5: Wooded Grassland | C5: 15891.75 | D5: 13139.1 | E5: 14322.24 | F5: 16059.96 | G5: 13107.42 | H5: 10957.23 | I5: 14691.42 | J5: 13557.06 | K5: 14394.42 | L5: 14515.92 | M5: 13180.68 | N5: 13478.31 | O5: 8477.91 | P5: 12398.22 | Q5: 10011.87 | R5: 11124.63 | S5: 8188.47 | T5: 9073.89
A6: 5 | B6: Open Grassland | C6: 54.45 | D6: 2.52 | E6: 1300.41 | F6: 8.82 | G6: 2076.75 | H6: 280.53 | I6: 320.22 | J6: 1207.17 | K6: 201.33 | L6: 1810.35 | M6: 1015.92 | N6: 306 | O6: 3212.1 | P6: 469.26 | Q6: 984.96 | R6: 296.91 | S6: 1591.74 | T6: 2829.78
A7: 6 | B7: Perennial Cropland | C7: 0 | D7: 0.27 | E7: 3.15 | F7: 6.48 | G7: 1.53 | H7: 2.25 | I7: 4.95 | J7: 0.63 | K7: 3.87 | L7: 7.65 | M7: 2.16 | N7: 0 | O7: 6.21 | P7: 4.23 | Q7: 64.62 | R7: 4.68 | S7: 1.44 | T7: 1.71
A8: 7 | B8: Annual Cropland | C8: 451.53 | D8: 3779.01 | E8: 267.48 | F8: 1421.55 | G8: 343.89 | H8: 2950.74 | I8: 440.82 | J8: 435.69 | K8: 671.49 | L8: 973.17 | M8: 1056.78 | N8: 836.19 | O8: 3157.47 | P8: 1147.95 | Q8: 3801.6 | R8: 2892.42 | S8: 3113.73 | T8: 4604.49
A9: 8 | B9: Vegetated Wetland | C9: 0 | D9: 0 | E9: 0 | F9: 0 | G9: 0 | H9: 0 | I9: 0 | J9: 0 | K9: 0 | L9: 0 | M9: 0 | N9: 0 | O9: 0 | P9: 0 | Q9: 0 | R9: 0 | S9: 0 | T9: 0
A10: 9 | B10: Open Water | C10: 551.34 | D10: 532.44 | E10: 175.41 | F10: 369.09 | G10: 277.74 | H10: 593.28 | I10: 546.57 | J10: 491.58 | K10: 408.78 | L10: 350.82 | M10: 625.59 | N10: 202.41 | O10: 379.8 | P10: 360.54 | Q10: 354.42 | R10: 454.59 | S10: 626.13 | T10: 633.69
A11: 10 | B11: Other land | C11: 2231.46 | D11: 2576.79 | E11: 3391.74 | F11: 2262.15 | G11: 4197.69 | H11: 3920.4 | I11: 3566.25 | J11: 4492.62 | K11: 4222.8 | L11: 2031.3 | M11: 3718.26 | N11: 5775.66 | O11: 4739.49 | P11: 6201.81 | Q11: 5516.46 | R11: 5648.58 | S11: 6684.48 | T11: 3174.93
C12: =SUM(C2:C11) -> 21341.43
C15: moyenne 2015-2018 | D15: moyenne 1990-2000
A16: Sleek Class | B16: Land Cover
A17: 1 | B17: Dense Forest | C17: =AVERAGE(S2:T2) -> 220.86 | D17: =AVERAGE(C2:E2) -> 985.86 | E17: =C17-D17 -> -765
A18: 2 | B18: Moderate Forest | C18: =AVERAGE(S3:T3) -> 740.745 | D18: =AVERAGE(C3:E3) -> 618.45 | E18: =C18-D18 -> 122.295
A19: 3 | B19: Open Forest | C19: =AVERAGE(S4:T4) -> 117.585 | D19: =AVERAGE(C4:E4) -> 180.09 | E19: =C19-D19 -> -62.505
A20: 4 | B20: Wooded Grassland | C20: =AVERAGE(S5:T5) -> 8631.18 | D20: =AVERAGE(C5:E5) -> 14451.03 | E20: =C20-D20 -> -5819.85
A21: 5 | B21: Open Grassland | C21: =AVERAGE(S6:T6) -> 2210.76 | D21: =AVERAGE(C6:E6) -> 452.46 | E21: =C21-D21 -> 1758.3
A22: 6 | B22: Perennial Cropland | C22: =AVERAGE(S7:T7) -> 1.575 | D22: =AVERAGE(C7:E7) -> 1.14 | E22: =C22-D22 -> 0.435
A23: 7 | B23: Annual Cropland | C23: =AVERAGE(S8:T8) -> 3859.11 | D23: =AVERAGE(C8:E8) -> 1499.34 | E23: =C23-D23 -> 2359.77
A24: 8 | B24: Vegetated Wetland | C24: =AVERAGE(S9:T9) -> 0 | D24: =AVERAGE(C9:E9) -> 0 | E24: =C24-D24 -> 0
A25: 9 | B25: Open Water | C25: =AVERAGE(S10:T10) -> 629.91 | D25: =AVERAGE(C10:E10) -> 419.73 | E25: =C25-D25 -> 210.18
A26: 10 | B26: Other land | C26: =AVERAGE(S11:T11) -> 4929.705 | D26: =AVERAGE(C11:E11) -> 2733.33 | E26: =C26-D26 -> 2196.375
A30: As % of opening area
B31: Dense Forest | E31: =(E17/D17)*100 -> -77.597225
B32: Moderate Forest | E32: =(E18/D18)*100 -> 19.774436
B33: Open Forest | E33: =(E19/D19)*100 -> -34.707646
B34: Wooded Grassland | E34: =(E20/D20)*100 -> -40.272908
B35: Open Grassland | E35: =(E21/D21)*100 -> 388.60894
B36: Perennial Cropland | E36: =(E22/D22)*100 -> 38.157895
B37: Annual Cropland | E37: =(E23/D23)*100 -> 157.38725
B38: Vegetated Wetland | E38: 0
B39: Open Water | E39: =(E25/D25)*100 -> 50.075048
B40: Other land | E40: =(E26/D26)*100 -> 80.355281

Sheet Murang'a
A1: Sleek Class | B1: Land Cover | C1: 1990 | D1: 1995 | E1: 2000 | F1: 2002 | G1: 2003 | H1: 2004 | I1: 2005 | J1: 2006 | K1: 2007 | L1: 2008 | M1: 2009 | N1: 2010 | O1: 2011 | P1: 2012 | Q1: 2013 | R1: 2014 | S1: 2015 | T1: 2018
A2: 1 | B2: Dense Forest | C2: 39488.58 | D2: 34587.27 | E2: 36091.08 | F2: 52648.29 | G2: 33582.6 | H2: 37961.37 | I2: 42947.82 | J2: 39957.21 | K2: 42839.1 | L2: 38315.7 | M2: 37782.27 | N2: 39734.28 | O2: 48150.9 | P2: 41059.44 | Q2: 36267.84 | R2: 35883.63 | S2: 39781.98 | T2: 44158.77
A3: 2 | B3: Moderate Forest | C3: 2566.53 | D3: 5150.52 | E3: 11469.69 | F3: 3479.04 | G3: 4828.59 | H3: 3391.47 | I3: 6505.74 | J3: 1878.21 | K3: 2176.47 | L3: 5576.4 | M3: 3445.47 | N3: 3079.71 | O3: 3102.3 | P3: 563.13 | Q3: 3712.14 | R3: 2149.11 | S3: 2249.01 | T3: 1849.41
A4: 3 | B4: Open Forest | C4: 843.84 | D4: 2431.71 | E4: 2592.63 | F4: 2120.67 | G4: 1514.61 | H4: 5013.18 | I4: 1116.45 | J4: 70.29 | K4: 0.81 | L4: 3219.66 | M4: 541.26 | N4: 639.27 | O4: 232.47 | P4: 0 | Q4: 607.23 | R4: 0.36 | S4: 8.01 | T4: 8.37
A5: 4 | B5: Wooded Grassland | C5: 47302.38 | D5: 51771.15 | E5: 38914.92 | F5: 7219.17 | G5: 53610.48 | H5: 7226.28 | I5: 28682.1 | J5: 4820.31 | K5: 8100.63 | L5: 16055.64 | M5: 10359.63 | N5: 20450.52 | O5: 9302.31 | P5: 36160.29 | Q5: 14456.25 | R5: 26255.16 | S5: 25650.18 | T5: 20204.82
A6: 5 | B6: Open Grassland | C6: 17210.25 | D6: 13670.55 | E6: 21091.77 | F6: 13156.83 | G6: 20974.05 | H6: 4683.96 | I6: 27207.36 | J6: 7657.11 | K6: 3774.24 | L6: 7958.25 | M6: 11107.35 | N6: 10328.76 | O6: 8534.79 | P6: 6857.28 | Q6: 4559.85 | R6: 4344.57 | S6: 4150.26 | T6: 3739.23
A7: 6 | B7: Perennial Cropland | C7: 36735.75 | D7: 28527.66 | E7: 35719.47 | F7: 32562.81 | G7: 33365.25 | H7: 36806.94 | I7: 32659.65 | J7: 36571.95 | K7: 36738.99 | L7: 37205.82 | M7: 32455.89 | N7: 30216.96 | O7: 33121.71 | P7: 34069.41 | Q7: 32465.61 | R7: 42038.82 | S7: 38483.64 | T7: 40998.24
A8: 7 | B8: Annual Cropland | C8: 107627.94 | D8: 115457.58 | E8: 105168.24 | F8: 140341.05 | G8: 103562.37 | H8: 156142.08 | I8: 112363.02 | J8: 160110.18 | K8: 156672.63 | L8: 142886.07 | M8: 155718.72 | N8: 146961.45 | O8: 148831.92 | P8: 132528.06 | Q8: 159362.82 | R8: 140944.59 | S8: 141119.46 | T8: 140199.12
A9: 8 | B9: Vegetated Wetland | C9: 36.72 | D9: 36.54 | E9: 168.66 | F9: 111.24 | G9: 72.9 | H9: 5.04 | I9: 26.73 | J9: 0.09 | K9: 991.44 | L9: 299.34 | M9: 10.98 | N9: 107.1 | O9: 0 | P9: 0 | Q9: 0 | R9: 0 | S9: 26.01 | T9: 12.51
A10: 9 | B10: Open Water | C10: 549 | D10: 963.18 | E10: 1261.08 | F10: 772.29 | G10: 846.54 | H10: 1170.18 | I10: 948.42 | J10: 1359.36 | K10: 726.66 | L10: 761.49 | M10: 1018.26 | N10: 851.04 | O10: 621.09 | P10: 824.94 | Q10: 742.14 | R10: 758.61 | S10: 706.14 | T10: 809.1
A11: 10 | B11: Other land | C11: 285.12 | D11: 49.95 | E11: 168.57 | F11: 234.72 | G11: 288.72 | H11: 245.61 | I11: 188.82 | J11: 221.4 | K11: 625.14 | L11: 367.74 | M11: 206.28 | N11: 277.02 | O11: 748.62 | P11: 583.56 | Q11: 472.23 | R11: 271.26 | S11: 471.42 | T11: 666.54
C12: =SUM(C2:C11) -> 252646.11
C15: moyenne 2015-2018 | D15: moyenne 1990-2000
A16: Sleek Class | B16: Land Cover
A17: 1 | B17: Dense Forest | C17: =AVERAGE(S2:T2) -> 41970.375 | D17: =AVERAGE(C2:E2) -> 36722.31 | E17: =C17-D17 -> 5248.065
A18: 2 | B18: Moderate Forest | C18: =AVERAGE(S3:T3) -> 2049.21 | D18: =AVERAGE(C3:E3) -> 6395.58 | E18: =C18-D18 -> -4346.37
A19: 3 | B19: Open Forest | C19: =AVERAGE(S4:T4) -> 8.19 | D19: =AVERAGE(C4:E4) -> 1956.06 | E19: =C19-D19 -> -1947.87
A20: 4 | B20: Wooded Grassland | C20: =AVERAGE(S5:T5) -> 22927.5 | D20: =AVERAGE(C5:E5) -> 45996.15 | E20: =C20-D20 -> -23068.65
A21: 5 | B21: Open Grassland | C21: =AVERAGE(S6:T6) -> 3944.745 | D21: =AVERAGE(C6:E6) -> 17324.19 | E21: =C21-D21 -> -13379.445
A22: 6 | B22: Perennial Cropland | C22: =AVERAGE(S7:T7) -> 39740.94 | D22: =AVERAGE(C7:E7) -> 33660.96 | E22: =C22-D22 -> 6079.98
A23: 7 | B23: Annual Cropland | C23: =AVERAGE(S8:T8) -> 140659.29 | D23: =AVERAGE(C8:E8) -> 109417.92 | E23: =C23-D23 -> 31241.37
A24: 8 | B24: Vegetated Wetland | C24: =AVERAGE(S9:T9) -> 19.26 | D24: =AVERAGE(C9:E9) -> 80.64 | E24: =C24-D24 -> -61.38
A25: 9 | B25: Open Water | C25: =AVERAGE(S10:T10) -> 757.62 | D25: =AVERAGE(C10:E10) -> 924.42 | E25: =C25-D25 -> -166.8
A26: 10 | B26: Other land | C26: =AVERAGE(S11:T11) -> 568.98 | D26: =AVERAGE(C11:E11) -> 167.88 | E26: =C26-D26 -> 401.1
A30: As % of opening area
B31: Dense Forest | E31: =(E17/D17)*100 -> 14.291217
B32: Moderate Forest | E32: =(E18/D18)*100 -> -67.958965
B33: Open Forest | E33: =(E19/D19)*100 -> -99.581301
B34: Wooded Grassland | E34: =(E20/D20)*100 -> -50.153437
B35: Open Grassland | E35: =(E21/D21)*100 -> -77.229845
B36: Perennial Cropland | E36: =(E22/D22)*100 -> 18.062408
B37: Annual Cropland | E37: =(E23/D23)*100 -> 28.552334
B38: Vegetated Wetland | E38: =(E24/D24)*100 -> -76.116071
B39: Open Water | E39: =(E25/D25)*100 -> -18.043746
B40: Other land | E40: =(E26/D26)*100 -> 238.92066

Sheet Nairobi
A1: Sleek Class | B1: Land Cover | C1: 1990 | D1: 1995 | E1: 2000 | F1: 2002 | G1: 2003 | H1: 2004 | I1: 2005 | J1: 2006 | K1: 2007 | L1: 2008 | M1: 2009 | N1: 2010 | O1: 2011 | P1: 2012 | Q1: 2013 | R1: 2014 | S1: 2015 | T1: 2018
A2: 1 | B2: Dense Forest | C2: 3264.3 | D2: 1788.75 | E2: 2263.59 | F2: 3887.37 | G2: 2147.76 | H2: 2737.08 | I2: 2880.81 | J2: 2776.95 | K2: 2432.34 | L2: 1355.58 | M2: 2416.68 | N2: 2345.67 | O2: 1846.35 | P2: 3679.47 | Q2: 2316.96 | R2: 3468.96 | S2: 980.1 | T2: 3468.24
A3: 2 | B3: Moderate Forest | C3: 1749.24 | D3: 1735.47 | E3: 2951.28 | F3: 1537.56 | G3: 2441.88 | H3: 1633.95 | I3: 2356.65 | J3: 611.01 | K3: 997.38 | L3: 2485.44 | M3: 2542.5 | N3: 707.49 | O3: 1789.56 | P3: 505.62 | Q3: 1596.96 | R3: 337.59 | S3: 2053.26 | T3: 1212.93
A4: 3 | B4: Open Forest | C4: 421.74 | D4: 759.33 | E4: 379.8 | F4: 1812.96 | G4: 147.6 | H4: 1294.65 | I4: 135.18 | J4: 167.67 | K4: 41.67 | L4: 1119.33 | M4: 227.16 | N4: 83.16 | O4: 406.62 | P4: 1.8 | Q4: 220.59 | R4: 23.22 | S4: 50.94 | T4: 40.77
A5: 4 | B5: Wooded Grassland | C5: 20499.57 | D5: 24030.54 | E5: 16418.25 | F5: 12217.14 | G5: 23611.14 | H5: 13175.82 | I5: 13166.91 | J5: 11255.04 | K5: 18351.81 | L5: 15495.93 | M5: 12748.32 | N5: 15785.64 | O5: 9847.35 | P5: 10846.26 | Q5: 13707.81 | R5: 17118 | S5: 19921.32 | T5: 21836.61
A6: 5 | B6: Open Grassland | C6: 23889.15 | D6: 24140.52 | E6: 31603.95 | F6: 26751.33 | G6: 27384.66 | H6: 23916.24 | I6: 37316.52 | J6: 25846.29 | K6: 15096.96 | L6: 24618.6 | M6: 25925.67 | N6: 26944.83 | O6: 25365.96 | P6: 24286.05 | Q6: 20859.3 | R6: 26715.87 | S6: 19286.73 | T6: 15064.47
A7: 6 | B7: Perennial Cropland | C7: 1793.16 | D7: 1420.74 | E7: 1292.67 | F7: 311.04 | G7: 1193.76 | H7: 1207.62 | I7: 642.24 | J7: 486.27 | K7: 1196.46 | L7: 491.94 | M7: 887.22 | N7: 405.27 | O7: 2005.2 | P7: 961.47 | Q7: 1632.69 | R7: 1041.03 | S7: 447.57 | T7: 1089.54
A8: 7 | B8: Annual Cropland | C8: 9840.51 | D8: 11567.79 | E8: 9839.25 | F8: 17648.1 | G8: 7761.33 | H8: 19906.56 | I8: 7931.61 | J8: 23339.34 | K8: 23778.45 | L8: 16099.11 | M8: 19525.77 | N8: 15314.31 | O8: 18983.7 | P8: 21655.62 | Q8: 19845.09 | R8: 14528.79 | S8: 15655.41 | T8: 18158.85
A9: 8 | B9: Vegetated Wetland | C9: 7.74 | D9: 21.33 | E9: 60.93 | F9: 70.83 | G9: 29.7 | H9: 0.63 | I9: 31.05 | J9: 0 | K9: 203.22 | L9: 108.72 | M9: 0 | N9: 72.9 | O9: 0 | P9: 0 | Q9: 0 | R9: 0 | S9: 73.44 | T9: 0
A10: 9 | B10: Open Water | C10: 206.19 | D10: 398.88 | E10: 444.33 | F10: 327.78 | G10: 340.47 | H10: 273.96 | I10: 393.03 | J10: 477.81 | K10: 214.74 | L10: 299.43 | M10: 359.73 | N10: 211.59 | O10: 147.78 | P10: 355.14 | Q10: 247.95 | R10: 280.53 | S10: 215.01 | T10: 380.07
A11: 10 | B11: Other land | C11: 9127.53 | D11: 4935.78 | E11: 5545.08 | F11: 6235.02 | G11: 5740.83 | H11: 6652.62 | I11: 5945.13 | J11: 5838.75 | K11: 8486.1 | L11: 8725.05 | M11: 6166.08 | N11: 8928.27 | O11: 10406.61 | P11: 8507.7 | Q11: 10371.78 | R11: 7285.14 | S11: 12115.35 | T11: 9547.65
C12: =SUM(C2:C11) -> 70799.13
C15: moyenne 2015-2018 | D15: moyenne 1990-2000
A16: Sleek Class | B16: Land Cover
A17: 1 | B17: Dense Forest | C17: =AVERAGE(S2:T2) -> 2224.17 | D17: =AVERAGE(C2:E2) -> 2438.88 | E17: =C17-D17 -> -214.71
A18: 2 | B18: Moderate Forest | C18: =AVERAGE(S3:T3) -> 1633.095 | D18: =AVERAGE(C3:E3) -> 2145.33 | E18: =C18-D18 -> -512.235
A19: 3 | B19: Open Forest | C19: =AVERAGE(S4:T4) -> 45.855 | D19: =AVERAGE(C4:E4) -> 520.29 | E19: =C19-D19 -> -474.435
A20: 4 | B20: Wooded Grassland | C20: =AVERAGE(S5:T5) -> 20878.965 | D20: =AVERAGE(C5:E5) -> 20316.12 | E20: =C20-D20 -> 562.845
A21: 5 | B21: Open Grassland | C21: =AVERAGE(S6:T6) -> 17175.6 | D21: =AVERAGE(C6:E6) -> 26544.54 | E21: =C21-D21 -> -9368.94
A22: 6 | B22: Perennial Cropland | C22: =AVERAGE(S7:T7) -> 768.555 | D22: =AVERAGE(C7:E7) -> 1502.19 | E22: =C22-D22 -> -733.635
A23: 7 | B23: Annual Cropland | C23: =AVERAGE(S8:T8) -> 16907.13 | D23: =AVERAGE(C8:E8) -> 10415.85 | E23: =C23-D23 -> 6491.28
A24: 8 | B24: Vegetated Wetland | C24: =AVERAGE(S9:T9) -> 36.72 | D24: =AVERAGE(C9:E9) -> 30 | E24: =C24-D24 -> 6.72
A25: 9 | B25: Open Water | C25: =AVERAGE(S10:T10) -> 297.54 | D25: =AVERAGE(C10:E10) -> 349.8 | E25: =C25-D25 -> -52.26
A26: 10 | B26: Other land | C26: =AVERAGE(S11:T11) -> 10831.5 | D26: =AVERAGE(C11:E11) -> 6536.13 | E26: =C26-D26 -> 4295.37
A30: As % of opening area
B31: Dense Forest | E31: =(E17/D17)*100 -> -8.8036312
B32: Moderate Forest | E32: =(E18/D18)*100 -> -23.876746
B33: Open Forest | E33: =(E19/D19)*100 -> -91.186646
B34: Wooded Grassland | E34: =(E20/D20)*100 -> 2.7704355
B35: Open Grassland | E35: =(E21/D21)*100 -> -35.295168
B36: Perennial Cropland | E36: =(E22/D22)*100 -> -48.837697
B37: Annual Cropland | E37: =(E23/D23)*100 -> 62.321174
B38: Vegetated Wetland | E38: =(E24/D24)*100 -> 22.4
B39: Open Water | E39: =(E25/D25)*100 -> -14.939966
B40: Other land | E40: =(E26/D26)*100 -> 65.717328

Sheet Nakuru
A1: Sleek Class | B1: Land Cover | C1: 1990 | D1: 1995 | E1: 2000 | F1: 2002 | G1: 2003 | H1: 2004 | I1: 2005 | J1: 2006 | K1: 2007 | L1: 2008 | M1: 2009 | N1: 2010 | O1: 2011 | P1: 2012 | Q1: 2013 | R1: 2014 | S1: 2015 | T1: 2018
A2: 1 | B2: Dense Forest | C2: 93415.59 | D2: 101273.49 | E2: 42807.33 | F2: 44898.03 | G2: 34202.88 | H2: 55088.64 | I2: 39559.77 | J2: 37223.91 | K2: 36058.5 | L2: 35750.61 | M2: 40827.06 | N2: 36774.27 | O2: 31627.17 | P2: 35597.79 | Q2: 40567.41 | R2: 55128.87 | S2: 42673.32 | T2: 40419.45
A3: 2 | B3: Moderate Forest | C3: 17633.07 | D3: 1758.33 | E3: 15045.12 | F3: 26271.63 | G3: 19113.21 | H3: 10328.22 | I3: 20018.88 | J3: 12171.24 | K3: 15750.99 | L3: 24755.58 | M3: 18508.86 | N3: 14480.73 | O3: 19317.42 | P3: 28696.05 | Q3: 25803.81 | R3: 14200.02 | S3: 13584.78 | T3: 11237.13
A4: 3 | B4: Open Forest | C4: 3622.14 | D4: 2899.17 | E4: 1781.64 | F4: 4135.41 | G4: 2813.85 | H4: 3698.1 | I4: 5024.79 | J4: 5445.72 | K4: 9979.47 | L4: 3042.54 | M4: 2818.98 | N4: 3600.54 | O4: 4664.25 | P4: 969.48 | Q4: 2312.19 | R4: 2695.41 | S4: 2903.49 | T4: 1327.68
A5: 4 | B5: Wooded Grassland | C5: 220627.17 | D5: 170644.95 | E5: 190494.9 | F5: 197357.85 | G5: 195147.9 | H5: 192813.48 | I5: 185288.13 | J5: 184943.61 | K5: 204710.85 | L5: 189626.58 | M5: 205676.19 | N5: 207836.82 | O5: 207582.57 | P5: 175425.3 | Q5: 163715.04 | R5: 193543.56 | S5: 194712.03 | T5: 189159.39
A6: 5 | B6: Open Grassland | C6: 233045.01 | D6: 226040.94 | E6: 214632.72 | F6: 206927.73 | G6: 230460.3 | H6: 186483.42 | I6: 193270.95 | J6: 199714.41 | K6: 208795.23 | L6: 175587.03 | M6: 169875.63 | N6: 169697.07 | O6: 155121.3 | P6: 179566.74 | Q6: 175698.72 | R6: 161433.45 | S6: 133492.32 | T6: 126920.16
A7: 6 | B7: Perennial Cropland | C7: 7362.54 | D7: 8421.03 | E7: 6154.83 | F7: 7047.09 | G7: 4838.31 | H7: 6191.91 | I7: 8034.48 | J7: 6686.1 | K7: 1004.67 | L7: 5475.87 | M7: 14462.91 | N7: 5226.12 | O7: 6980.76 | P7: 4956.21 | Q7: 4030.74 | R7: 5071.23 | S7: 5801.31 | T7: 5223.78
A8: 7 | B8: Annual Cropland | C8: 149936.85 | D8: 214026.39 | E8: 255537.9 | F8: 238637.61 | G8: 241064.46 | H8: 271616.4 | I8: 276051.6 | J8: 278737.11 | K8: 244458.54 | L8: 288184.77 | M8: 275256.63 | N8: 288800.1 | O8: 296926.2 | P8: 296189.55 | Q8: 307312.74 | R8: 287553.78 | S8: 325781.28 | T8: 341437.05
A9: 8 | B9: Vegetated Wetland | C9: 2331.09 | D9: 617.4 | E9: 290.79 | F9: 1010.7 | G9: 506.97 | H9: 545.13 | I9: 387.45 | J9: 466.02 | K9: 1675.98 | L9: 436.86 | M9: 88.65 | N9: 800.73 | O9: 1244.97 | P9: 2910.69 | Q9: 1841.49 | R9: 2433.15 | S9: 886.5 | T9: 1211.31
A10: 9 | B10: Open Water | C10: 18093.51 | D10: 18433.8 | E10: 19658.25 | F10: 18792.45 | G10: 18014.76 | H10: 19085.94 | I10: 18791.82 | J10: 18355.32 | K10: 19162.98 | L10: 19153.44 | M10: 17583.57 | N10: 16991.37 | O10: 19412.82 | P10: 19753.02 | Q10: 21817.26 | R10: 23011.29 | S10: 22920.21 | T10: 22704.03
A11: 10 | B11: Other land | C11: 4019.13 | D11: 5970.6 | E11: 3682.62 | F11: 5007.6 | G11: 3923.46 | H11: 4234.86 | I11: 3658.23 | J11: 6342.66 | K11: 8488.89 | L11: 8072.82 | M11: 4987.62 | N11: 5878.35 | O11: 7208.64 | P11: 6021.27 | Q11: 6986.7 | R11: 5015.34 | S11: 7330.86 | T11: 10446.12
C12: =SUM(C2:C11) -> 750086.1
C15: moyenne 2015-2018 | D15: moyenne 1990-2000
A16: Sleek Class | B16: Land Cover
A17: 1 | B17: Dense Forest | C17: =AVERAGE(S2:T2) -> 41546.385 | D17: =AVERAGE(C2:E2) -> 79165.47 | E17: =C17-D17 -> -37619.085
A18: 2 | B18: Moderate Forest | C18: =AVERAGE(S3:T3) -> 12410.955 | D18: =AVERAGE(C3:E3) -> 11478.84 | E18: =C18-D18 -> 932.115
A19: 3 | B19: Open Forest | C19: =AVERAGE(S4:T4) -> 2115.585 | D19: =AVERAGE(C4:E4) -> 2767.65 | E19: =C19-D19 -> -652.065
A20: 4 | B20: Wooded Grassland | C20: =AVERAGE(S5:T5) -> 191935.71 | D20: =AVERAGE(C5:E5) -> 193922.34 | E20: =C20-D20 -> -1986.63
A21: 5 | B21: Open Grassland | C21: =AVERAGE(S6:T6) -> 130206.24 | D21: =AVERAGE(C6:E6) -> 224572.89 | E21: =C21-D21 -> -94366.65
A22: 6 | B22: Perennial Cropland | C22: =AVERAGE(S7:T7) -> 5512.545 | D22: =AVERAGE(C7:E7) -> 7312.8 | E22: =C22-D22 -> -1800.255
A23: 7 | B23: Annual Cropland | C23: =AVERAGE(S8:T8) -> 333609.16 | D23: =AVERAGE(C8:E8) -> 206500.38 | E23: =C23-D23 -> 127108.78
A24: 8 | B24: Vegetated Wetland | C24: =AVERAGE(S9:T9) -> 1048.905 | D24: =AVERAGE(C9:E9) -> 1079.76 | E24: =C24-D24 -> -30.855
A25: 9 | B25: Open Water | C25: =AVERAGE(S10:T10) -> 22812.12 | D25: =AVERAGE(C10:E10) -> 18728.52 | E25: =C25-D25 -> 4083.6
A26: 10 | B26: Other land | C26: =AVERAGE(S11:T11) -> 8888.49 | D26: =AVERAGE(C11:E11) -> 4557.45 | E26: =C26-D26 -> 4331.04
A30: As % of opening area
B31: Dense Forest | E31: =(E17/D17)*100 -> -47.519563
B32: Moderate Forest | E32: =(E18/D18)*100 -> 8.1202892
B33: Open Forest | E33: =(E19/D19)*100 -> -23.560241
B34: Wooded Grassland | E34: =(E20/D20)*100 -> -1.0244462
B35: Open Grassland | E35: =(E21/D21)*100 -> -42.020499
B36: Perennial Cropland | E36: =(E22/D22)*100 -> -24.617862
B37: Annual Cropland | E37: =(E23/D23)*100 -> 61.553778
B38: Vegetated Wetland | E38: =(E24/D24)*100 -> -2.8575795
B39: Open Water | E39: =(E25/D25)*100 -> 21.804179
B40: Other land | E40: =(E26/D26)*100 -> 95.03209

Sheet Nandi
A1: Sleek Class | B1: Land Cover | C1: 1990 | D1: 1995 | E1: 2000 | F1: 2002 | G1: 2003 | H1: 2004 | I1: 2005 | J1: 2006 | K1: 2007 | L1: 2008 | M1: 2009 | N1: 2010 | O1: 2011 | P1: 2012 | Q1: 2013 | R1: 2014 | S1: 2015 | T1: 2018
A2: 1 | B2: Dense Forest | C2: 43000.47 | D2: 43219.89 | E2: 39046.59 | F2: 56463.12 | G2: 39483.63 | H2: 43402.77 | I2: 40954.95 | J2: 40259.61 | K2: 35354.25 | L2: 38256.66 | M2: 44114.58 | N2: 42408.09 | O2: 41504.76 | P2: 39910.95 | Q2: 41318.28 | R2: 46599.57 | S2: 43834.59 | T2: 46529.73
A3: 2 | B3: Moderate Forest | C3: 956.88 | D3: 4066.02 | E3: 1445.31 | F3: 1593.81 | G3: 2065.77 | H3: 1979.01 | I3: 1196.64 | J3: 2931.93 | K3: 6234.57 | L3: 3113.28 | M3: 2036.52 | N3: 1295.82 | O3: 6010.65 | P3: 4360.68 | Q3: 4666.41 | R3: 1200.87 | S3: 2092.77 | T3: 2272.59
A4: 3 | B4: Open Forest | C4: 245.88 | D4: 1669.5 | E4: 371.61 | F4: 466.11 | G4: 199.71 | H4: 1019.88 | I4: 53.28 | J4: 1103.04 | K4: 3226.23 | L4: 469.62 | M4: 713.43 | N4: 272.61 | O4: 514.17 | P4: 1167.21 | Q4: 2976.75 | R4: 356.31 | S4: 3094.29 | T4: 2267.91
A5: 4 | B5: Wooded Grassland | C5: 51342.84 | D5: 65979.09 | E5: 38370.78 | F5: 25620.03 | G5: 39850.38 | H5: 29865.87 | I5: 35359.83 | J5: 14706.54 | K5: 25817.4 | L5: 28370.16 | M5: 18195.21 | N5: 35644.77 | O5: 32584.59 | P5: 44231.67 | Q5: 25566.3 | R5: 27017.91 | S5: 22655.43 | T5: 21003.57
A6: 5 | B6: Open Grassland | C6: 73942.38 | D6: 42177.51 | E6: 60838.83 | F6: 52198.2 | G6: 79658.82 | H6: 55943.82 | I6: 37730.88 | J6: 28936.08 | K6: 27689.22 | L6: 29095.83 | M6: 30179.34 | N6: 37662.66 | O6: 34331.49 | P6: 23383.71 | Q6: 31287.51 | R6: 30436.65 | S6: 20051.73 | T6: 16563.51
A7: 6 | B7: Perennial Cropland | C7: 11155.23 | D7: 12567.33 | E7: 13523.13 | F7: 18569.43 | G7: 12799.08 | H7: 13990.86 | I7: 13599.9 | J7: 18463.32 | K7: 14047.92 | L7: 13841.46 | M7: 19213.56 | N7: 18938.79 | O7: 15884.19 | P7: 14083.92 | Q7: 17445.33 | R7: 15329.52 | S7: 19452.42 | T7: 17657.28
A8: 7 | B8: Annual Cropland | C8: 103661.73 | D8: 114653.7 | E8: 130879.98 | F8: 128789.91 | G8: 110399.76 | H8: 138015.45 | I8: 154904.58 | J8: 177569.91 | K8: 171868.86 | L8: 169744.5 | M8: 169062.12 | N8: 147778.92 | O8: 153561.33 | P8: 157154.67 | Q8: 160887.51 | R8: 162906.39 | S8: 172841.31 | T8: 177624.18
A9: 8 | B9: Vegetated Wetland | C9: 301.68 | D9: 148.59 | E9: 76.68 | F9: 826.83 | G9: 87.12 | H9: 298.17 | I9: 570.87 | J9: 484.92 | K9: 312.21 | L9: 1210.5 | M9: 959.4 | N9: 504.09 | O9: 145.89 | P9: 149.49 | Q9: 314.01 | R9: 495.9 | S9: 350.73 | T9: 43.47
A10: 9 | B10: Open Water | C10: 25.29 | D10: 27 | E10: 21.69 | F10: 36.81 | G10: 22.05 | H10: 22.23 | I10: 59.4 | J10: 25.29 | K10: 22.77 | L10: 52.02 | M10: 36.36 | N10: 36.45 | O10: 55.53 | P10: 77.49 | Q10: 27 | R10: 56.34 | S10: 66.15 | T10: 46.17
A11: 10 | B11: Other land | C11: 46.98 | D11: 170.73 | E11: 104.76 | F11: 115.11 | G11: 113.04 | H11: 141.3 | I11: 249.03 | J11: 198.72 | K11: 105.93 | L11: 525.33 | M11: 168.84 | N11: 137.16 | O11: 86.76 | P11: 159.57 | Q11: 190.26 | R11: 279.9 | S11: 239.94 | T11: 670.95
C12: =SUM(C2:C11) -> 284679.36
C15: moyenne 2015-2018 | D15: moyenne 1990-2000
A16: Sleek Class | B16: Land Cover
A17: 1 | B17: Dense Forest | C17: =AVERAGE(S2:T2) -> 45182.16 | D17: =AVERAGE(C2:E2) -> 41755.65 | E17: =C17-D17 -> 3426.51
A18: 2 | B18: Moderate Forest | C18: =AVERAGE(S3:T3) -> 2182.68 | D18: =AVERAGE(C3:E3) -> 2156.07 | E18: =C18-D18 -> 26.61
A19: 3 | B19: Open Forest | C19: =AVERAGE(S4:T4) -> 2681.1 | D19: =AVERAGE(C4:E4) -> 762.33 | E19: =C19-D19 -> 1918.77
A20: 4 | B20: Wooded Grassland | C20: =AVERAGE(S5:T5) -> 21829.5 | D20: =AVERAGE(C5:E5) -> 51897.57 | E20: =C20-D20 -> -30068.07
A21: 5 | B21: Open Grassland | C21: =AVERAGE(S6:T6) -> 18307.62 | D21: =AVERAGE(C6:E6) -> 58986.24 | E21: =C21-D21 -> -40678.62
A22: 6 | B22: Perennial Cropland | C22: =AVERAGE(S7:T7) -> 18554.85 | D22: =AVERAGE(C7:E7) -> 12415.23 | E22: =C22-D22 -> 6139.62
A23: 7 | B23: Annual Cropland | C23: =AVERAGE(S8:T8) -> 175232.74 | D23: =AVERAGE(C8:E8) -> 116398.47 | E23: =C23-D23 -> 58834.275
A24: 8 | B24: Vegetated Wetland | C24: =AVERAGE(S9:T9) -> 197.1 | D24: =AVERAGE(C9:E9) -> 175.65 | E24: =C24-D24 -> 21.45
A25: 9 | B25: Open Water | C25: =AVERAGE(S10:T10) -> 56.16 | D25: =AVERAGE(C10:E10) -> 24.66 | E25: =C25-D25 -> 31.5
A26: 10 | B26: Other land | C26: =AVERAGE(S11:T11) -> 455.445 | D26: =AVERAGE(C11:E11) -> 107.49 | E26: =C26-D26 -> 347.955
A30: As % of opening area
B31: Dense Forest | E31: =(E17/D17)*100 -> 8.2060991
B32: Moderate Forest | E32: =(E18/D18)*100 -> 1.23419
B33: Open Forest | E33: =(E19/D19)*100 -> 251.69808
B34: Wooded Grassland | E34: =(E20/D20)*100 -> -57.937337
B35: Open Grassland | E35: =(E21/D21)*100 -> -68.962897
B36: Perennial Cropland | E36: =(E22/D22)*100 -> 49.452326
B37: Annual Cropland | E37: =(E23/D23)*100 -> 50.545574
B38: Vegetated Wetland | E38: =(E24/D24)*100 -> 12.211785
B39: Open Water | E39: =(E25/D25)*100 -> 127.73723
B40: Other land | E40: =(E26/D26)*100 -> 323.70918

Sheet Narok
A1: Sleek Class | B1: Land Cover | C1: 1990 | D1: 1995 | E1: 2000 | F1: 2002 | G1: 2003 | H1: 2004 | I1: 2005 | J1: 2006 | K1: 2007 | L1: 2008 | M1: 2009 | N1: 2010 | O1: 2011 | P1: 2012 | Q1: 2013 | R1: 2014 | S1: 2015 | T1: 2018
A2: 1 | B2: Dense Forest | C2: 223063.38 | D2: 228751.11 | E2: 129995.73 | F2: 173013.48 | G2: 126212.4 | H2: 154761.75 | I2: 128086.29 | J2: 143943.39 | K2: 109719.9 | L2: 118860.21 | M2: 132311.25 | N2: 130758.03 | O2: 116459.46 | P2: 120145.77 | Q2: 143406.09 | R2: 126605.88 | S2: 113957.1 | T2: 116106.57
A3: 2 | B3: Moderate Forest | C3: 71186.31 | D3: 74862.09 | E3: 103574.88 | F3: 96701.22 | G3: 104985.63 | H3: 57374.46 | I3: 73186.38 | J3: 64188.72 | K3: 95056.92 | L3: 81308.25 | M3: 54678.78 | N3: 57950.64 | O3: 87126.66 | P3: 69675.03 | Q3: 83318.4 | R3: 75959.46 | S3: 56688.66 | T3: 54917.28
A4: 3 | B4: Open Forest | C4: 90461.7 | D4: 102084.21 | E4: 77944.77 | F4: 81310.41 | G4: 74598.21 | H4: 87272.19 | I4: 86639.49 | J4: 59836.95 | K4: 44421.93 | L4: 60583.86 | M4: 72547.83 | N4: 103859.19 | O4: 62955 | P4: 55236.15 | Q4: 46116.72 | R4: 60497.73 | S4: 70043.13 | T4: 70038
A5: 4 | B5: Wooded Grassland | C5: 538271.37 | D5: 526271.76 | E5: 674864.01 | F5: 549440.37 | G5: 620230.95 | H5: 712945.53 | I5: 618801.48 | J5: 665536.5 | K5: 567225.9 | L5: 620955.72 | M5: 634632.39 | N5: 616125.69 | O5: 555921.99 | P5: 717035.13 | Q5: 580646.34 | R5: 629448.93 | S5: 669239.55 | T5: 592780.86
A6: 5 | B6: Open Grassland | C6: 779606.46 | D6: 720552.69 | E6: 627852.42 | F6: 694944.54 | G6: 700959.6 | H6: 619794 | I6: 694837.62 | J6: 646744.32 | K6: 718661.88 | L6: 684191.07 | M6: 645119.82 | N6: 651570.84 | O6: 648486.99 | P6: 577360.8 | Q6: 677725.74 | R6: 618630.21 | S6: 569227.23 | T6: 587043.45
A7: 6 | B7: Perennial Cropland | C7: 257.67 | D7: 831.06 | E7: 1306.17 | F7: 3059.64 | G7: 1922.13 | H7: 2320.29 | I7: 4373.19 | J7: 3300.66 | K7: 2017.98 | L7: 1174.77 | M7: 1979.46 | N7: 1239.66 | O7: 2514.69 | P7: 1592.1 | Q7: 2895.93 | R7: 4439.61 | S7: 4572 | T7: 9129.78
A8: 7 | B8: Annual Cropland | C8: 89206.56 | D8: 139604.49 | E8: 172990.62 | F8: 191566.44 | G8: 151569.09 | H8: 157603.77 | I8: 180478.89 | J8: 207582.3 | K8: 254694.78 | L8: 217847.34 | M8: 250527.33 | N8: 230567.22 | O8: 309702.24 | P8: 249965.46 | Q8: 252103.14 | R8: 272460.78 | S8: 305939.88 | T8: 359071.2
A9: 8 | B9: Vegetated Wetland | C9: 8.46 | D9: 44.1 | E9: 16.56 | F9: 253.44 | G9: 22.23 | H9: 13.77 | I9: 359.82 | J9: 112.14 | K9: 229.23 | L9: 41.31 | M9: 92.88 | N9: 3.69 | O9: 107.1 | P9: 33.66 | Q9: 133.74 | R9: 248.58 | S9: 31.23 | T9: 312.03
A10: 9 | B10: Open Water | C10: 44.91 | D10: 20.34 | E10: 81.09 | F10: 827.19 | G10: 72.9 | H10: 962.73 | I10: 930.96 | J10: 139.77 | K10: 98.19 | L10: 1094.58 | M10: 252.99 | N10: 598.41 | O10: 105.48 | P10: 196.92 | Q10: 248.13 | R10: 1382.22 | S10: 878.58 | T10: 1077.66
A11: 10 | B11: Other land | C11: 1657.53 | D11: 742.5 | E11: 5138.1 | F11: 2647.62 | G11: 13191.21 | H11: 715.86 | I11: 6070.23 | J11: 2379.6 | K11: 1637.64 | L11: 7707.24 | M11: 1621.62 | N11: 1090.98 | O11: 10384.74 | P11: 2523.33 | Q11: 7170.12 | R11: 4090.95 | S11: 3186.99 | T11: 3287.52
C12: =SUM(C2:C11) -> 1793764.3
C15: moyenne 2015-2018 | D15: moyenne 1990-2000
A16: Sleek Class | B16: Land Cover
A17: 1 | B17: Dense Forest | C17: =AVERAGE(S2:T2) -> 115031.83 | D17: =AVERAGE(C2:E2) -> 193936.74 | E17: =C17-D17 -> -78904.905
A18: 2 | B18: Moderate Forest | C18: =AVERAGE(S3:T3) -> 55802.97 | D18: =AVERAGE(C3:E3) -> 83207.76 | E18: =C18-D18 -> -27404.79
A19: 3 | B19: Open Forest | C19: =AVERAGE(S4:T4) -> 70040.565 | D19: =AVERAGE(C4:E4) -> 90163.56 | E19: =C19-D19 -> -20122.995
A20: 4 | B20: Wooded Grassland | C20: =AVERAGE(S5:T5) -> 631010.21 | D20: =AVERAGE(C5:E5) -> 579802.38 | E20: =C20-D20 -> 51207.825
A21: 5 | B21: Open Grassland | C21: =AVERAGE(S6:T6) -> 578135.34 | D21: =AVERAGE(C6:E6) -> 709337.19 | E21: =C21-D21 -> -131201.85
A22: 6 | B22: Perennial Cropland | C22: =AVERAGE(S7:T7) -> 6850.89 | D22: =AVERAGE(C7:E7) -> 798.3 | E22: =C22-D22 -> 6052.59
A23: 7 | B23: Annual Cropland | C23: =AVERAGE(S8:T8) -> 332505.54 | D23: =AVERAGE(C8:E8) -> 133933.89 | E23: =C23-D23 -> 198571.65
A24: 8 | B24: Vegetated Wetland | C24: =AVERAGE(S9:T9) -> 171.63 | D24: =AVERAGE(C9:E9) -> 23.04 | E24: =C24-D24 -> 148.59
A25: 9 | B25: Open Water | C25: =AVERAGE(S10:T10) -> 978.12 | D25: =AVERAGE(C10:E10) -> 48.78 | E25: =C25-D25 -> 929.34
A26: 10 | B26: Other land | C26: =AVERAGE(S11:T11) -> 3237.255 | D26: =AVERAGE(C11:E11) -> 2512.71 | E26: =C26-D26 -> 724.545
A30: As % of opening area
B31: Dense Forest | E31: =(E17/D17)*100 -> -40.685898
B32: Moderate Forest | E32: =(E18/D18)*100 -> -32.935378
B33: Open Forest | E33: =(E19/D19)*100 -> -22.318324
B34: Wooded Grassland | E34: =(E20/D20)*100 -> 8.8319446
B35: Open Grassland | E35: =(E21/D21)*100 -> -18.496401
B36: Perennial Cropland | E36: =(E22/D22)*100 -> 758.18489
B37: Annual Cropland | E37: =(E23/D23)*100 -> 148.26094
B38: Vegetated Wetland | E38: =(E24/D24)*100 -> 644.92187
B39: Open Water | E39: =(E25/D25)*100 -> 1905.1661
B40: Other land | E40: =(E26/D26)*100 -> 28.835202

Sheet Nyamira
A1: Sleek Class | B1: Land Cover | C1: 1990 | D1: 1995 | E1: 2000 | F1: 2002 | G1: 2003 | H1: 2004 | I1: 2005 | J1: 2006 | K1: 2007 | L1: 2008 | M1: 2009 | N1: 2010 | O1: 2011 | P1: 2012 | Q1: 2013 | R1: 2014 | S1: 2015 | T1: 2018
