Workbook

Sheet Introduction
B2: Uganda Bureau of Statistics
B3: Draft Water Accounts Framework
B4: 27/9/2017
B5: For comment
B6: Drafted by Jackie Crafford, j.crafford@primeafrica.net
B8: This draft structure of Water Accounts for Uganda was constructed based on the UN SEEA Central Framwork recommendations, as well as the structure of the Uganda Supply and Use Tables.
B9: The structure of the water accounts need to be revised an updated during the development of the first draft set of water accounts, and is subject to data availability and the strcuture of the Uganda water economy.
B10: It is proposed that Water Asset Accounts are premature at this stage, and should follow at a later stage.
B11: The following steps to completion of Water Accounts are proposed:
B12: 1. Redesign Water Accounts Architechture | C12: Completed
A13: Iterative approach | B13: 2. Note to confirm classification (nomenclature) of Tables 1, 2 and 3 as we start populating data - it is possible that classification of T1 may be different to T2 and T3.
B14: 3. Populate Table 1 using physical flow data from various sources
B15: 4. Populate Table 3 using monetary data principally from UBOS
B16: 5. Complete Water Price Table 4 in order to bridge Tables 1 and 3
B17: 6. Complete Table 2 (we may have independent data sets for Table 2)
B18: 7. Develop Meta-data description & data quality assessment
B19: 8. Develop back-working tables, links and do balancing of all tables
B20: 9. Fill in Tables 5 & 6
B21: 10. Develop key indicators
B24: Notes:
B25: Classification of hydrological (water) assets
B27: Rivers | F27: Surface water (Rivers, wetlands, dams, estuaries)
B28: Wetlands and swamps | F28: Groundwater (springs, fountains, wells, soil water)
B29: Dams | F29: Rainwater (harvested)
B30: Lakes
B31: Springs, fountains, wells
B32: Rainwater (harvested)

Sheet Meta data
A1: Impotant notes/assumptions for estimations and reconciliation | H1: National % of hh abstracting by source type, 2014 census
A2: 1. Rural/urban domestic and rural/urban supply purposes has been used as a proxy for Rural Water Supply, i.e, all abstraction for ss/distn purposes that is not NWSC, is assumed RWS. | D2: 2015 License daily amount- Gabba plant | E2: 250000 | I2: 2002 | M2: 2014
A3: 1.1 Assumed that 80% of this RWS is for domestic consumption, 5% for Public Admin, 5% for Health, 3% for Accomodation, 4% for Other and 3% for Education.
A4: 2. NWSC paid a license for only Gabba plant for 2015 of 25000 cubic metres per day, equivalent to 91,250,000 cubic metres.- Ignored | E4: 365 | H4: Water source | I4: Urban | J4: Rural | K4: Total | M4: Urban | N4: Rural | O4: Total
A5: 3. From NAS, NWSC provided data indicating that it produced 103,523,325 cubic metres of water for 2015- Used to compile acs | D5: 2015 License amount- Gabba plant | E5: =E4*E2 -> 91250000 | H5: Safe Sources | I5: 93 | J5: 55.6 | K5: 60.9 | M5: 84.7 | N5: 65.9 | O5: 71.2 | P5: =100-O5 -> 28.8
A6: 4. From prevoius records, Kampala water pdn by NWSC accounts for about 65% of total water pdn by NWSC | D6: NAS data records for 2015 water pdn | E6: 1.0352333e+08 | H6: Piped Water | I6: 58.5 | J6: 3.9 | K6: 11.5 | M6: 51.9 | N6: 7.2 | O6: 19.7
A7: 5. Therefore, 36,233,164 cubic metres were producde by NWSC for other areas. | D7: Assummed pdn for other areas- A1 | E7: =E6-E5 -> 12273326 | H7: Borehole | I7: 12.4 | J7: 26 | K7: 24.1 | M7: 16.6 | N7: 40.2 | O7: 33.6
A8: 6. Therefore, total abstraction as lincensed by DWRM have been adjusted to add the difference between data in 3. and 2. above | E8: =E6-E10 -> 36233164 | H8: Protected String/Well | I8: 20.7 | J8: 22.7 | K8: 22.5 | M8: 14.9 | N8: 17 | O8: 16.4
A9: 7. Breakdwon for bills by of NWSC for supplies by industry/ institutionsl unit were used to estimate amount supplied. Assumed that amount supplied includes thefts by hh. Phsyical losses not recognised as supplies bse no ss is made. | D9: Kampala pdn to toal pdn-% | E9: 0.65 | H9: GFS | I9: 1.4 | J9: 3 | K9: 2.8 | M9: 0.8 | N9: 1.4 | O9: 1.2
A10: 8. Use IC water % by industry for SUT 2009/10 to breakdwon the NWSC supplies to industries. | D10: Estimated Kampala pdn to toal pdn-Volume | E10: =E6*0.65 -> 67290162 | H10: Bottled Water | I10: - | J10: - | M10: 0.5 | N10: 0.1 | O10: 0.2
A11: 9. Control total for water use/IC in water balance table for NWSC column is water sold by NWSC. | D11: Assummed pdn for other areas- A2 | E11: =E6-E10 -> 36233164 | H11: Unsafe sources | I11: 6.8 | J11: 44.4 | K11: 39.1 | M11: 15.3 | N11: 34 | O11: 28.8
A12: 10. Control total for water distribution for NWSC row is water supply for NWSC.
A13: 11. Distribution ratios for 9 above are from USE table of 2009/10 SUT. | D13: From SUT 2009/10 | E13: million shillings | F13: % share | G13: NWSC | H13: RWS
A14: 12. Distribution ratios for 10 above are from USE table of 2009/10 SUT and NWSC annual reports. | D14: Intermediate consumption for water- Industries | E14: ='[1]Final SUT'!$FQ$274 -> 45344.837 | F14: =E14/$E$34*100 -> 5.3050843 | I14: Estimation for Vol of water supplied from community schemes, M3
A15: 13. Assumed that 42.68% of the water consumed by hh is from commuity schemes (boreholes, protected wells/springs and gravitational flow), 28% is from own supply . Impying that 28.42% of the water consumed by HH is from NWSC and RWS. Seems realistic since 78.6% of the population is rural. | D15: Agriculture (Rainfed crops) | E15: 0 | F15: =E15/$E$34*100 -> 0 | I15: Community Schemes | J15: National % hh abstracting by source type, 2014 census
A16: 14. 90 % of the water abstracted via community schemes is for hh consumption and 100% abtsracted via own supply is for hh consumption. | D16: Agriculture (Livestock) | E16: =SUM('[1]Final SUT'!$AS$274:$BD$274) -> 16003.038 | F16: =E16/$E$34*100 -> 1.8722631 | I16: =H7 -> Borehole | J16: =0.75*O7 -> 25.2 | L16: Assumed that 0.25 of the boreholes are under RWS
A17: 15. Assumed that all water in valley tanks and earth dams is for livestock, despite the neglieable vol used for hh consumption, aquaculture and irrigation. | D17: Forestry | E17: 0 | F17: =E17/$E$34*100 -> 0 | I17: =H8 -> Protected String/Well | J17: =O8 -> 16.4
A18: 16. All water licenses in the database are permanently active from the year of first permit on wards. | D18: Fishing | E18: 0 | F18: =E18/$E$34*100 -> 0 | I18: =H9 -> GFS | J18: =O9*0.9 -> 1.08 | L18: Assumed that 0.10 of the GFS are under RWS and NWSC
A19: 17. Annual maintainence fee formotorised borhole is between 2 million shs to 15 million shs. | D19: Crude oil and Mining | E19: =SUM('[1]Final SUT'!$BM$274:$BO$274) -> 753.57475 | F19: =E19/$E$34*100 -> 0.088163899 | J19: =SUM(J16:J18) -> 42.68
A20: 18. For RWS and Community schemes, there is a charge per institutional unit of about 1,000 UGX per month. | B20: Monthly charge | C20: 1000 | D20: Manufacturing (Food and beverages) | E20: =SUM('[1]Final SUT'!$BP$274:$CD$274) -> 6933.5085 | F20: =E20/$E$34*100 -> 0.8111805
B21: months | C21: 12 | D21: Manufacturing (Non-food) | E21: =SUM('[1]Final SUT'!$CE$274:$DF$274) -> 3502.1025 | F21: =E21/$E$34*100 -> 0.40972579 | I21: 42.68 % of hh water consumption is from Community schemes. Seems justified since 78.6 % of the popn is rural.
B22: % of hh served | C22: =J19 -> 42.68 | D22: Electricity, Gas, Steam & Air Conditioning Supply | E22: ='[1]Final SUT'!$DG$274 -> 126.34762 | F22: =E22/$E$34*100 -> 0.014781943 | I22: =H11 -> Unsafe sources | J22: =O11 -> 28.8 | K22: Assumed % of hh that have own supply. | X22: Revised estimate | AA22: By source type
B23: Number of hh | C23: 7306000 | D23: Construction | E23: =SUM('[1]Final SUT'!$DI$274:$DL$274) -> 1057.9593 | F23: =E23/$E$34*100 -> 0.12377513 | P23: % | Q23: 000M3 | U23: By source type | AA23: Surface water | AB23: Ground water
B24: No.of households served | C24: =C23*C22/100 -> 3118200.8 | D24: Accommodation | E24: =SUM('[1]Final SUT'!$DW$274:$DX$274) -> 1577.648 | F24: =E24/$E$34*100 -> 0.18457571 | I24: HH consumption of water , '000m3 | O24: NWSC | P24: =Q24/Q29*100 -> 26.832303 | Q24: ='Table 1 Water Input table'!J47 -> 2.3485589e+08 | R24: =Q24/R26*100 -> 94.082409 | U24: Surface water | V24: Ground water | X24: =Q24 -> 2.3485589e+08 | Y24: =X24/$X$29 -> 0.37652422
B25: % of hh which pay | C25: 0.4 | D25: Public Administration | E25: ='[1]Final SUT'!$EZ$274 -> 7647.9418 | F25: =E25/$E$34*100 -> 0.89476507 | I25: NWSC | J25: ='Table 1 Water Input table'!J77 -> 6905559.4 | O25: RWS, Other urban | P25: =Q25/Q29*100 -> 1.6876971 | Q25: ='Table 1 Water Input table'!L47+'Table 1 Water Input table'!K47 -> 14771956 | R25: =Q25/R26*100 -> 5.9175914 | X25: =Q25 -> 14771956 | Y25: =X25/$X$29 -> 0.023682605
C26: =C24*C25 -> 1247280.3 | D26: Education | E26: =SUM('[1]Final SUT'!$FB$274:$FE$274) -> 907.26537 | F26: =E26/$E$34*100 -> 0.10614482 | I26: RWS | J26: ='Table 1 Water Input table'!AE58 -> 2814289.4 | O26: Comm.schemes | P26: =J19 -> 42.68 | Q26: =P26*S27 -> 3.7356649e+08 | R26: =Q24+Q25 -> 2.4962784e+08 | S26: =100-P26-P27 -> 28.52 | U26: =Q26*Q32 -> 3.7350825e+08 | V26: =Q26-U26 -> 58236.065 | X26: =Q26 -> 3.7356649e+08 | Y26: =X26/$X$29 -> 0.59890699 | AA26: =X26*Q32 -> 3.7350825e+08 | AB26: =Q26-AA26 -> 58236.065
C27: =C26*C21*C20 -> 14967363840 | D27: Health | E27: =SUM('[1]Final SUT'!$FF$274:$FG$274) -> 1795.1517 | F27: =E27/$E$34*100 -> 0.21002239 | J27: =SUM(J25:J26) -> 9719848.9 | K27: =100-J19 -> 57.32 | O27: Own supply | P27: =O11 -> 28.8 | Q27: =P27*S27 -> 2.5207861e+08 | S27: =R26/S26 -> 8752729.4 | U27: =Q27*Q32 -> 2.5203931e+08 | V27: =Q27-U27 -> 39297.063 | X27: 552754.03 | Y27: =X27/$X$29 -> 0.00088618294 | AA27: =X27*Q32 -> 552667.86 | AB27: 0
C28: ='Table 1 Water Input table'!M42+'Table 1 Water Input table'!M43 -> 0 | D28: Other | E28: ='[1]Final SUT'!$DH$274+SUM('[1]Final SUT'!$DM$274:$DV$274)+SUM('[1]Final SUT'!$DY$274:$EY$274)+'[1]Final SUT'!$FA$274+SUM('[1]Final SUT'!$FH$274:$FP$274) -> 5040.299 | F28: =E28/$E$34*100 -> 0.58968591 | I28: Community schemes | J28: =J27/K27*J19 -> 7237319.4 | K28: =J28/J29 -> 0.4268 | O28: Precipitation | P28: =5.5/12 -> 0.45833333 | Q28: =Q27*P28 -> 1.1553603e+08 | X28: =Q28 -> 1.1553603e+08
C29: =C27/C28 -> #DIV/0! | D29: Final Consumption | E29: =E30+E33 -> 809398.16 | F29: =E29/$E$34*100 -> 94.694916 | J29: =J28+J27 -> 16957168 | O29: Total water | Q29: =SUM(Q24:Q27) -> 8.7527294e+08 | X29: =SUM(X24:X27) -> 6.2374709e+08
D30: Households | E30: ='[1]Final SUT'!$FT$274 -> 809398.16 | F30: =E30/$E$34*100 -> 94.694916 | S30: =Q27-Q28 -> 1.3654258e+08
B31: Daily water usage/ hh, Litres | C31: =5*20 -> 100 | D31: Market | E31: 183281.46 | F31: =E31/$E$34*100 -> 21.442874 | O31: Ratios for source type
B32: Monthly water used, litres | C32: =30*C31 -> 3000 | D32: Non Market | E32: 626116.7 | F32: =E32/$E$34*100 -> 73.252042 | O32: Surface | P32: ='Table 1 Water Input table'!I42 -> 1.1058278e+11 | Q32: =P32/P34 -> 0.99984411
B33: Annual water used, litres | C33: =C32*12 -> 36000 | D33: Exports | E33: 0 | F33: =E33/$E$34*100 -> 0 | O33: Ground | P33: ='Table 1 Water Input table'!I43 -> 17241670 | Q33: =P33/P34 -> 0.0001558921
B34: Annual water used, m3 | C34: =C33*0.001 -> 36 | D34: Total Economy | E34: =E30+E14 -> 854743 | P34: =SUM(P32:P33) -> 1.1060002e+11
B35: Annual charge | C35: =C20*12 -> 12000 | I35: Assumed ratios for distribution
B36: Charge/ m3 | C36: =C35/C34 -> 333.33333 | J36: Comm. scheme | K36: Own ss
I37: Mining | J37: 0.05 | K37: 0.05
D38: Suggested breakdown for water ss from RWS | I38: Construction | J38: 0.25 | K38: 0.3
D39: Construction | E39: 0.01 | I39: Other | J39: 0.1 | K39: 0.05
D40: Manufacturing | E40: 0 | I40: Household | J40: 0.6 | K40: 0.6
D41: Accomodation | E41: 0.03 | I41: Return to envt | J41: 0.1 | K41: 0.05
D42: Public Adminsitration | E42: 0.02 | J42: =SUM(J37:J41) -> 1.1 | K42: =SUM(K37:K41) -> 1.05
D43: Education | E43: 0.05
D44: Health | E44: 0.05
D45: Other | E45: 0.04
D46: Households | E46: 0.8
D48: IOP-index shares for manufacturing- NAS | E48: 2015 | F48: =SUM(E50:E51)/$E$55*100 -> 57.847074
D49: GO Food Manufacuring- bill shs
D50: Formal | E50: 5492.0573
D51: Informal | E51: 5217.9726
D52: GO Non food manufacturing | F52: =SUM(E53:E54)/$E$55*100 -> 42.152926
D53: Formal | E53: 5485.0484
D54: Informal | E54: 2319.3066
E55: =SUM(E50:E54) -> 18514.385
D57: Water price
D58: DWRM

Sheet Table 2 Ph IO Table
A1: Table 2. Physical Accounts (million m3) | B1: Note | C1: =A3 -> From the Environment | J1: Distribution (Water, Sewerage) | O1: Use of Water (IC) | AD1: Final consumption | AF1: Return flows
C2: Rivers | D2: Wetlands and swamps | E2: Dams | F2: Lakes | G2: Springs, fountains, wells | H2: Rainwater (harvested) | I2: =B9 -> Soil water | J2: DWRM | K2: NWSC | L2: RWS | M2: Community Schemes | N2: Own Supply | O2: Agriculture (Irrigation) | P2: Agriculture (Rainfed crops) | Q2: Agriculture (Livestock) | R2: Forestry | S2: Fishing | T2: Crude oil and Mining | U2: Manufacturing (Food and beverages) | V2: Manufacturing (Non-food) | W2: Electricity, Gas, Steam & Air Conditioning Supply | X2: Construction | Y2: Accommodation | Z2: Public Administration | AA2: Education | AB2: Health | AC2: Other | AD2: Households | AE2: Exports | AF2: Surface Water | AG2: Other
A3: From the Environment | B3: Rivers | J3: XXX | M3: XXX | N3: XXX | Q3: XXX | S3: XXX | AD3: XXX
B4: Wetlands and swamps | M4: XXX | N4: XXX | Q4: XXX | AD4: XXX
B5: Dams | M5: XXX | N5: XXX | Q5: XXX | S5: XXX | AD5: XXX
B6: Lakes | J6: XXX | N6: XXX | Q6: XXX | AD6: XXX
B7: Springs, fountains, wells | J7: XXX | M7: XXX | N7: XXX | Q7: XXX | S7: XXX | AD7: XXX
B8: Rainwater (harvested & precipitation) | N8: XXX | Q8: XXX | AD8: XXX
B9: Soil water | P9: XXX | R9: XXX
A10: Distribution | B10: DWRM | K10: XXX | L10: XXX | O10: XXX | T10: XXX | U10: XXX | V10: XXX | W10: XXX | X10: XXX | Z10: XXX | AA10: XXX | AB10: XXX | AC10: XXX | AE10: 0
A11: (Water, Sewerage) | B11: NWSC | T11: XXX? | U11: XXX | V11: XXX | W11: XXX | X11: XXX | Y11: XXX | Z11: XXX | AA11: XXX | AB11: XXX | AC11: XXX | AF11: XXX
B12: RWS | T12: XXX? | U12: XXX | V12: XXX | W12: XXX? | X12: XXX | Y12: XXX | Z12: XXX | AA12: XXX | AB12: XXX | AC12: XXX
B13: Community Schemes | T13: XXX | X13: XXX | AC13: XXX | AF13: XXX
B14: Own Supply | T14: XXX | X14: XXX | AC14: XXX
A15: Use of Water (IC) | B15: Agriculture (Irrigation) | AF15: XXX
B16: Agriculture (Rainfed crops)
B17: Agriculture (Livestock)
B18: Forestry
B19: Fishing
B20: Crude oil and Mining | AG20: XXX
B21: Manufacturing (Food and beverages) | K21: XXX | AF21: XXX
B22: Manufacturing (Non-food) | K22: XXX | AF22: XXX
B23: Electricity, Gas, Steam & Air Conditioning Supply | K23: XXX | AF23: XXX
B24: Construction | K24: XXX
B25: Accommodation | K25: XXX
B26: Public Administration | K26: XXX
B27: Education | K27: XXX
B28: Health | K28: XXX
B29: Other | K29: XXX
A30: Final consumption | B30: Households | K30: XXX
B31: Exports
A32: Return flows | B32: Surface Water
B33: Other

Sheet Table 3 Mon IO Table
A2: T3. Monetary values (Million UGX) | C2: =A5 -> From the Environment | J2: Distribution (Water, Sewerage) | O2: Use of Water (IC) | AD2: Final consumption | AH2: Return flows | AJ2: Total
C3: Rivers | D3: Wetlands and swamps | E3: Dams | F3: Lakes | G3: Springs, fountains, wells | H3: Rainwater (harvested) | I3: =B11 -> Soil water | J3: DWRM | K3: NWSC | L3: RWS | M3: Community Schemes | N3: Own Supply | O3: Agriculture (Irrigation) | P3: Agriculture (Rainfed crops) | Q3: Agriculture (Livestock) | R3: Forestry | S3: Fishing | T3: Crude oil and Mining | U3: Manufacturing (Food and beverages) | V3: Manufacturing (Non-food) | W3: Electricity, Gas, Steam & Air Conditioning Supply | X3: Construction | Y3: Accommodation | Z3: Public Administration | AA3: Education | AB3: Health | AC3: Other | AD3: Households | AG3: Exports | AH3: Surface Water | AI3: Other
AD4: Marketed | AE4: Own Acct. | AF4: Gift/Received
A5: From the Environment | B5: Rivers
B6: Wetlands and swamps
B7: Dams
B8: Lakes
B9: Springs, fountains, wells
B10: Rainwater (harvested & precipitation)
B11: Soil water
A12: Distribution | B12: DWRM | K12: ='Table 4 Water Prices'!K11 -> 26494000 | L12: ='Table 4 Water Prices'!L11 -> 32434000 | M12: ='Table 4 Water Prices'!M11 -> 13140000 | O12: ='Table 4 Water Prices'!P11 -> 4059000 | T12: ='Table 4 Water Prices'!U11 -> 48282000 | U12: ='Table 4 Water Prices'!V11 -> 95326000 | V12: ='Table 4 Water Prices'!W11 -> 20367000 | W12: ='Table 4 Water Prices'!X11 -> 49931000 | X12: ='Table 4 Water Prices'!Y11 -> 86615000 | Y12: ='Table 4 Water Prices'!Z11 -> 11142000 | AA12: ='Table 4 Water Prices'!AB11 -> 5694000 | AB12: ='Table 4 Water Prices'!AC11 -> 2628000 | AC12: ='Table 4 Water Prices'!AD11 -> 8322000 | AG12: 0
A13: (Water, Sewerage) | B13: NWSC | T13: ='Table 4 Water Prices'!U12*'Table 1 Water Input table'!T56*1000 -> 6.3514134e+12 | U13: ='Table 4 Water Prices'!V12*'Table 1 Water Input table'!U56*1000 -> 4.6563574e+13 | V13: ='Table 4 Water Prices'!W12*'Table 1 Water Input table'!V56*1000 -> 2.9442198e+13 | W13: ='Table 4 Water Prices'!X12*'Table 1 Water Input table'!W56*1000 -> 1.0649056e+12 | X13: ='Table 4 Water Prices'!Y12*'Table 1 Water Input table'!Y56*1000 -> 8.8942704e+12 | Y13: ='Table 4 Water Prices'!Z12*'Table 1 Water Input table'!Z56*1000 -> 1.3297015e+13 | Z13: ='Table 4 Water Prices'!AA12*'Table 1 Water Input table'!AA56*1000 -> 8.7488772e+13 | AA13: ='Table 4 Water Prices'!AB12*'Table 1 Water Input table'!AB56*1000 -> 5.4206564e+12 | AB13: ='Table 4 Water Prices'!AC12*'Table 1 Water Input table'!AC56*1000 -> 1.2348121e+13 | AC13: ='Table 4 Water Prices'!AD12*'Table 1 Water Input table'!AD56*1000 -> 3.4670174e+13 | AD13: ='Table 4 Water Prices'!AE12*'Table 1 Water Input table'!AE56*1000 -> 2.2719906e+14
B14: Other Urban/DWD | T14: ='Table 4 Water Prices'!U13*'Table 1 Water Input table'!T57*1000 -> 0 | U14: ='Table 4 Water Prices'!V13*'Table 1 Water Input table'!U57*1000 -> 5.4092109e+10 | V14: ='Table 4 Water Prices'!W13*'Table 1 Water Input table'!V57*1000 -> 2.7321826e+10 | W14: ='Table 4 Water Prices'!X13*'Table 1 Water Input table'!W57*1000 -> 9.8570724e+08 | X14: ='Table 4 Water Prices'!Y13*'Table 1 Water Input table'!Y57*1000 -> 8.2537216e+09 | Y14: ='Table 4 Water Prices'!Z13*'Table 1 Water Input table'!Z57*1000 -> 1.2308099e+10 | Z14: ='Table 4 Water Prices'!AA13*'Table 1 Water Input table'!AA57*1000 -> 0 | AA14: ='Table 4 Water Prices'!AB13*'Table 1 Water Input table'!AB57*1000 -> 7.0780757e+09 | AB14: ='Table 4 Water Prices'!AC13*'Table 1 Water Input table'!AC57*1000 -> 1.4004965e+10 | AC14: ='Table 4 Water Prices'!AD13*'Table 1 Water Input table'!AD57*1000 -> 3.9322142e+10 | AD14: ='Table 4 Water Prices'!AE13*'Table 1 Water Input table'!AE57*1000 -> 6.4779264e+12
B15: RWS | Y15: ='Table 4 Water Prices'!Z14*'Table 1 Water Input table'!Z58*1000 -> 3.5178618e+10 | Z15: ='Table 4 Water Prices'!AA14*'Table 1 Water Input table'!AA58*1000 -> 23452412000 | AA15: ='Table 4 Water Prices'!AB14*'Table 1 Water Input table'!AB58*1000 -> 5.863103e+10 | AB15: ='Table 4 Water Prices'!AC14*'Table 1 Water Input table'!AC58*1000 -> 5.863103e+10 | AC15: ='Table 4 Water Prices'!AD14*'Table 1 Water Input table'!AD58*1000 -> 46904824000 | AD15: ='Table 4 Water Prices'!AE14*'Table 1 Water Input table'!AE58*1000 -> 9.3809648e+11 | AE15: ='Table 4 Water Prices'!AF13*'Table 1 Water Input table'!AG57*1000 -> 0 | AF15: ='Table 4 Water Prices'!AG13*'Table 1 Water Input table'!AI57*1000 -> 0
B16: Community Schemes | T16: ='Table 4 Water Prices'!U15*'Table 1 Water Input table'!T59*1000 -> 0 | X16: ='Table 4 Water Prices'!Y15*'Table 1 Water Input table'!Y59*1000 -> 0 | AC16: ='Table 4 Water Prices'!AD15*'Table 1 Water Input table'!AD59*1000 -> 0 | AD16: ='Table 4 Water Prices'!AE15*'Table 1 Water Input table'!AE59*1000 -> 0 | AF16: XXX
B17: Own Supply | T17: ='Table 4 Water Prices'!U16*'Table 1 Water Input table'!T60*1000 -> 4.2840933e+13 | X17: ='Table 4 Water Prices'!Y16*'Table 1 Water Input table'!Y60*1000 -> 7.4756678e+13 | AC17: ='Table 4 Water Prices'!AD16*'Table 1 Water Input table'!AD60*1000 -> 1.0990818e+12 | AE17: ='Table 4 Water Prices'!AE16*'Table 1 Water Input table'!AE60*1000 -> 2.2074346e+13
A18: Water users | B18: Agriculture (Irrigation)
B19: Agriculture (Rainfed crops)
B20: Agriculture (Livestock)
B21: Forestry
B22: Fishing
B23: Crude oil and Mining
B24: Manufacturing (Food and beverages)
B25: Manufacturing (Non-food)
B26: Electricity, Gas, Steam & Air Conditioning Supply
B27: Construction
B28: Accommodation
B29: Public Administration
B30: Education
... B32: Other
A33: Final consumption | B33: Households
B34: Exports
A35: Return flows | B35: Surface Water
B36: Other
A37: Total

Sheet Table 1  Water Input table
G1: =A3 -> From the Environment | M1: Distribution (Water, Sewerage) | S1: Use of Water (IC) | AK1: Final consumption | AM1: Return flows
G2: Rivers | H2: Dams | I2: Lakes | J2: Springs, fountains, wells | K2: Rainwater (harvested) | L2: =E9 -> 0 | M2: DWRM | N2: NWSC | P2: RWS | Q2: Community Schemes | R2: Own Supply | S2: Agriculture (Irrigation) | T2: Agriculture (Rainfed crops) | U2: Agriculture (Livestock) | V2: Forestry | W2: Fishing | Y2: Crude oil and Mining | Z2: Manufacturing (Food and beverages) | AA2: Manufacturing (Non-food) | AB2: Electricity, Gas, Steam & Air Conditioning Supply | AC2: Construction | AD2: Accommodation | AE2: Public Administration | AG2: Education | AH2: Health | AJ2: Other | AK2: Households | AL2: Exports | AM2: Surface Water
A3: From the Environment | B3: Rivers | M3: XXX | Q3: XXX | R3: XXX | U3: XXX | W3: XXX | AK3: XXX
B4: Wetlands and swamps | Q4: XXX | R4: XXX | U4: XXX | AK4: XXX
B5: Valley Dams | Q5: XXX | R5: XXX | U5: XXX | W5: XXX | AK5: XXX
B6: Lakes | M6: XXX | R6: XXX | U6: XXX | AK6: XXX
B7: Springs, fountains, wells | M7: XXX | Q7: XXX | R7: XXX | U7: XXX | W7: XXX | AK7: XXX
B8: Rainwater (harvested & precipitation) | R8: XXX | U8: XXX | AK8: XXX
B9: Soil water | T9: XXX | V9: XXX
A10: Distribution | B10: DWRM | N10: XXX | P10: XXX | S10: XXX | Y10: XXX | Z10: XXX | AA10: XXX | AB10: XXX | AC10: XXX | AE10: XXX | AG10: XXX | AH10: XXX | AJ10: XXX | AL10: 0
A11: (Water, Sewerage) | B11: NWSC | Y11: XXX? | Z11: XXX | AA11: XXX | AB11: XXX | AC11: XXX | AD11: XXX | AE11: XXX | AG11: XXX | AH11: XXX | AJ11: XXX | AM11: XXX
B12: RWS | Y12: XXX? | Z12: XXX | AA12: XXX | AB12: XXX? | AC12: XXX | AD12: XXX | AE12: XXX | AG12: XXX | AH12: XXX | AJ12: XXX
B13: Community Schemes | Y13: XXX | AC13: XXX | AJ13: XXX | AK13: XXX | AM13: XXX
B14: Own Supply | Y14: XXX | AC14: XXX | AJ14: XXX
A15: Use of Water (IC) | B15: Agriculture (Irrigation) | AM15: XXX
B16: Agriculture (Rainfed crops)
B17: Agriculture (Livestock)
B18: Forestry
B19: Fishing
B20: Crude oil and Mining
B21: Manufacturing (Food and beverages) | N21: XXX | AM21: XXX
B22: Manufacturing (Non-food) | N22: XXX | AM22: XXX
B23: Electricity, Gas, Steam & Air Conditioning Supply | N23: XXX | AM23: XXX
B24: Construction | N24: XXX
B25: Accommodation | N25: XXX
B26: Public Administration | N26: XXX
B27: Education | N27: XXX
B28: Health | N28: XXX
B29: Other | N29: XXX
A30: Final consumption | B30: Households | N30: XXX
B31: Exports
A32: Return flows | B32: Surface Water
B33: Other
A37: Water volume M3 | I37: =4312+0.0447 -> 4312.0447 | J37: 4312.0447 | N37: =N42+N43+N44 -> 1.0530948e+08 | X37: 110494558834 | AG37: -1 | AK37: =AK48+AK51-AK42 -> 0
AK38: Total use | AL38: Total ss
C39: =A42 -> From the Environment | I39: Distribution (Water, Sewerage) | O39: Use of Water (IC) | AE39: Final consumption | AH39: Return flows | AK39: Total- ROW | AL39: Total- Column | AM39: Diff/Residual
C40: Precipitation | D40: Surface water | E40: Ground water | F40: Valley Dams | G40: Springs, fountains, wells | H40: Soil water | I40: DWRM | J40: NWSC | K40: Other Urban | L40: RWS | M40: Own Supply-HEP | N40: Own Supply-Other | O40: Agriculture (Irrigation) | P40: Agriculture (Rainfed crops) | Q40: Agriculture (Livestock) | R40: Forestry | S40: Fishing | T40: Crude oil and Mining | U40: Manufacturing (Food and beverages) | V40: Manufacturing (Non-food) | W40: Electricity, Gas, Steam & Air Conditioning Supply | X40: Water Supply; Sewerage and Waste Management Activities | Y40: Construction | Z40: Accommodation | AA40: Public Administration | AB40: Education | AC40: Health | AD40: Other | AE40: Households | AF40: Embedded water/Evapotranspiration | AG40: Exports | AH40: Surface Water | AI40: Ground water | AJ40: Other | AN40: Notes
B41: Precipitation | C41: =SUM(I41:N41) -> 2.5536634e+14 | N41: =SUM(O55:AG55) -> 2.5536634e+14 | AE41: ='[2]OWN SS'!$H$90 -> 484461.34 | AK41: =SUM(J41,N41) -> 2.5536634e+14 | AN41: No balancing required
A42: From the Environment | B42: Surface Water | D42: =SUM(I42:AJ42) -> 1.1066811e+11 | I42: =SUM(O48:AE48) -> 1.1058278e+11 | N42: ='[3]OWN SS'!$I$91+O51 -> 85330860 | AK42: =SUM(I42:AJ42) -> 1.1066811e+11 | AL42: =D83 -> 1.1066811e+11 | AM42: =AK42-AL42 -> 0
B43: Ground water | E43: =SUM(I43:AJ43) -> 36196661 | I43: =SUM(O49:AE49) -> 17241670 | N43: ='[3]OWN SS'!$I$92 -> 18954991 | AK43: =SUM(I43:AJ43) -> 36196661 | AL43: =E84 -> 36196661 | AM43: =AK43-AL43 -> 0
B44: Valley Dams & Earth tanks | F44: ='[2]OWN SS'!$H$93+'[2]OWN SS'!$H$116 -> 4931434.1 | N44: ='[3]OWN SS'!$I$93+'[3]OWN SS'!$I$117 -> 1023626 | AK44: =SUM(I44:AJ44) -> 1023626 | AL44: =F84 -> 4931434.1 | AM44: =AK44-AL44 -> -3907808.1
B45: Springs, fountains, wells | G45: =SUM(I45:N45) -> 1.4461262e+08 | N45: ='[3]OWN SS'!$I$94+S54 -> 1.4461262e+08 | AK45: =SUM(I45:N45) -> 1.4461262e+08 | AL45: =G84 -> 1.4461262e+08 | AM45: =AK45-AL45 -> 0
B46: Soil water | H46: =SUM(I46:AJ46) -> 0 | AK46: =SUM(I46:AJ46) -> 0 | AL46: =H84 -> 0 | AM46: =AK46-AL46 -> 0
A47: Abstraction | B47: DWRM | J47: =SUM(J48:J49) -> 2.3485589e+08 | K47: =SUM(K48:K49) -> 11254094 | L47: =SUM(L48:L49) -> 3517861.8 | M47: =SUM(M48:M49) -> 1.1497435e+11 | N47: =SUM(N48:N49) -> 1.1036168e+11 | O47: =SUM(O48:O49) -> 187561024 | Q47: =SUM(Q48:Q49) -> 303984 | R47: =SUM(R48:R49) -> 2236150 | S47: =SUM(S48:S49) -> 37422966 | T47: =SUM(T48:T49) -> 1.2525559e+08 | U47: =SUM(U48:U49) -> 10916480 | V47: =SUM(V48:V49) -> 6902369 | W47: =SUM(W48:W49) -> 1.0985893e+11 | X47: =SUM(X48:X49) -> 1.5418199e+08 | ... AE47: =SUM(AE48:AE49) -> 35696 | AG47: 0 | AK47: =SUM(O47:AJ47) -> 1.1060002e+11 | AL47: =I84 -> 1.1060002e+11 | AM47: =AK47-AL47 -> 0
B48: Surface Water | J48: ='[4]Summary purpose DWRM_2020 '!$G$168*(1+'[4]Summary purpose DWRM_2020 '!$G$172) -> 2.3086743e+08 | K48: ='[4]Summary purpose DWRM_2020 '!$G$175 -> 5627047 | L48: ='[4]Summary purpose DWRM_2020 '!$G$178 -> 888528 | M48: ='[4]Summary (ISIC 4, 2)_2020 '!$Q$279 -> 114974220814 | N48: ='[4]Summary purpose DWRM_2020 '!$G$162-SUM('[4]Summary purpose DWRM_2020 '!$G$158:$G$161,'[4]Summary purpose DWRM_2020 '!$G$154:$G$155,'[4]Summary purpose DWRM_2020 '!$G$148:$G$150) -> 1.1035483e+11 | O48: ='[4]Summary (ISIC 4, 2)_2020 '!$R$271 -> 186874900 | Q48: ='[4]Summary (ISIC 4, 2)_2020 '!$R$272 -> 109500 | R48: ='[4]Summary (ISIC 4, 2)_2020 '!$R$274 -> 2221550 | S48: ='[4]Summary (ISIC 4, 2)_2020 '!$R$275 -> 37314600 | T48: ='[4]Summary (ISIC 4, 2)_2020 '!$R$276 -> 1.2493298e+08 | U48: ='[4]Summary (ISIC 4, 2)_2020 '!$R$277 -> 8870772 | V48: ='[4]Summary (ISIC 4, 2)_2020 '!$R$278 -> 5037525 | W48: ='[4]Summary (ISIC 4, 2)_2020 '!$R$279 -> 109858797262 | X48: ='[4]Summary (ISIC 4, 2)_2020 '!$R$280+'[4]Summary (ISIC 4, 2)_2020 '!$R$281 -> 143594778 | Y48: ='[4]Summary (ISIC 4, 2)_2020 '!$R$282 -> 212513033 | Z48: ='[4]Summary (ISIC 4, 2)_2020 '!$R$283 -> 228824.8 | AA48: ='[4]Summary (ISIC 4, 2)_2020 '!$R$284 -> 1825 | AB48: ='[4]Summary (ISIC 4, 2)_2020 '!$R$285 -> 68255 | AC48: ='[4]Summary (ISIC 4, 2)_2020 '!$R$286 -> 989150 | AD48: ='[4]Summary (ISIC 4, 2)_2020 '!$R$287 -> 1212825 | AE48: ='[4]Summary (ISIC 4, 2)_2020 '!$R$288 -> 14600 | AK48: =SUM(O48:AJ48) -> 1.1058278e+11
B49: Ground water | J49: ='[4]Summary purpose DWRM_2020 '!$G$167*(1+'[4]Summary purpose DWRM_2020 '!$G$172) -> 3988452.7 | K49: ='[4]Summary purpose DWRM_2020 '!$G$175 -> 5627047 | L49: ='[4]Summary purpose DWRM_2020 '!$G$179 -> 2629333.8 | M49: ='[4]Summary (ISIC 4, 2)_2020 '!$I$279 -> 131496.5 | N49: ='[4]Summary purpose DWRM_2020 '!$G$132-SUM('[4]Summary purpose DWRM_2020 '!$G$129:$G$131,'[4]Summary purpose DWRM_2020 '!$G$125:$G$126,'[4]Summary purpose DWRM_2020 '!$G$120:$G$121) -> 6852054.9 | O49: ='[4]Summary (ISIC 4, 2)_2020 '!$I$271 -> 686124 | Q49: ='[4]Summary (ISIC 4, 2)_2020 '!$I$272 -> 194484 | R49: ='[4]Summary (ISIC 4, 2)_2020 '!$I$274 -> 14600 | S49: ='[4]Summary (ISIC 4, 2)_2020 '!$I$275 -> 108366.28 | T49: ='[4]Summary (ISIC 4, 2)_2020 '!$I$276 -> 322605 | U49: ='[4]Summary (ISIC 4, 2)_2020 '!$I$277 -> 2045708 | V49: ='[4]Summary (ISIC 4, 2)_2020 '!$I$278 -> 1864844 | W49: ='[4]Summary (ISIC 4, 2)_2020 '!$I$279 -> 131496.5 | X49: ='[4]Summary (ISIC 4, 2)_2020 '!$I$280+'[4]Summary (ISIC 4, 2)_2020 '!$I$281 -> 10587212 | Y49: ='[4]Summary (ISIC 4, 2)_2020 '!$I$282 -> 730166.4 | Z49: ='[4]Summary (ISIC 4, 2)_2020 '!$I$283 -> 138383 | AA49: ='[4]Summary (ISIC 4, 2)_2020 '!$I$284 -> 76490 | AB49: ='[4]Summary (ISIC 4, 2)_2020 '!$I$285 -> 201320 | AC49: ='[4]Summary (ISIC 4, 2)_2020 '!$I$286 -> 76361 | AD49: ='[4]Summary (ISIC 4, 2)_2020 '!$I$287 -> 42414 | AE49: ='[4]Summary (ISIC 4, 2)_2020 '!$I$288 -> 21096 | AK49: =SUM(O49:AJ49) -> 17241670 | AL49: =AK43-AK49-AK52 -> 0
B50: Other- Unlicensed abstraction | AK50: =SUM(O50:AJ50) -> 0
B51: Surface Water | O51: =O47*0.4 -> 75024410 | T51: ='[3]OWN SS'!$I$107 -> 824516 | Y51: ='[3]OWN SS'!$I$108 -> 2782741.5 | AD51: ='[3]OWN SS'!$I$109 -> 515322.5 | AE51: ='[3]OWN SS'!$I$110 -> 6183870 | AK51: =SUM(O51:AJ51) -> 85330860 | AL51: =AK48+AK51-AK42 -> 0
B52: Ground water | T52: ='[3]OWN SS'!$I$115 -> 1516399.3 | Y52: ='[3]OWN SS'!$I$116 -> 5117847.5 | AD52: ='[3]OWN SS'!$I$117 -> 947749.54 | AE52: ='[3]OWN SS'!$I$118 -> 11372994 | AK52: =SUM(O52:AJ52) -> 18954991
B53: Valley Dams & Other Water | Q53: =N44 -> 1023626 | AK53: =SUM(O53:AJ53) -> 1023626 | AL53: =AL49-AL54 -> 0
B54: Springs, fountains, wells | S54: =[5]MAAIF!$O$73 -> 133033940 | T54: ='[3]OWN SS'!$I$123 -> 926294.78 | Y54: ='[3]OWN SS'!$I$124 -> 3126244.9 | AD54: ='[3]OWN SS'!$I$125 -> 578934.24 | AE54: ='[3]OWN SS'!$I$126 -> 6947210.9 | AK54: =SUM(O54:AJ54) -> 1.4461262e+08 | AL54: =AK54-AK45 -> 0
B55: Precipitation | P55: ='[6]Area GIS-Remote sensing'!$J$55 -> 1.6976821e+14 | Q55: ='[6]Area GIS-Remote sensing'!$J$62 -> 5.2592102e+13 | R55: ='[6]Area GIS-Remote sensing'!$J$69 -> 3.1462906e+13 | S55: =[7]MAAIF!$N$69 -> 1.3237076e+10 | X55: ='[6]Area GIS-Remote sensing'!$J$48 -> 1.5298407e+12 | AE55: =AE54*6 -> 41683265 | AK55: =SUM(O55:AJ55) -> 2.5536634e+14
A56: (Water) | B56: NWSC | J56: =SUM(J61:J79) -> 15892028 | Q56: ='[8]Monthly summary'!$H$43 -> 28957734 | T56: ='[8]Monthly summary'!$H$46 -> 1363604.7 | U56: ='[8]Monthly summary'!$H$47 -> 12546286 | V56: ='[8]Monthly summary'!$H$48 -> 6337106.4 | W56: ='[8]Monthly summary'!$H$49 -> 228627.9 | X56: ='[8]Monthly summary'!$H$50 -> 0 | Y56: ='[8]Monthly summary'!$H$51 -> 1914393 | Z56: ='[8]Monthly summary'!$H$52 -> 2854777.4 | AA56: ='[8]Monthly summary'!$H$53 -> 23015199 | AB56: ='[8]Monthly summary'!$H$54 -> 1641710.1 | AC56: ='[8]Monthly summary'!$H$55 -> 3248353.6 | AD56: ='[8]Monthly summary'!$H$56 -> 9120495.6 | AE56: ='[8]Monthly summary'!$H$57 -> 69055594 | AI56: =J47-SUM(O56:AG56) -> 74572004 | AK56: =SUM(I56:AJ56) -> 2.5074791e+08 | AL56: =J84 -> 2.5074791e+08 | AM56: =AK56-AL56 -> 0
A57: Distribution | B57: Other Urban/DWD | T57: ='[2]Sector perf reports'!$H$75 -> 0 | U57: ='[3]Sector perf reports'!$I$76 -> 20758.646 | V57: ='[3]Sector perf reports'!$I$77 -> 10485.155 | W57: ='[3]Sector perf reports'!$I$78 -> 378.27972 | Y57: ='[3]Sector perf reports'!$I$79 -> 3167.4876 | Z57: ='[3]Sector perf reports'!$I$80 -> 4723.4148 | AA57: ='[3]Sector perf reports'!$I$81 -> 0 | AB57: ='[3]Sector perf reports'!$I$82 -> 2716.3161 | AC57: ='[3]Sector perf reports'!$I$83 -> 5374.6122 | AD57: ='[3]Sector perf reports'!$I$84 -> 15090.453 | AE57: ='[3]Sector perf reports'!$I$87 -> 2486000 | AI57: =K47-SUM(O57:AG57) -> 8705399.6 | AK57: =SUM(I57:AJ57) -> 11254094 | AL57: =K84 -> 11254094 | AM57: =AK57-AL57 -> 0
B58: RWS | U58: - | V58: - | W58: - | Y58: =L47*'Meta data'!E39 -> 35178.618 | Z58: =$L$47*'Meta data'!E41 -> 105535.85 | AA58: =L47*'Meta data'!E42 -> 70357.236 | AB58: =L47*'Meta data'!E43 -> 175893.09 | AC58: ='Meta data'!E44*'Table 1 Water Input table'!L47 -> 175893.09 | AD58: =L47*'Meta data'!E45 -> 140714.47 | AE58: =L47*'Meta data'!E46 -> 2814289.4 | AI58: =L47-SUM(O58:AG58) -> 0 | AK58: =SUM(I58:AJ58) -> 3517861.8 | AL58: =L84 -> 3517861.8 | AM58: =AK58-AL58 -> 0
B59: Own Supply-HEP & NWSC | W59: =W47+SUM(W51:W55) -> 1.0985893e+11 | AI59: =SUM(M47)-SUM(O59:AG59) -> 5115423552 | AK59: =SUM(I59:AJ59) -> 1.1497435e+11 | AL59: =M84 -> 1.149985e+11 | AM59: =AK59-AL59 -> -24150000
B60: Own Supply-Other | O60: =O47+SUM(O51:O55) -> 2.6258543e+08 | P60: =P47+SUM(P51:P55) -> 1.6976821e+14 | Q60: =Q47+SUM(Q51:Q55) -> 5.2592103e+13 | R60: =R47+SUM(R51:R55) -> 3.1462908e+13 | S60: =S47+SUM(S51:S55) -> 1.3407533e+10 | T60: =T47+SUM(T51:T55) -> 1.285228e+08 | U60: =U47+SUM(U51:U55) -> 10916480 | V60: =V47+SUM(V51:V55) -> 6902369 | X60: =X56+SUM(X55) -> 1.5298407e+12 | Y60: =Y47+SUM(Y51:Y55) -> 2.2427003e+08 | Z60: =Z47+SUM(Z51:Z55) -> 367207.8 | AA60: =AA47+SUM(AA51:AA55) -> 78315 | AB60: =AB47+SUM(AB51:AB55) -> 269575 | AC60: =AC47+SUM(AC51:AC55) -> 1065511 | AD60: =AD47+SUM(AD51:AD55) -> 3297245.3 | AE60: =SUM(AE47, AE51:AE55) -> 66223037 | AK60: =SUM(O60:AJ60) -> 2.5536717e+14 | AL60: =N84 -> 2.5547697e+14 | AM60: =AK60-AL60 -> -1.0979598e+11 | AN60: Own supply column missing own abtraction licensed by DWRM. Needs restructing columns.
A61: Waste water/ Reused Water produced | B61: Agriculture (Irrigation) | AI61: =$O60*0.5 -> 1.3129272e+08 | AK61: =SUM(I61:AJ61) -> 1.3129272e+08 | AL61: =O84 -> 2.6258543e+08 | AM61: =AK61-AL61 -> -1.3129272e+08
B62: Agriculture (Rainfed crops) | AH62: ='[6]Area GIS-Remote sensing'!$J$56 -> 5.0930463e+13 | AI62: ='[6]Area GIS-Remote sensing'!$J$59 -> 3.3953642e+13 | AJ62: ='[6]Area GIS-Remote sensing'!$J$58 -> 6.7907284e+13 | AK62: =SUM(O62:AJ62) -> 1.5279139e+14 | AL62: =P84 -> 170011889171822 | AM62: =AK62-AL62 -> -1.72205e+13
B63: Agriculture (Livestock) | J63: ='[8]Monthly summary'!$H$65 -> 2895773.4 | AH63: ='[6]Area GIS-Remote sensing'!$J$63 -> 1.3148025e+13 | AI63: ='[6]Area GIS-Remote sensing'!$J$66 -> 7.8888152e+12 | AJ63: ='[6]Area GIS-Remote sensing'!$J$65 -> 2.2614604e+13 | AK63: =SUM(O63:AJ63) -> 4.3651444e+13 | AL63: =Q84 -> 5.2667621e+13 | AM63: =AK63-AL63 -> -9.0161762e+12
B64: Forestry | AH64: ='[6]Area GIS-Remote sensing'!$J$70 -> 3.1462906e+12 | AI64: ='[6]Area GIS-Remote sensing'!$J$73 -> 6.2925811e+12 | AJ64: ='[6]Area GIS-Remote sensing'!$J$72 -> 1.5731453e+13 | AK64: =SUM(O64:AJ64) -> 2.5170325e+13 | AL64: =R84 -> 3.1508069e+13 | AM64: =AK64-AL64 -> -6.337744e+12
B65: Fishing | AH65: =S60*0.7 -> 9.3852733e+09 | AI65: =S60*0.2 -> 2.6815067e+09 | AJ65: =S60*0.1 -> 1.3407533e+09 | AK65: =SUM(O65:AJ65) -> 1.3407533e+10 | AL65: =S84 -> 2.6537384e+10 | AM65: =AK65-AL65 -> -1.3129851e+10 | AN65: =AM60+'Table 5& 6 PSUT '!K79 -> -1.074438e+11
B66: Crude oil and Mining | AJ66: =SUM(T59,T60)*0.7 -> 89965959 | AK66: =SUM(O66:AJ66) -> 89965959 | AL66: =T84 -> 1.3007088e+08 | AM66: =AK66-AL66 -> -40104921
B67: Manufacturing (Food and beverages) | J67: ='[8]Monthly summary'!$H$69 -> 1254628.6 | AH67: =(SUM($U$56:$U$60)-$J$67)*0.3 -> 6668668.9 | AI67: =(SUM($U$56:$U$60)-$J$67)*0.1 -> 2222889.6 | AJ67: =(SUM($U$56:$U$60)-$J$67)*0.1 -> 2222889.6 | AK67: =SUM(O67:AJ67) -> 11114448 | AL67: =U84 -> 23499194 | AM67: =AK67-AL67 -> -12384746
B68: Manufacturing (Non-food) | J68: ='[8]Monthly summary'!$H$70 -> 633710.64 | N68: =J49+K49+L49+M49+N49 -> 19228385 | AH68: =(SUM($V$56:$V$60)-$J$68)*0.3 -> 3784875 | AJ68: =(SUM($V$56:$V$60)-$J$68)*0.3 -> 3784875 | AK68: =SUM(O68:AJ68) -> 7569749.9 | AL68: =V84 -> 13259868 | AM68: =AK68-AL68 -> -5690118
B69: Electricity, Gas, Steam & Air Conditioning Supply | J69: ='[8]Monthly summary'!$H$71 -> 22862.79 | N69: =N68-I43 -> 1986714.9 | AH69: =(SUM($W$56:$W$59)-$J$69)*0.999 -> 1.0974928e+11 | AK69: =SUM(O69:AJ69) -> 1.0974928e+11 | AL69: =W84 -> 1.1001684e+11 | AM69: =AK69-AL69 -> -2.6756911e+08
B70: Water Supply; Sewerage and Waste Management Activities | X70: =SUM(J67:J77) -> 12996254 | AH70: =X55*0.98+X70 -> 1.4992569e+12 | AK70: =SUM(O70:AJ70) -> 1.4992699e+12 | AL70: =X84 -> 1.5320498e+12 | AM70: =AK70-AL70 -> -3.2779912e+10
B71: Construction | J71: ='[8]Monthly summary'!$H$72 -> 191439.3 | AJ71: =(SUM($Y$56:$Y$60)-$J$71)*0.2 -> 45206267 | AK71: =SUM(O71:AJ71) -> 45206267 | AL71: =Y84 -> 2.2654468e+08 | AM71: =AK71-AL71 -> -1.8133841e+08
B72: Accommodation | J72: ='[8]Monthly summary'!$H$73 -> 285477.74 | M72: =230000*21*5 -> 24150000 | AJ72: =(SUM($Z$56:$Z$60)-$J$72)*0.2 -> 609353.34 | AK72: =SUM(O72:AJ72) -> 609353.34 | AL72: =Z84 -> 3332771.5 | AM72: =AK72-AL72 -> -2723418.2
B73: Public Administration | J73: ='[8]Monthly summary'!$H$74 -> 2301519.9 | AJ73: =(SUM($AA$56:$AA$60)-$J$73)*0.2 -> 4172470.3 | AK73: =SUM(O73:AJ73) -> 4172470.3 | AL73: =AA84 -> 23163984 | AM73: =AK73-AL73 -> -18991513
B74: Education | J74: ='[8]Monthly summary'!$H$75 -> 164171.01 | AJ74: =(SUM($AB$56:$AB$60)-$J$74)*0.2 -> 385144.7 | AK74: =SUM(O74:AJ74) -> 385144.7 | AL74: =AB84 -> 2090281.5 | AM74: =AK74-AL74 -> -1705136.8
B75: Health | J75: ='[8]Monthly summary'!$H$76 -> 324835.36 | AJ75: =(SUM($AC$56:$AC$60)-$J$75)*0.2 -> 834059.39 | AK75: =SUM(O75:AJ75) -> 834059.39 | AL75: =AC84 -> 4496661.7 | AM75: =AK75-AL75 -> -3662602.3
B76: Other | J76: ='[8]Monthly summary'!$H$77 -> 912049.56 | AJ76: =(SUM($AD$56:$AD$60)-$J$76)*0.2 -> 2332299.3 | AK76: =SUM(O76:AJ76) -> 2332299.3 | AL76: =AD84 -> 12578279 | AM76: =AK76-AL76 -> -10245979
A77: Final consumption | B77: Households | J77: ='[8]Monthly summary'!$H$78 -> 6905559.4 | AJ77: =(SUM(AE56:AE60)-J77)*0.4 -> 53469344 | AK77: =SUM(O77:AJ77) -> 53469344 | AL77: =AE84 -> 1.4067397e+08 | AM77: =AK77-AL77 -> -87204630
B78: Embedded water/Evapotranspiration | P78: =P83/SUM($O$83:$R$83,$T$83:$AE$83)*$AF$78 -> 2.436785e+11 | Q78: =Q83/SUM($O$83:$R$83,$T$83:$AE$83)*$AF$78 -> 7.5488603e+10 | R78: =R83/SUM($O$83:$R$83,$T$83:$AE$83)*$AF$78 -> 4.5160601e+10 | S78: ='[9]2018'!$Y$25 -> 45949676 | T78: =T83/SUM($O$83:$R$83,$T$83:$AE$83)*$AF$78 -> 184476.49 | U78: =U83/SUM($O$83:$R$83,$T$83:$AE$83)*$AF$78 -> 15669.079 | V78: =V83/SUM($O$83:$R$83,$T$83:$AE$83)*$AF$78 -> 9907.3846 | W78: =W83/SUM($O$83:$R$83,$T$83:$AE$83)*$AF$78 -> 1.5768712e+08 | X78: =X83/SUM($O$83:$R$83,$T$83:$AE$83)*$AF$78 -> 2.1960935e+09 | Y78: =Y83/SUM($O$83:$R$83,$T$83:$AE$83)*$AF$78 -> 321908.24 | Z78: =Z83/SUM($O$83:$R$83,$T$83:$AE$83)*$AF$78 -> 527.0754 | AA78: =AA83/SUM($O$83:$R$83,$T$83:$AE$83)*$AF$78 -> 112.41022 | ... AE78: =AE83/SUM($O$83:$R$83,$T$83:$AE$83)*$AF$78 -> 95053.9 | AF78: ='[10]2019'!$Y$24 -> 3.666825e+11
B79: Exports | AK79: =SUM(O79:AJ79) -> 0 | AL79: =AG83 -> 0 | AM79: =AK79-AL79 -> 0
A80: Return flows | B80: Surface Water | S80: =[7]MAAIF!$N$75 -> 1.3083901e+10
B81: Ground water
B82: Other
A83: Total/Own Abstraction | C83: =SUM(C41:C46) -> 2.5536634e+14 | D83: =SUM(D41:D46) -> 1.1066811e+11 | E83: =SUM(E41:E46) -> 36196661 | F83: =SUM(F41:F46) -> 4931434.1 | G83: =SUM(G41:G46) -> 1.4461262e+08 | H83: =SUM(H41:H46) -> 0 | O83: =SUM(O48:O55) -> 2.6258543e+08 | P83: =SUM(P48:P55) -> 1.6976821e+14 | Q83: =SUM(Q48:Q55) -> 5.2592103e+13 | R83: =SUM(R48:R55) -> 3.1462908e+13 | S83: =SUM(S48:S55) -> 1.3407533e+10 | T83: =SUM(T48:T55) -> 1.285228e+08 | U83: =SUM(U48:U55) -> 10916480 | V83: =SUM(V48:V55) -> 6902369 | ... AE83: =SUM(AE48:AE55) -> 66223037
A84: Total supply | C84: =SUM(C41:C46,C56:C82) -> 2.5536634e+14 | D84: =SUM(D41:D46,D56:D82) -> 1.1066811e+11 | E84: =SUM(E41:E46,E56:E82) -> 36196661 | F84: =SUM(F41:F46,F56:F82) -> 4931434.1 | G84: =SUM(G41:G46,G56:G82) -> 1.4461262e+08 | H84: =SUM(H41:H46,H56:H82) -> 0 | I84: =SUM(I56:I82,I41:I47) -> 1.1060002e+11 | J84: =SUM(J48:J56,) -> 2.5074791e+08 | K84: =SUM(K56:K82,K41:K47) -> 11254094 | L84: =SUM(L56:L82,L41:L47) -> 3517861.8 | M84: =SUM(M56:M82,M41:M47) -> 1.149985e+11 | N84: =SUM(N56:N82,N41:N47) -> 2.5547697e+14 | O84: =SUM(O56:O82) -> 2.6258543e+08 | P84: =SUM(P56:P82) -> 170011889171822 | Q84: =SUM(Q56:Q82) -> 5.2667621e+13 | R84: =SUM(R56:R82) -> 3.1508069e+13 | S84: =SUM(S56:S82) -> 2.6537384e+10 | T84: =SUM(T56:T82) -> 1.3007088e+08 | U84: =SUM(U56:U82) -> 23499194 | V84: =SUM(V56:V82) -> 13259868 | W84: =SUM(W56:W82) -> 1.1001684e+11 | X84: =SUM(X57:X82) -> 1.5320498e+12 | Y84: =SUM(Y56:Y82) -> 2.2654468e+08 | Z84: =SUM(Z56:Z82) -> 3332771.5 | AA84: =SUM(AA56:AA82) -> 23163984 | AB84: =SUM(AB56:AB82) -> 2090281.5 | AC84: =SUM(AC56:AC82) -> 4496661.7 | AD84: =SUM(AD56:AD82) -> 12578279 | AE84: =SUM(AE56:AE82) -> 1.4067397e+08 | AF84: =SUM(AF56:AF82) -> 3.666825e+11 | AG84: =SUM(AG56:AG82) -> 0 | AH84: =AH80 -> 0 | AI84: =AI81 -> 0 | AJ84: =AJ82 -> 0 | AK84: =SUM(AK41:AK82) -> 9.8978332e+14 | AL84: =SUM(AL41:AL82) -> 5.1167071e+14 | AM84: =AK84-AL84 -> 4.7811261e+14
C86: =SUM(C84:H84) -> 2.5547719e+14
C87: 0.69077002 | D87: 0.30835422 | E87: 0.00082735438 | F87: 1.5075911e-05 | G87: 3.3321996e-05 | H87: 0
C88: =SUM(O78:AD78) -> 3.6672798e+11
O90: =M85*365*O88*R72 -> 0
O92: .
D95: =145266088-9269839 -> 135996249

Sheet Table 4 Water Prices
A1: T4. Water Charge Table | C1: =A4 -> From the Environment | J1: Distribution (Water, Sewerage) | P1: Use of Water (IC) | AE1: Final consumption | AI1: Return flows | AK1: Total
C2: Rivers | D2: Wetlands and swamps | E2: Dams | F2: Lakes | G2: Springs, fountains, wells | H2: Rainwater (harvested) | I2: =B10 -> Soil water | J2: DWRM | K2: NWSC | L2: Other Urban/DWD | M2: RWS | N2: Community Schemes | O2: Own Supply | P2: Agriculture (Irrigation) | Q2: Agriculture (Rainfed crops) | R2: Agriculture (Livestock) | S2: Forestry | T2: Fishing | U2: Crude oil and Mining | V2: Manufacturing (Food and beverages) | W2: Manufacturing (Non-food) | X2: Electricity, Gas, Steam & Air Conditioning Supply | Y2: Construction | Z2: Accommodation | AA2: Public Administration | AB2: Education | AC2: Health | AD2: Other | AE2: Households | AH2: Exports | AI2: Surface Water | AJ2: Other
AE3: Marketed | AF3: Own Acct. | AG3: Gift/Received
A4: From the Environment | B4: Rivers
B5: Wetlands and swamps
B6: Dams
B7: Lakes
B8: Springs, fountains, wells
B9: Rainwater (harvested & precipitation)
B10: Soil water
A11: Distribution | B11: DWRM= Total annual charge | K11: ='[11]Fees and charges'!$K$209 -> 26494000 | L11: ='[11]Fees and charges'!$K$214+'[11]Fees and charges'!$K$215 -> 32434000 | M11: =+'[11]Fees and charges'!$K$217+'[11]Fees and charges'!$K$218 -> 13140000 | P11: ='[11]Fees and charges'!$K$194 -> 4059000 | U11: ='[11]Fees and charges'!$K$199 -> 48282000 | V11: ='[11]Fees and charges'!$K$200 -> 95326000 | W11: ='[11]Fees and charges'!$K$201 -> 20367000 | X11: ='[11]Fees and charges'!$K$202 -> 49931000 | Y11: ='[11]Fees and charges'!$K$203 -> 86615000 | Z11: ='[11]Fees and charges'!$K$204 -> 11142000 | AA11: Licence fee | AB11: ='[11]Fees and charges'!$K$206 -> 5694000 | AC11: ='[11]Fees and charges'!$K$207 -> 2628000 | AD11: ='[11]Fees and charges'!$K$208 -> 8322000 | AH11: 0
A12: (Water, Sewerage) | B12: NWSC- per m3 | U12: =GEOMEAN('[12]Annual reports'!$G$65:$H$65) -> 4657.8114 | V12: =GEOMEAN('[12]Annual reports'!$G$67:$H$67) -> 3711.3431 | W12: =GEOMEAN('[12]Annual reports'!$G$66:$H$66) -> 4646.0003 | X12: =GEOMEAN('[12]Annual reports'!$G$65:$H$65) -> 4657.8114 | Y12: =GEOMEAN('[12]Annual reports'!$G$66:$H$66) -> 4646.0003 | Z12: =GEOMEAN('[12]Annual reports'!$G$65:$H$65) -> 4657.8114 | AA12: =GEOMEAN('[12]Annual reports'!$G$64:$H$64) -> 3801.3476 | AB12: =GEOMEAN('[12]Annual reports'!$F$64:$G$64) -> 3301.8353 | AC12: =GEOMEAN('[12]Annual reports'!$G$64:$H$64) -> 3801.3476 | AD12: =GEOMEAN('[12]Annual reports'!$G$64:$H$64) -> 3801.3476 | AE12: =GEOMEAN('[12]Annual reports'!$G$63:$H$63) -> 3290.0891
B13: Other Urban/DWD per m3 | U13: =GEOMEAN('[12]Annual reports'!$G$86:$H$86) -> 2605.7628 | V13: =GEOMEAN('[12]Annual reports'!$G$86:$H$86) -> 2605.7628 | W13: =GEOMEAN('[12]Annual reports'!$G$86:$H$86) -> 2605.7628 | X13: =GEOMEAN('[12]Annual reports'!$G$86:$H$86) -> 2605.7628 | Y13: =GEOMEAN('[12]Annual reports'!$G$86:$H$86) -> 2605.7628 | Z13: =GEOMEAN('[12]Annual reports'!$G$86:$H$86) -> 2605.7628 | AA13: =GEOMEAN('[12]Annual reports'!$G$86:$H$86) -> 2605.7628 | AB13: =GEOMEAN('[12]Annual reports'!$G$86:$H$86) -> 2605.7628 | ... AE13: =GEOMEAN('[12]Annual reports'!$G$86:$H$86) -> 2605.7628
B14: RWS- per m3 | Z14: ='Meta data'!$C$36 -> 333.33333 | AA14: ='Meta data'!$C$36 -> 333.33333 | AB14: ='Meta data'!$C$36 -> 333.33333 | AC14: ='Meta data'!$C$36 -> 333.33333 | AD14: ='Meta data'!$C$36 -> 333.33333 | AE14: 333.33333 | AG14: Subsidy
B15: Community Schemes-m3 | U15: ='Meta data'!$C$36 -> 333.33333 | Y15: ='Meta data'!$C$36 -> 333.33333 | Z15: ='Meta data'!$C$36 -> 333.33333 | AB15: ='Meta data'!$C$36 -> 333.33333 | AC15: ='Meta data'!$C$36 -> 333.33333 | AD15: ='Meta data'!$C$36 -> 333.33333 | AE15: ='Meta data'!$C$36 -> 333.33333 | AG15: Subsidy
B16: Own Supply | U16: ='Meta data'!$C$36 -> 333.33333 | Y16: ='Meta data'!$C$36 -> 333.33333 | Z16: ='Meta data'!$C$36 -> 333.33333 | AD16: ='Meta data'!$C$36 -> 333.33333 | AE16: ='Meta data'!$C$36 -> 333.33333 | AF16: 0?
A17: Water users | B17: Agriculture (Irrigation)
B18: Agriculture (Rainfed crops)
B19: Agriculture (Livestock)
B20: Forestry
B21: Fishing
B22: Crude oil and Mining | K22: =GEOMEAN('[12]Annual reports'!$G$110:$H$110) -> 3777.7254
B23: Manufacturing (Food and beverages) | K23: =GEOMEAN('[12]Annual reports'!$G$112:$H$112) -> 4634.1892
B24: Manufacturing (Non-food) | K24: =GEOMEAN('[12]Annual reports'!$G$111:$H$111) -> 4634.1892
B25: Electricity, Gas, Steam & Air Conditioning Supply | K25: =GEOMEAN('[12]Annual reports'!$G$110:$H$110) -> 3777.7254
B26: Construction | K26: =GEOMEAN('[12]Annual reports'!$G$112:$H$112) -> 4634.1892
B27: Accommodation | K27: =GEOMEAN('[12]Annual reports'!$G$111:$H$111) -> 4634.1892
B28: Public Administration | K28: =GEOMEAN('[12]Annual reports'!$G$110:$H$110) -> 3777.7254
B29: Education | K29: =GEOMEAN('[12]Annual reports'!$G$110:$H$110) -> 3777.7254
B30: Health | K30: =GEOMEAN('[12]Annual reports'!$G$110:$H$110) -> 3777.7254
B31: Other | K31: =GEOMEAN('[12]Annual reports'!$G$111:$H$111) -> 4634.1892
A32: Final consumption | B32: Households | K32: =GEOMEAN('[12]Annual reports'!$G$109:$H$109) -> 2301.7914
B33: Exports
A34: Return flows | B34: Surface Water
B35: Other
A36: Total

Sheet Aggregates
C1: 2018
A2: Gross Water Input | C2: =C3+C4 -> 2.5547719e+14
A3: Total abstracted water | C3: ='Table 5& 6 PSUT '!V12 -> 2.5547719e+14
A4: Imports | C4: 0
A8: Net Domestic Water | C8: =C15+C9 -> 2.5283902e+14
A9: All return flows to envt | C9: ='Table 5& 6 PSUT '!U73 -> 2.2324079e+14 | N9: =22*10 -> 220
A10: Evaporation
A11: Transpiration
A12: Water incorporated in pdts
N13: =N9/5 -> 44
A15: Final Water Use | C15: ='Table 5& 6 PSUT '!V33 -> 2.9598226e+13
A16: Evaporation
A17: Transpiration
A18: Water incorporated in pdts
A21: Population | C21: 38335300
A22: Households, 2014 census report | C22: =C21/4.7 -> 8156446.8
A24: Annual Water consumption per capita, cubic metres | C24: =L53/C21*1000 -> 840912.31
A25: Annual Water consumption per household, cubic metres | C25: =L52/C22*1000 -> 10.679844
A26: Average Daily Water Use per hh, litres, UNHS 2016/17-unweighted | C26: 58.65329
G27: 1000
A29: Water profile and water productivity , 2018
M30: 1000
A31: Industry | B31: Industry Value Added- mill. shs | C31: ='Table 5& 6 PSUT '!A81 -> Total abstraction | D31: ='Table 5& 6 PSUT '!A82 -> Total supply | E31: Water use '000 cubic metres | F31: Percentage of water use | G31: Water use, excluding precipitation '000 cubic metres | H31: Water Use Efficiency, shs per cubic metre | I31: Water productivity- Shs ( VA/M3) | J31: Water Use Efficiency- Shs (Shs/M3) | K31: Water Efficiency-Ltrs (Ltr/VA) | L31: Water consumption '000 cubic metres | M31: Percentage of water consumption | N31: Water productivity- Shs ( VA/CM3) | V31: Proportion
A32: Agriculture | B32: =SUM(B33:B38) -> 33260864 | C32: =SUM(C33:C38) -> 2.5383689e+11 | D32: =SUM(D33:D38) -> 2.2162637e+11 | E32: =SUM(E33:E38) -> 2.5383692e+11 | F32: =SUM(F33:F38) -> 99.357869 | G32: =SUM(G33:G38) -> 463327.68 | H32: =B32/G32*1000 -> 71786.913 | I32: =(B32/E32)*1000 -> 0.13103241 | J32: =(B32/E32*F32)*1000 -> 13.019101 | L32: =SUM(L33:L38) -> 3.2210547e+10 | M32: =SUM(M33:M38) -> 99.919102 | N32: =(B32/L32)*1000 -> 1.0326079
A33: Agriculture (Irrigation) | B33: =0.05*([13]AGDP_CP_CY!$O$6+[13]AGDP_CP_CY!$O$7)*1000 -> 959176.76 | C33: =('Table 5& 6 PSUT '!B81)/1000 -> 262585.43 | D33: =('Table 5& 6 PSUT '!B82)/1000 -> 131292.72 | E33: =('Table 5& 6 PSUT '!B83)/1000 -> 262585.43 | F33: =(E33/$E$53)*100 -> 0.00010278225 | G33: =E33 -> 262585.43 | H33: =B33/G33*1000 -> 3652.8178 | I33: =(B33/E33)*1000 -> 3652.8178 | J33: =(B33/E33*F33)*1000 -> 0.37544483 | K33: =E33/B33*1000 -> 273.76126 | L33: =('Table 5& 6 PSUT '!B84)/1000 -> 131292.72 | M33: =L33/L$53*100 -> 0.0004072781 | N33: =(B33/L33)*1000 -> 7305.6357 | O33: 95265.754 | P33: =L33-O33 -> 36026.963 | V33: =E33/$E$54 -> #DIV/0! | W33: =J33*V33 -> #DIV/0!
A34: Agriculture (Rainfed crop) | B34: =0.95*([13]AGDP_CP_CY!$O$6+[13]AGDP_CP_CY!$O$7)*1000 -> 18224358 | C34: =('Table 5& 6 PSUT '!C81)/1000 -> 1.6976821e+11 | D34: =('Table 5& 6 PSUT '!C82)/1000 -> 1.5279139e+11 | E34: =('Table 5& 6 PSUT '!C83)/1000 -> 1.6976821e+11 | F34: =(E34/E$53*100) -> 66.451356 | I34: =(B34/E34)*1000 -> 0.10734847 | J34: =(B34/E34*F34)*1000 -> 7.1334517 | K34: =E34/B34*1000 -> 9315456.1 | L34: =('Table 5& 6 PSUT '!C84)/1000 -> 1.6976821e+10 | M34: =L34/L$53*100 -> 52.663145 | N34: =(B34/L34)*1000 -> 1.0734847 | O34: 12014738 | P34: =L34-O34 -> 1.6964806e+10 | V34: =E34/$E$54 -> #DIV/0! | W34: =J34*F34 -> 474.02754
A35: Agriculture (Livestock) | B35: =[13]AGDP_CP_CY!$O$8*1000 -> 5095936.6 | C35: =('Table 5& 6 PSUT '!D81)/1000 -> 5.2592103e+10 | D35: =('Table 5& 6 PSUT '!D82)/1000 -> 4.3651444e+10 | E35: =('Table 5& 6 PSUT '!D83)/1000 -> 5.2592132e+10 | F35: =(E35/E$53*100) -> 20.585824 | G35: ='Table 5& 6 PSUT '!D92/1000 -> 30285.344 | H35: =B35/G35*1000 -> 168264.11 | I35: =(B35/E35)*1000 -> 0.096895419 | J35: =(B35/E35*F35)*1000 -> 1.994672 | K35: =E35/B35*1000 -> 10320405 | L35: =('Table 5& 6 PSUT '!D84)/1000 -> 8.9406876e+09 | M35: =L35/L$53*100 -> 27.734564 | N35: =(B35/L35)*1000 -> 0.56997145 | O35: 11685191 | P35: =L35-O35 -> 8.9290024e+09 | V35: =E35/$E$54 -> #DIV/0! | W35: =J35*F35 -> 41.061967
A36: Agriculture Support Services | B36: =[13]AGDP_CP_CY!$O$9*1000 -> 19590.434
A37: Agriculture (Forestry) | B37: =[13]AGDP_CP_CY!$O$10*1000 -> 5526992.3 | C37: =('Table 5& 6 PSUT '!E81)/1000 -> 3.1462908e+10 | D37: =('Table 5& 6 PSUT '!E82)/1000 -> 2.5170325e+10 | E37: =('Table 5& 6 PSUT '!E83)/1000 -> 3.1462908e+10 | F37: =(E37/E$53*100) -> 12.315338 | I37: =(B37/E37)*1000 -> 0.17566693 | J37: =(B37/E37*F37)*1000 -> 2.1633976 | K37: =E37/B37*1000 -> 5692591.2 | L37: =('Table 5& 6 PSUT '!E84)/1000 -> 6.2925834e+09 | M37: =L37/L$53*100 -> 19.519981 | N37: =(B37/L37)*1000 -> 0.87833438 | O37: 4460548.1 | P37: =L37-O37 -> 6.2881228e+09 | V37: =E37/$E$54 -> #DIV/0! | W37: =J37*F37 -> 26.642973
A38: Agriculture (Fishing) | B38: =[13]AGDP_CP_CY!$O$11*1000 -> 3434809.6 | C38: =('Table 5& 6 PSUT '!F81)/1000 -> 13407533 | D38: =('Table 5& 6 PSUT '!F82)/1000 -> 13083901 | E38: =('Table 5& 6 PSUT '!F83)/1000 -> 13407533 | F38: =(E38/E$53*100) -> 0.0052480307 | G38: ='Table 5& 6 PSUT '!F92/1000 -> 170456.91 | H38: =B38/G38*1000 -> 20150.604 | I38: =(B38/E38)*1000 -> 256.18505 | J38: =(B38/E38*F38)*1000 -> 1.344467 | K38: =E38/B38*1000 -> 3903.4284 | L38: ='Table 5& 6 PSUT '!F84/1000 -> 323631.94 | M38: =L38/L$53*100 -> 0.0010039262 | N38: =(B38/L38)*1000 -> 10613.321 | O38: 0 | P38: =L38-O38 -> 323631.94 | V38: =E38/$E$54 -> #DIV/0! | W38: =J38*F38 -> 0.007055804
A39: Industry | B39: =SUM(B40:B45) -> 36178737 | C39: =SUM(C40:C45) -> 1.6402907e+09 | D39: =SUM(D40:D45) -> 1.6143587e+09 | E39: =SUM(E40:E45) -> 1.6403131e+09 | F39: =SUM(F40:F45) -> 0.64205797 | G39: =SUM(G40:G45) -> 703460.3 | H39: =B39/G39*1000 -> 51429.678 | I39: =(B39/E39)*1000 -> 22.055994 | J39: =(B39/E39*F39)*1000 -> 14.161227 | L39: =SUM(L40:L45) -> 25954391 | M39: =SUM(M40:M45) -> 0.080512119 | N39: =(B39/L39)*1000 -> 1393.9351
A40: Crude oil and Mining | B40: =[13]AGDP_CP_CY!$O$13*1000 -> 1742856.7 | C40: =('Table 5& 6 PSUT '!G81)/1000 -> 128522.8 | D40: =('Table 5& 6 PSUT '!G82)/1000 -> 89965.959 | E40: =('Table 5& 6 PSUT '!G83)/1000 -> 129886.4 | F40: =(E40/E$53*100) -> 5.0840659e-05 | G40: =E40 -> 129886.4 | H40: =B40/G40*1000 -> 13418.316 | I40: =(B40/E40)*1000 -> 13418.316 | J40: =(B40/E40*F40)*1000 -> 0.682196 | K40: =E40/B40*1000 -> 74.525002 | L40: =('Table 5& 6 PSUT '!G84)/1000 -> 39920.444 | M40: =L40/L$53*100 -> 0.00012383568 | N40: =(B40/L40)*1000 -> 43658.25 | O40: 1238.1266 | P40: =L40-O40 -> 38682.318 | V40: =E40/$E$54 -> #DIV/0! | W40: =J40*F40 -> 3.4683294e-05
A41: Manufacturing (Food and Beverages) | B41: =0.47*[13]AGDP_CP_CY!$O$14*1000 -> 10183004 | C41: =('Table 5& 6 PSUT '!H81)/1000 -> 10916.48 | D41: =('Table 5& 6 PSUT '!H82)/1000 -> 11114.448 | E41: =('Table 5& 6 PSUT '!H83)/1000 -> 23483.525 | F41: =(E41/E$53*100) -> 9.1920158e-06 | G41: =E41 -> 23483.525 | H41: =B41/G41*1000 -> 433623.3 | I41: =(B41/E41)*1000 -> 433623.3 | J41: =(B41/E41*F41)*1000 -> 3.9858723 | K41: =E41/B41*1000 -> 2.3061491 | L41: =('Table 5& 6 PSUT '!H84)/1000 -> 12369.077 | M41: =L41/L$53*100 -> 3.8369639e-05 | N41: =(B41/L41)*1000 -> 823263.03 | O41: 10464.271 | P41: =L41-O41 -> 1904.806 | V41: =E41/$E$54 -> #DIV/0! | W41: =J41*F41 -> 3.6638201e-05
A42: Manufacturing (Other) | B42: =((1-0.47)*[13]AGDP_CP_CY!$O$14)*1000 -> 11482962 | C42: =('Table 5& 6 PSUT '!I81)/1000 -> 6902.369 | D42: =('Table 5& 6 PSUT '!I82)/1000 -> 7569.7499 | E42: =('Table 5& 6 PSUT '!I83)/1000 -> 13249.961 | F42: =(E42/E$53*100) -> 5.1863529e-06 | G42: =E42 -> 13249.961 | H42: =B42/G42*1000 -> 866641.19 | I42: =(B42/E42)*1000 -> 866641.19 | J42: =(B42/E42*F42)*1000 -> 4.494707 | K42: =E42/B42*1000 -> 1.1538801 | L42: =('Table 5& 6 PSUT '!I84)/1000 -> 5680.2106 | M42: =L42/L$53*100 -> 1.7620363e-05 | N42: =(B42/L42)*1000 -> 2021573.2 | O42: 6535.0206 | P42: =L42-O42 -> -854.81001 | V42: =E42/$E$54 -> #DIV/0! | W42: =J42*F42 -> 2.3311137e-05
A43: Electricity | B43: =[13]AGDP_CP_CY!$O$15*1000 -> 1816972.2 | C43: =('Table 5& 6 PSUT '!J81)/1000 -> 1.0985893e+08 | D43: =('Table 5& 6 PSUT '!J82)/1000 -> 1.0974928e+08 | E43: =('Table 5& 6 PSUT '!J83)/1000 -> 1.0985916e+08 | F43: =(E43/E$53*100) -> 0.043001514 | G43: ='Table 5& 6 PSUT '!J34/1000 -> 157687.12 | H43: =B43/G43*1000 -> 11522.642 | I43: =(B43/E43)*1000 -> 16.539105 | J43: =(B43/E43*F43)*1000 -> 0.71120656 | K43: =E43/B43*1000 -> 60462.763 | L43: =('Table 5& 6 PSUT '!J84)/1000 -> 109882 | M43: =L43/L$53*100 -> 0.00034086073 | N43: =(B43/L43)*1000 -> 16535.668 | O43: 87474.183 | P43: =L43-O43 -> 22407.815 | V43: =E43/$E$54 -> #DIV/0! | W43: =J43*F43 -> 0.030582959
A44: Water Supply; Sewerage and Waste Management Activities | B44: =[13]AGDP_CP_CY!$O$16*1000 -> 3114374.4 | C44: =('Table 5& 6 PSUT '!K81)/1000 -> 1.5300611e+09 | D44: =('Table 5& 6 PSUT '!K82)/1000 -> 1.5044556e+09 | E44: =('Table 5& 6 PSUT '!K83)/1000 -> 1.5300611e+09 | F44: =(E44/E$53*100) -> 0.59890268 | G44: =('Table 5& 6 PSUT '!K58+'Table 5& 6 PSUT '!K66-'Table 5& 6 PSUT '!K51+'Table 5& 6 PSUT '!K49)/1000 -> 152930.52 | H44: =B44/G44*1000 -> 20364.636 | I44: =(B44/E44)*1000 -> 2.0354575 | J44: =(B44/E44*F44)*1000 -> 1.219041 | K44: =E44/B44*1000 -> 491290.04 | L44: =('Table 5& 6 PSUT '!K84)/1000 -> 25605522 | M44: =L44/L$53*100 -> 0.079429908 | N44: =(B44/L44)*1000 -> 121.62901 | O44: 9940.0162 | P44: =L44-O44 -> 25595582 | V44: =E44/$E$54 -> #DIV/0! | W44: =J44*F44 -> 0.73008691
A45: Construction | B45: =[13]AGDP_CP_CY!$O$17*1000 -> 7838568.3 | C45: =('Table 5& 6 PSUT '!L81)/1000 -> 224270.03 | D45: =('Table 5& 6 PSUT '!L82)/1000 -> 45206.267 | E45: =('Table 5& 6 PSUT '!L83)/1000 -> 226222.77 | F45: =(E45/E$53*100) -> 8.8549028e-05 | G45: =E45 -> 226222.77 | H45: =B45/G45*1000 -> 34649.776 | I45: =(B45/E45)*1000 -> 34649.776 | J45: =(B45/E45*F45)*1000 -> 3.068204 | K45: =E45/B45*1000 -> 28.860216 | L45: =('Table 5& 6 PSUT '!L84)/1000 -> 181016.51 | M45: =L45/L$53*100 -> 0.00056152436 | N45: =(B45/L45)*1000 -> 43303.058 | O45: 12418.925 | P45: =L45-O45 -> 168597.58 | V45: =E45/$E$54 -> #DIV/0! | W45: =J45*F45 -> 0.00027168648
A46: Services | B46: =SUM(B47:B52) -> 69785700 | C46: =SUM(C47:C52) -> 5077.8541 | D46: =SUM(D47:D52) -> 61802.671 | E46: =SUM(E47:E52) -> 186233.61 | F46: =SUM(F47:F52) -> 7.2896309e-05 | G46: =SUM(G47:G52) -> 120010.57 | H46: =B46/G46*1000 -> 581496.26 | I46: =(B46/E46)*1000 -> 374721.3 | J46: =(B46/E46*F46)*1000 -> 27.315799 | L46: =SUM(L47:L52) -> 124430.94 | M46: =SUM(M47:M52) -> 0.00038599244 | N46: =(B46/L46)*1000 -> 560838.81
A47: Accommodation | B47: =[13]AGDP_CP_CY!$O$21*1000 -> 3759369.9 | C47: =('Table 5& 6 PSUT '!M81)/1000 -> 367.2078 | D47: =('Table 5& 6 PSUT '!M82)/1000 -> 609.35334 | E47: =('Table 5& 6 PSUT '!M83)/1000 -> 3332.2445 | F47: =(E47/E$53*100) -> 1.3043205e-06 | G47: =E47 -> 3332.2445 | H47: =B47/G47*1000 -> 1128179.5 | I47: =(B47/E47)*1000 -> 1128179.5 | J47: =(B47/E47*F47)*1000 -> 1.4715077 | K47: =E47/B47*1000 -> 0.88638376 | L47: =('Table 5& 6 PSUT '!M84)/1000 -> 2722.8911 | M47: =L47/L$53*100 -> 8.4465761e-06 | N47: =(B47/L47)*1000 -> 1380653.8 | O47: 2303.3725 | P47: =L47-O47 -> 419.51865 | V47: =E47/$E$54 -> #DIV/0! | W47: =J47*F47 -> 1.9193177e-06
A48: Public Administration | B48: =[13]AGDP_CP_CY!$O$27*1000 -> 3658485.7 | C48: =('Table 5& 6 PSUT '!N81)/1000 -> 78.315 | D48: =('Table 5& 6 PSUT '!N82)/1000 -> 4172.4703 | E48: =('Table 5& 6 PSUT '!N83)/1000 -> 23163.871 | F48: =(E48/E$53*100) -> 9.0668957e-06 | G48: =E48 -> 23163.871 | H48: =B48/G48*1000 -> 157939.3 | I48: =(B48/E48)*1000 -> 157939.3 | J48: =(B48/E48*F48)*1000 -> 1.4320192 | K48: =E48/B48*1000 -> 6.3315462 | L48: =('Table 5& 6 PSUT '!N84)/1000 -> 18991.401 | M48: =L48/L$53*100 -> 5.8912496e-05 | N48: =(B48/L48)*1000 -> 192639.06 | O48: 17236.585 | P48: =L48-O48 -> 1754.8157 | Q48: Sch children | S48: 8655924 | V48: =E48/$E$54 -> #DIV/0! | W48: =J48*F48 -> 1.2983969e-05
A49: Education | B49: =[13]AGDP_CP_CY!$O$28*1000 -> 5968554.2 | C49: =('Table 5& 6 PSUT '!O81)/1000 -> 269.575 | D49: =('Table 5& 6 PSUT '!O82)/1000 -> 385.1447 | E49: =('Table 5& 6 PSUT '!O83)/1000 -> 2089.8945 | F49: =(E49/E$53*100) -> 8.1803493e-07 | G49: =E49 -> 2089.8945 | H49: =B49/G49*1000 -> 2855911.7 | J49: =(B49/E49*F49)*1000 -> 2.3362355 | K49: =E49/B49*1000 -> 0.35015088 | L49: =('Table 5& 6 PSUT '!O84)/1000 -> 1704.7498 | M49: =L49/L$53*100 -> 5.288239e-06 | N49: =(B49/L49)*1000 -> 3501132 | O49: 1421.2952 | P49: =L49-O49 -> 283.45466 | S49: 1457277 | V49: =E49/$E$54 -> #DIV/0! | W49: =J49*F49 -> 1.9111223e-06
A50: Health | B50: =[13]AGDP_CP_CY!$O$29*1000 -> 4564489.8 | C50: =('Table 5& 6 PSUT '!P81)/1000 -> 1065.511 | D50: =('Table 5& 6 PSUT '!P82)/1000 -> 834.05939 | E50: =('Table 5& 6 PSUT '!P83)/1000 -> 4495.1323 | F50: =(E50/E$53*100) -> 1.7595028e-06 | G50: =E50 -> 4495.1323 | H50: =B50/G50*1000 -> 1015429.5 | I50: =(B50/E50)*1000 -> 1015429.5 | J50: =(B50/E50*F50)*1000 -> 1.786651 | K50: =E50/B50*1000 -> 0.98480498 | L50: =('Table 5& 6 PSUT '!P84)/1000 -> 3661.0729 | M50: =L50/L$53*100 -> 1.1356874e-05 | N50: =(B50/L50)*1000 -> 1246762.9 | O50: 2543.1378 | P50: =L50-O50 -> 1117.9351 | S50: 240839 | V50: =E50/$E$54 -> #DIV/0! | W50: =J50*F50 -> 3.1436173e-06
A51: Other | B51: =SUM([13]AGDP_CP_CY!$O$34,[13]AGDP_CP_CY!$O$30:$O$31,[13]AGDP_CP_CY!$O$22:$O$26,[13]AGDP_CP_CY!$O$19:$O$20)*1000 -> 50769170 | C51: =('Table 5& 6 PSUT '!Q81)/1000 -> 3297.2453 | D51: =('Table 5& 6 PSUT '!Q82)/1000 -> 2332.2993 | E51: =('Table 5& 6 PSUT '!Q83)/1000 -> 12573.546 | F51: =(E51/E$53*100) -> 4.9215879e-06 | G51: =E51 -> 12573.546 | H51: =B51/G51*1000 -> 4037776.7 | I51: =(B51/E51)*1000 -> 4037776.7 | J51: =(B51/E51*F51)*1000 -> 19.872273 | K51: =E51/B51*1000 -> 0.24766105 | L51: =('Table 5& 6 PSUT '!Q84)/1000 -> 10241.247 | M51: =L51/L$53*100 -> 3.1768978e-05 | N51: =(B51/L51)*1000 -> 4957323.3 | O51: 8517.2885 | P51: =L51-O51 -> 1723.9581 | S51: 250621 | V51: =E51/$E$54 -> #DIV/0! | W51: =J51*F51 -> 9.7803138e-05
A52: Households | B52: =[13]AGDP_CP_CY!$O$32*1000 -> 1065629.7 | C52: =('Table 5& 6 PSUT '!R81)/1000 -> 0 | D52: =('Table 5& 6 PSUT '!R82)/1000 -> 53469.344 | E52: =('Table 5& 6 PSUT '!R83)/1000 -> 140578.92 | F52: =(E52/E$53*100) -> 5.5025967e-05 | G52: ='Table 5& 6 PSUT '!R92/1000 -> 74355.884 | H52: =B52/G52*1000 -> 14331.478 | I52: =(B52/E52)*1000 -> 7580.2951 | L52: =('Table 5& 6 PSUT '!R84)/1000 -> 87109.576 | M52: =L52/L$53*100 -> 0.00027021927 | N52: =(B52/L52)*1000 -> 12233.21 | O52: 56213.257 | P52: =L52-O52 -> 30896.319 | S52: =SUM(S48:S51) -> 10604661 | V52: =E52/$E$54 -> #DIV/0! | W52: =J52*F52 -> 0
A53: Total excl. households | B53: =B32+B39+B46 -> 1.392253e+08 | C53: =C32+C39+C46 -> 2.5547719e+11 | D53: =D32+D39+D46 -> 2.2324079e+11 | E53: =E32+E39+E46 -> 2.5547742e+11 | F53: =F46+F39+F32 -> 100 | G53: =SUM(G32,G39,G46) -> 1286798.6 | H53: =(H32*G32/G53)+(H39*G39/G53)+(H46*G46/G53) -> 108195.1 | I53: =(B53/E53)*1000 -> 0.54496128 | J53: =(B53/E53*F53)*1000 -> 54.496128 | K53: =E53/B53*1000 -> 1834992.8 | L53: =L46+L39+L32 -> 3.2236626e+10 | M53: =M46+M39+M32 -> 100 | N53: =(B53/L53)*1000 -> 4.3188546 | S53: =E49*1000000/S52 -> 197.07321 | T53: ltrs per child per year
B54: =B46/B53*100 -> 50.124294 | J54: =L53/E53*100 -> 12.61819 | Q54: =S53/240 -> 0.82113836 | R54: ltrs per child per day
F55: =L53/E53*100 -> 12.61819
B56: =L52/C22 -> 0.010679844 | C56: Water consumption | H56: Water use indicators | O56: Sch children exclu pre-primary and tartiary | Q56: =(S48*0.05)+(S49*0.5) -> 1161434.7
A57: Comments | B57: =B56*1000000 -> 10679.844 | C57: LITRES PER HH PER YR | F57: 100 | H57: =E53/C21 -> 6664.2864 | J57: 000 CUBIC M | L57: =E52/C22 -> 0.017235314 | M57: 000 CUBIC M | Q57: =E49*1000000/Q56 -> 1799.4077 | R57: ltrs per child per year
B58: =B57/365 -> 29.259845 | C58: LITRES PER HH PER DAY | H58: =H57*1000*1000 -> 6.6642864e+09 | J58: LITRES PER CAPITA PER day | L58: =L57*1000*1000 -> 17235.314 | M58: LITRES PER HH PER YR | Q58: =Q57/240 -> 7.4975321 | R58: ltrs per child per day
A59: Assume that all grasslands are for livestock grazing. | H59: =H58/360 -> 18511907 | J59: LITRES PER CAPITA PER YR | L59: =L58/365 -> 47.220038 | M59: LITRES PER HH PER DAY
A61: DERIVED AGGREGATES AND INDICATORS | B61: 2015 | C61: 2016 | E61: 2017
A62: Gross Water Input '000 cubic metres | C62: ='Table 5& 6 PSUT '!V81/1000 -> 2.554772e+11
A63: Net Domestic Water use '000 cubic metres | C63: ='Table 5& 6 PSUT '!U78/1000-'Table 5& 6 PSUT '!V66/1000 -> 2.52839e+11
A64: Water Consumption '000 cubic metres | C64: =L53 -> 3.2236626e+10 | F64: =L53-C64 -> 0
A65: Water productivity- Value added per cubic metre of water used, shs | C65: =N53 -> 4.3188546
A66: Water Use Efficiency - Shs/Cm3 | C66: =H53 -> 108195.1
A67: Annual Water use per capita, Litres | C67: =E53/C21*1000 -> 6664286.4
A68: Annual Water consumption per capita, cubic metres | C68: =L53/C21*1000 -> 840912.31
A69: Water use per HH per day, Litres | C69: =E52*1000000/C22/365 -> 47.220038 | F69: =C69/C67 -> 7.0855355e-06
A70: Water Consumption per HH per day, Litres | C70: =L52/C22*1000000/365 -> 29.259845
A71: % of losses in the supply and distribution chain | C71: ='Table 5& 6 PSUT '!K32/SUM('Table 5& 6 PSUT '!K14:K15)*100 -> 3125.1501

Sheet Table 5& 6 PSUT 
A1: A. Physical Supply Table
A2: Industries by SIC | B2: Agriculture (Irrigation) | C2: Agriculture (Rainfed crop) | D2: Agriculture (Livestock) | E2: Agriculture (Forestry) | F2: Agriculture (Fishing) | G2: Crude oil and Mining | H2: Manufacturing (Food and Beverages) | I2: Manufacturing (Other) | J2: Electricity | K2: Water Supply; Sewerage and Waste Management Activities | L2: Construction | M2: Accommodation | N2: Public Administration | O2: Education | P2: Health | Q2: Other | R2: Households | S2: Accumulation | T2: Rest of the World | U2: Flows from the environment | V2: Total Supply
A3: (I) Sources of Abstracted Water
A4: Inland Water Resources
A5: Surface Water | U5: ='Table 1 Water Input table'!$AK$42 -> 1.1066811e+11 | V5: =U5 -> 1.1066811e+11 | X5: =V5-V46 -> 0
A6: Groundwater | U6: ='Table 1 Water Input table'!$AK$43+'Table 1 Water Input table'!$AK$44+'Table 1 Water Input table'!$AK$45 -> 1.8183291e+08 | V6: =U6 -> 1.8183291e+08 | X6: =V6-V47 -> 0
A7: Soil Water | U7: ='Table 1 Water Input table'!$AK$46 -> 0 | V7: =U7 -> 0 | X7: =V7-V48 -> 0
A8: Total | U8: =SUM(U5:U7) -> 1.1084995e+11 | V8: =U8 -> 1.1084995e+11 | X8: =V8-V49 -> 0
A9: Other water sources | X9: =V9-V50 -> 0
A10: Precipitation | U10: ='Table 1 Water Input table'!$AK$41 -> 2.5536634e+14 | V10: =U10 -> 2.5536634e+14 | X10: =V10-V51 -> 0
A11: Total | U11: =U10 -> 2.5536634e+14 | V11: =U11 -> 2.5536634e+14 | X11: =V11-V52 -> 0
A12: Total Supply Abstracted Water | U12: =U11+U8 -> 2.5547719e+14 | V12: =U12 -> 2.5547719e+14 | X12: =V12-V53 -> 0
A13: (II) Abstracted water | X13: =V13-V54 -> 0
A14: For distribution-NWSC | K14: =V55 -> 1.6028388e+08 | T14: 0 | V14: =SUM(T14,K14) -> 1.6028388e+08 | X14: =V14-V55 -> 0
A15: For distribution- Other distributors | K15: =V56 -> 6066556.2 | V15: =SUM(T15,K15) -> 6066556.2 | X15: =V15-V56 -> 0
A16: For own use | B16: =B57 -> 2.6258543e+08 | C16: =C57 -> 1.6976821e+14 | D16: =D57 -> 5.2592103e+13 | E16: =E57 -> 3.1462908e+13 | F16: =F57 -> 1.3407533e+10 | G16: =G57 -> 1.285228e+08 | H16: =H57 -> 10916480 | I16: =I57 -> 6902369 | J16: =J57 -> 1.0985893e+11 | K16: =K57+R57 -> 1.5299069e+12 | L16: =L57 -> 2.2427003e+08 | M16: =M57 -> 367207.8 | N16: =N57 -> 78315 | O16: =O57 -> 269575 | P16: =P57 -> 1065511 | Q16: =Q57 -> 3297245.3 | V16: =SUM(B16:R16) -> 2.5547703e+14 | X16: =V16-V57 -> 0
A17: Total | B17: =B16 -> 2.6258543e+08 | C17: =C16 -> 1.6976821e+14 | D17: =D16 -> 5.2592103e+13 | E17: =E16 -> 3.1462908e+13 | F17: =F16 -> 1.3407533e+10 | G17: =G16 -> 1.285228e+08 | H17: =H16 -> 10916480 | I17: =I16 -> 6902369 | J17: =J16 -> 1.0985893e+11 | K17: =K16+K14+K15 -> 1.5300733e+12 | L17: =L16 -> 2.2427003e+08 | M17: =M16 -> 367207.8 | N17: =N16 -> 78315 | O17: =O16 -> 269575 | P17: =P16 -> 1065511 | Q17: =Q16 -> 3297245.3 | T17: =T14 -> 0 | V17: =SUM(V14:V16) -> 2.554772e+14 | X17: =V17-V58 -> 0
A18: (III) Supply of water to other economic unitsof which: | X18: =V18-V59 -> 0
A19: Wastewater
A20: Wastewater to treatment | B20: ='Table 1 Water Input table'!$J$61 -> 0 | C20: ='Table 1 Water Input table'!$J$62 -> 0 | D20: ='Table 1 Water Input table'!$J$63 -> 2895773.4 | E20: ='Table 1 Water Input table'!$J$64 -> 0 | F20: ='Table 1 Water Input table'!$J$65 -> 0 | G20: ='Table 1 Water Input table'!$J$66 -> 0 | H20: ='Table 1 Water Input table'!$J$67 -> 1254628.6 | I20: ='Table 1 Water Input table'!$J$68 -> 633710.64 | J20: ='Table 1 Water Input table'!$J$69 -> 22862.79 | K20: ='Table 1 Water Input table'!$J$70 -> 0 | L20: ='Table 1 Water Input table'!$J$71 -> 191439.3 | M20: ='Table 1 Water Input table'!$J$72 -> 285477.74 | N20: ='Table 1 Water Input table'!$J$73 -> 2301519.9 | O20: ='Table 1 Water Input table'!$J$74 -> 164171.01 | P20: ='Table 1 Water Input table'!$J$75 -> 324835.36 | Q20: ='Table 1 Water Input table'!$J$76 -> 912049.56 | R20: ='Table 1 Water Input table'!$J$77 -> 6905559.4 | V20: =SUM(B20:R20) -> 15892028 | X20: =V20-V61 -> 0
A21: Own treatment | V21: =SUM(B21:R21) -> 0 | X21: =V21-V62 -> 0
A22: Reused water | X22: =V22-V63 -> 0
A23: For distribution | V23: =SUM(B23:R23) -> 0 | X23: =V23-V64 -> 0
A24: For own use | V24: =SUM(B24:R24) -> 0 | X24: =V24-V65 -> 0
A25: Total | V25: =SUM(V20:V21,V23:V24) -> 15892028 | X25: =V25-V66 -> 0
A26: (IV) Return flows of water | X26: =V26-V67 -> 0
A27: To inland water resources | X27: =V27-V68 -> 0
A28: Surface Water | B28: ='Table 1 Water Input table'!AH61 -> 0 | C28: ='Table 1 Water Input table'!AH62 -> 5.0930463e+13 | D28: ='Table 1 Water Input table'!AH63 -> 1.3148025e+13 | E28: ='Table 1 Water Input table'!AH64 -> 3.1462906e+12 | F28: ='Table 1 Water Input table'!S80 -> 1.3083901e+10 | G28: ='Table 1 Water Input table'!AH66 -> 0 | H28: ='Table 1 Water Input table'!AH67 -> 6668668.9 | I28: ='Table 1 Water Input table'!AH68 -> 3784875 | J28: ='Table 1 Water Input table'!AH69 -> 1.0974928e+11 | K28: =SUM('Table 1 Water Input table'!AH56:AH60)+'Table 1 Water Input table'!AH70 -> 1.4992569e+12 | L28: ='Table 1 Water Input table'!AH71 -> 0 | M28: ='Table 1 Water Input table'!AH72 -> 0 | N28: ='Table 1 Water Input table'!AH73 -> 0 | O28: ='Table 1 Water Input table'!AH74 -> 0 | P28: ='Table 1 Water Input table'!AH75 -> 0 | Q28: ='Table 1 Water Input table'!AH76 -> 0 | R28: ='Table 1 Water Input table'!AH77 -> 0 | V28: =SUM(B28:R28) -> 6.884688e+13 | X28: =V28-V70 -> 0
A29: Groundwater | B29: ='Table 1 Water Input table'!AI61 -> 1.3129272e+08 | C29: ='Table 1 Water Input table'!AI62 -> 3.3953642e+13 | D29: ='Table 1 Water Input table'!AI63 -> 7.8888152e+12 | E29: ='Table 1 Water Input table'!AI64 -> 6.2925811e+12 | G29: ='Table 1 Water Input table'!AI66 -> 0 | H29: ='Table 1 Water Input table'!AI67 -> 2222889.6 | I29: ='Table 1 Water Input table'!AI68 -> 0 | J29: ='Table 1 Water Input table'!AI69 -> 0 | K29: =SUM('Table 1 Water Input table'!AI56:AI60)+'Table 1 Water Input table'!AI70 -> 5.198701e+09 | L29: ='Table 1 Water Input table'!AI71 -> 0 | M29: ='Table 1 Water Input table'!AI72 -> 0 | N29: ='Table 1 Water Input table'!AI73 -> 0 | O29: ='Table 1 Water Input table'!AI74 -> 0 | P29: ='Table 1 Water Input table'!AI75 -> 0 | Q29: ='Table 1 Water Input table'!AI76 -> 0 | R29: ='Table 1 Water Input table'!AI77 -> 0 | V29: =SUM(B29:R29) -> 4.8140371e+13 | X29: =V29-V71 -> 0
A30: Other sources | B30: ='Table 1 Water Input table'!AJ61 -> 0 | C30: ='Table 1 Water Input table'!AJ62 -> 6.7907284e+13 | D30: ='Table 1 Water Input table'!AJ63 -> 2.2614604e+13 | E30: ='Table 1 Water Input table'!AJ64 -> 1.5731453e+13 | G30: ='Table 1 Water Input table'!AJ66 -> 89965959 | H30: ='Table 1 Water Input table'!AJ67 -> 2222889.6 | I30: ='Table 1 Water Input table'!AJ68 -> 3784875 | J30: ='Table 1 Water Input table'!AJ69 -> 0 | L30: ='Table 1 Water Input table'!AJ71 -> 45206267 | M30: ='Table 1 Water Input table'!AJ72 -> 609353.34 | N30: ='Table 1 Water Input table'!AJ73 -> 4172470.3 | O30: ='Table 1 Water Input table'!AJ74 -> 385144.7 | P30: ='Table 1 Water Input table'!AJ75 -> 834059.39 | Q30: ='Table 1 Water Input table'!AJ76 -> 2332299.3 | R30: ='Table 1 Water Input table'!AJ77 -> 53469344 | V30: =SUM(B30:R30) -> 1.0625354e+14 | X30: =V30-V72 -> 0
A31: Total returns flows | B31: =SUM(B28:B30) -> 1.3129272e+08 | C31: =SUM(C28:C30) -> 1.5279139e+14 | D31: =SUM(D28:D30) -> 4.3651444e+13 | E31: =SUM(E28:E30) -> 2.5170325e+13 | F31: =SUM(F28:F30) -> 1.3083901e+10 | G31: =SUM(G28:G30) -> 89965959 | H31: =SUM(H28:H30) -> 11114448 | I31: =SUM(I28:I30) -> 7569749.9 | ... R31: =SUM(R28:R30) -> 53469344 | V31: =SUM(V28:V30) -> 2.2324079e+14 | X31: =V31-V73 -> 0
A32: of which: Losses in distribution | B32: 0 | C32: 0 | D32: 0 | E32: 0 | F32: 0 | G32: 0 | H32: 0 | I32: 0 | J32: 0 | K32: =K85 -> 5.198701e+09 | L32: 0 | M32: 0 | N32: 0 | O32: 0 | P32: 0 | Q32: 0 | R32: 0 | V32: =SUM(B32:R32) -> 5.198701e+09
A33: (V) Evaporation of abstracted water, transpiration and water incorporated into products | B33: =SUM(B34:B36)+B39 -> 77375251 | C33: =SUM(C34:C36)+C39 -> 1.2661503e+13 | D33: =SUM(D34:D36)+D39 -> 1.2220473e+13 | E33: =SUM(E34:E36)+E39 -> 4.6925226e+12 | F33: =SUM(F34:F36)+F39 -> 2.8696701e+08 | G33: =SUM(G34:G36)+G39 -> 5559536.7 | H33: =SUM(H34:H36)+H39 -> 7817321.9 | I33: =SUM(I34:I36)+I39 -> 5876563.4 | ... R33: =SUM(R34:R36)+R39 -> 77664468 | V33: =SUM(B33:R33) -> 2.9598226e+13 | X33: =V33-V74 -> 0
A34: Evapotranspiration of abstracted water | B34: ='Table 1 Water Input table'!O78 -> 0 | C34: ='Table 1 Water Input table'!P78 -> 2.436785e+11 | D34: ='Table 1 Water Input table'!Q78 -> 7.5488603e+10 | E34: ='Table 1 Water Input table'!R78 -> 4.5160601e+10 | F34: ='Table 1 Water Input table'!S78 -> 45949676 | G34: ='Table 1 Water Input table'!T78 -> 184476.49 | H34: ='Table 1 Water Input table'!U78 -> 15669.079 | I34: ='Table 1 Water Input table'!V78 -> 9907.3846 | ... R34: ='Table 1 Water Input table'!AE78 -> 95053.9 | X34: =V34-V75 -> 0
A35: Transpiration | X35: =V35-V76 -> 0
A36: Water incorporated into products | X36: =V36-V77 -> 0
A37: Total supply | B37: =B17+B25+B31+B33 -> 4.712534e+08 | C37: =C17+C25+C31+C33 -> 3.352211e+14 | D37: =D17+D25+D31+D33 -> 1.0846402e+14 | E37: =E17+E25+E31+E33 -> 6.1325755e+13 | F37: =F17+F25+F31+F33 -> 2.6778402e+10 | G37: =G17+G25+G31+G33 -> 2.2404829e+08 | H37: =H17+H25+H31+H33 -> 29848250 | I37: =I17+I25+I31+I33 -> 20348682 | ... R37: =R17+R25+R31+R33 -> 1.3113381e+08 | U37: =U12 -> 2.5547719e+14 | V37: =V12+V17+V25+V31+V33 -> 7.6379342e+14 | W37: =V12+V17+V25+V31+V33 -> 7.6379342e+14 | X37: =V37-V78 -> 0
Y38: =V37-W37 -> 0
B39: 77375251 | C39: 1.2417825e+13 | D39: 1.2144984e+13 | E39: 4.647362e+12 | F39: 2.4101734e+08 | G39: 5375060.2 | H39: 7801652.8 | I39: 5866656 | J39: -73432364 | K39: 2.0840571e+10 | L39: 1.1720495e+08 | M39: 2288110.8 | N39: 17147239 | O39: 912386.39 | P39: 2298378.5 | Q39: 5648889.2 | R39: 77569414
Y40: (('Table 1 Water Input table'!N42-'Table 1 Water Input table'!O51)*0.6)
Y41: (0.6*'Table 1 Water Input table'!N43)
A42: B. Physical Use Table
B43: Agriculture (Irrigation) | C43: Agriculture (Rainfed crop) | D43: Agriculture (Livestock) | E43: Agriculture (Forestry) | F43: Agriculture (Fishing) | G43: Crude oil and Mining | H43: Manufacturing (Food and Beverages) | I43: Manufacturing (Other) | J43: Electricity | K43: Water Supply; Sewerage and Waste Management Activities | L43: Construction | M43: Accommodation | N43: Public Administration | O43: Education | P43: Health | Q43: Other | R43: Households | S43: Accumulation | T43: Rest of the World | U43: Flows to the environment | V43: Total Use
A44: (I) Sources of Abstracted Water
A45: Inland Water Resources
A46: Surface Water | B46: ='Table 1 Water Input table'!O51+'Table 1 Water Input table'!O48 -> 2.6189931e+08 | C46: ='Table 1 Water Input table'!P51+'Table 1 Water Input table'!P48 -> 0 | D46: ='Table 1 Water Input table'!Q51+'Table 1 Water Input table'!Q48 -> 109500 | E46: ='Table 1 Water Input table'!R51+'Table 1 Water Input table'!R48 -> 2221550 | F46: ='Table 1 Water Input table'!S51+'Table 1 Water Input table'!S48 -> 37314600 | G46: ='Table 1 Water Input table'!T51+'Table 1 Water Input table'!T48 -> 1.257575e+08 | H46: ='Table 1 Water Input table'!U51+'Table 1 Water Input table'!U48 -> 8870772 | I46: ='Table 1 Water Input table'!V51+'Table 1 Water Input table'!V48 -> 5037525 | J46: ='Table 1 Water Input table'!W51+'Table 1 Water Input table'!W48 -> 109858797262 | K46: ='Table 1 Water Input table'!X48+'Table 1 Water Input table'!AE48+'Table 1 Water Input table'!AE51+'Table 1 Water Input table'!X51 -> 1.4979325e+08 | L46: ='Table 1 Water Input table'!Y48+'Table 1 Water Input table'!Y51 -> 2.1529577e+08 | M46: ='Table 1 Water Input table'!Z48+'Table 1 Water Input table'!Z51 -> 228824.8 | N46: ='Table 1 Water Input table'!AA48+'Table 1 Water Input table'!AA51 -> 1825 | O46: ='Table 1 Water Input table'!AB48+'Table 1 Water Input table'!AB51 -> 68255 | P46: ='Table 1 Water Input table'!AC48+'Table 1 Water Input table'!AC51 -> 989150 | Q46: ='Table 1 Water Input table'!AD48+'Table 1 Water Input table'!AD51 -> 1728147.5 | V46: =SUM(B46:R46) -> 1.1066811e+11
A47: Groundwater | B47: =SUM('Table 1 Water Input table'!O52:O54,'Table 1 Water Input table'!O49) -> 686124 | C47: =SUM('Table 1 Water Input table'!P52:P54,'Table 1 Water Input table'!P49) -> 0 | D47: =SUM('Table 1 Water Input table'!Q52:Q54,'Table 1 Water Input table'!Q49) -> 1218110 | E47: =SUM('Table 1 Water Input table'!R52:R54,'Table 1 Water Input table'!R49) -> 14600 | F47: =SUM('Table 1 Water Input table'!S52:S54,'Table 1 Water Input table'!S49) -> 1.3314231e+08 | G47: =SUM('Table 1 Water Input table'!T52:T54,'Table 1 Water Input table'!T49) -> 2765299 | H47: =SUM('Table 1 Water Input table'!U52:U54,'Table 1 Water Input table'!U49) -> 2045708 | I47: =SUM('Table 1 Water Input table'!V52:V54,'Table 1 Water Input table'!V49) -> 1864844 | J47: =SUM('Table 1 Water Input table'!W52:W54,'Table 1 Water Input table'!W49) -> 131496.5 | K47: =SUM('Table 1 Water Input table'!X49,'Table 1 Water Input table'!X52:X54,'Table 1 Water Input table'!AE49,'Table 1 Water Input table'!AE52:AE54) -> 28928513 | L47: =SUM('Table 1 Water Input table'!Y52:Y54,'Table 1 Water Input table'!Y49) -> 8974258.8 | M47: =SUM('Table 1 Water Input table'!Z52:Z54,'Table 1 Water Input table'!Z49) -> 138383 | N47: =SUM('Table 1 Water Input table'!AA52:AA54,'Table 1 Water Input table'!AA49) -> 76490 | O47: =SUM('Table 1 Water Input table'!AB52:AB54,'Table 1 Water Input table'!AB49) -> 201320 | P47: =SUM('Table 1 Water Input table'!AC52:AC54,'Table 1 Water Input table'!AC49) -> 76361 | Q47: =SUM('Table 1 Water Input table'!AD52:AD54,'Table 1 Water Input table'!AD49) -> 1569097.8 | V47: =SUM(B47:R47) -> 1.8183291e+08
A48: Soil Water | J48: 0 | V48: =SUM(B48:Q48) -> 0
A49: Total | B49: =SUM(B46:B48) -> 2.6258543e+08 | C49: =SUM(C46:C48) -> 0 | D49: =SUM(D46:D48) -> 1327610 | E49: =SUM(E46:E48) -> 2236150 | F49: =SUM(F46:F48) -> 1.7045691e+08 | G49: =SUM(G46:G48) -> 1.285228e+08 | H49: =SUM(H46:H48) -> 10916480 | I49: =SUM(I46:I48) -> 6902369 | ... Q49: =SUM(Q46:Q48) -> 3297245.3 | V49: =SUM(V46:V48) -> 1.1084995e+11
A50: Other water sources
A51: Collection of Precipitation | C51: ='Table 1 Water Input table'!$P$55 -> 1.6976821e+14 | D51: ='Table 1 Water Input table'!$Q$55 -> 5.2592102e+13 | E51: ='Table 1 Water Input table'!$R$55 -> 3.1462906e+13 | F51: ='Table 1 Water Input table'!$S$55 -> 1.3237076e+10 | K51: ='Table 1 Water Input table'!$X$55+'Table 1 Water Input table'!AE55 -> 1.5298824e+12 | V51: =SUM(B51:R51) -> 2.5536634e+14
A52: Total | B52: =B51 -> 0 | C52: =C51 -> 1.6976821e+14 | D52: =D51 -> 5.2592102e+13 | E52: =E51 -> 3.1462906e+13 | F52: =F51 -> 1.3237076e+10 | G52: =G51 -> 0 | H52: =H51 -> 0 | I52: =I51 -> 0 | ... Q52: =Q51 -> 0 | V52: =V51 -> 2.5536634e+14
A53: Total Use of Abstracted Water | B53: =B52+B49 -> 2.6258543e+08 | C53: =C52+C49 -> 1.6976821e+14 | D53: =D52+D49 -> 5.2592103e+13 | E53: =E52+E49 -> 3.1462908e+13 | F53: =F52+F49 -> 1.3407533e+10 | G53: =G52+G49 -> 1.285228e+08 | H53: =H52+H49 -> 10916480 | I53: =I52+I49 -> 6902369 | ... Q53: =Q52+Q49 -> 3297245.3 | V53: =V49+V52 -> 2.5547719e+14
A54: (II) Abstracted water
A55: Distributed Water-NWSC | B55: ='Table 1 Water Input table'!O56 -> 0 | C55: ='Table 1 Water Input table'!P56 -> 0 | D55: ='Table 1 Water Input table'!Q56 -> 28957734 | E55: ='Table 1 Water Input table'!R56 -> 0 | F55: ='Table 1 Water Input table'!S56 -> 0 | G55: ='Table 1 Water Input table'!T56 -> 1363604.7 | H55: ='Table 1 Water Input table'!U56 -> 12546286 | I55: ='Table 1 Water Input table'!V56 -> 6337106.4 | J55: ='Table 1 Water Input table'!W56 -> 228627.9 | L55: ='Table 1 Water Input table'!Y56 -> 1914393 | M55: ='Table 1 Water Input table'!Z56 -> 2854777.4 | N55: ='Table 1 Water Input table'!AA56 -> 23015199 | O55: ='Table 1 Water Input table'!AB56 -> 1641710.1 | P55: ='Table 1 Water Input table'!AC56 -> 3248353.6 | Q55: ='Table 1 Water Input table'!AD56 -> 9120495.6 | R55: ='Table 1 Water Input table'!AE56 -> 69055594 | T55: 0 | V55: =SUM(B55:R55) -> 1.6028388e+08
A56: Distributed Water- other Water supply industry | B56: =SUM('Table 1 Water Input table'!O57:O58) -> 0 | C56: =SUM('Table 1 Water Input table'!P57:P58) -> 0 | D56: =SUM('Table 1 Water Input table'!Q57:Q58) -> 0 | E56: =SUM('Table 1 Water Input table'!R57:R58) -> 0 | F56: =SUM('Table 1 Water Input table'!S57:S58) -> 0 | G56: =SUM('Table 1 Water Input table'!T57:T58) -> 0 | H56: =SUM('Table 1 Water Input table'!U57:U58) -> 20758.646 | I56: =SUM('Table 1 Water Input table'!V57:V58) -> 10485.155 | ... Q56: =SUM('Table 1 Water Input table'!AD57:AD58) -> 155804.93 | R56: =SUM('Table 1 Water Input table'!AE57:AE59) -> 5300289.4 | T56: 0 | V56: =SUM(T56,B56:R56) -> 6066556.2
A57: For own use | B57: ='Table 1 Water Input table'!O60 -> 2.6258543e+08 | C57: ='Table 1 Water Input table'!P60 -> 1.6976821e+14 | D57: ='Table 1 Water Input table'!Q60 -> 5.2592103e+13 | E57: ='Table 1 Water Input table'!R60 -> 3.1462908e+13 | F57: ='Table 1 Water Input table'!S60 -> 1.3407533e+10 | G57: ='Table 1 Water Input table'!T60 -> 1.285228e+08 | H57: ='Table 1 Water Input table'!U60 -> 10916480 | I57: ='Table 1 Water Input table'!V60 -> 6902369 | J57: ='Table 1 Water Input table'!W59 -> 1.0985893e+11 | K57: ='Table 1 Water Input table'!X60 -> 1.5298407e+12 | L57: ='Table 1 Water Input table'!Y60 -> 2.2427003e+08 | M57: ='Table 1 Water Input table'!Z60 -> 367207.8 | N57: ='Table 1 Water Input table'!AA60 -> 78315 | O57: ='Table 1 Water Input table'!AB60 -> 269575 | P57: ='Table 1 Water Input table'!AC60 -> 1065511 | Q57: ='Table 1 Water Input table'!AD60 -> 3297245.3 | R57: ='Table 1 Water Input table'!AE60 -> 66223037 | V57: =SUM(T57,B57:R57) -> 2.5547703e+14
A58: Total | B58: =SUM(B55:B57) -> 2.6258543e+08 | C58: =SUM(C55:C57) -> 1.6976821e+14 | D58: =SUM(D55:D57) -> 5.2592132e+13 | E58: =SUM(E55:E57) -> 3.1462908e+13 | F58: =SUM(F55:F57) -> 1.3407533e+10 | G58: =SUM(G55:G57) -> 1.298864e+08 | H58: =SUM(H55:H57) -> 23483525 | I58: =SUM(I55:I57) -> 13249961 | ... R58: =SUM(R55:R57) -> 1.4057892e+08 | T58: =T55+T56 -> 0 | V58: =SUM(V55:V57) -> 2.554772e+14
A59: (III) Wastewater and reused water
A60: Wastewater
A61: Wastewater received from other units | K61: =V20 -> 15892028 | T61: 0 | V61: =SUM(T61,K61) -> 15892028
A62: Own treatment | V62: =SUM(T62,B62:R62) -> 0
A63: Reused water
A64: Distributed reused | V64: =SUM(B64:R64) -> 0
A65: Own use | V65: =SUM(B65:R65) -> 0
A66: Total | B66: =SUM(B62,B64) -> 0 | C66: =SUM(C62,C64) -> 0 | D66: =SUM(D62,D64) -> 0 | E66: =SUM(E62,E64) -> 0 | F66: =SUM(F62,F64) -> 0 | G66: =SUM(G62,G64) -> 0 | H66: =SUM(H62,H64) -> 0 | I66: =SUM(I62,I64) -> 0 | J66: =SUM(J62,J64) -> 0 | K66: =SUM(K62,K64,K61) -> 15892028 | L66: =SUM(L62,L64) -> 0 | M66: =SUM(M62,M64) -> 0 | N66: =SUM(N62,N64) -> 0 | O66: =SUM(O62,O64) -> 0 | P66: =SUM(P62,P64) -> 0 | Q66: =SUM(Q62,Q64) -> 0 | R66: =SUM(R62,R64) -> 0 | T66: =SUM(T62,T64) -> 0 | V66: =SUM(V61:V62,V64:V65) -> 15892028
A67: (IV) Return flows of water
A68: Return flows of water to the environment
A69: To inland water resources
A70: Surface Water | U70: =V28 -> 6.884688e+13 | V70: =V28 -> 6.884688e+13
A71: Groundwater | U71: =V29 -> 4.8140371e+13 | V71: =V29 -> 4.8140371e+13
A72: To other sources | U72: =V30 -> 1.0625354e+14 | V72: =V30 -> 1.0625354e+14
A73: Total returns flows | U73: =SUM(U70:U72) -> 2.2324079e+14 | V73: =SUM(V70:V72) -> 2.2324079e+14
A74: (V) Evaporation of abstracted water, transpiration and water incorporated into products | U74: =V33 -> 2.9598226e+13 | V74: =U74 -> 2.9598226e+13
A75: Evapotranspiration of abstracted water
A76: Transpiration
A77: Water incorporated into products
A78: Total use | B78: =B53+B58+B66 -> 5.2517087e+08 | C78: =C53+C58+C66 -> 3.3953642e+14 | D78: =D53+D58+D66 -> 1.0518423e+14 | E78: =E53+E58+E66 -> 6.2925816e+13 | F78: =F53+F58+F66 -> 2.6815067e+10 | G78: =G53+G58+G66 -> 2.584092e+08 | H78: =H53+H58+H66 -> 34400005 | I78: =I53+I58+I66 -> 20152330 | ... R78: =R53+R58+R66 -> 1.4057892e+08 | S78: =S77 -> 0 | U78: =U73+U74 -> 2.5283902e+14 | V78: =V53+V58+V66+V73+V74 -> 7.6379342e+14
A79: Difference | B79: =B78-B37 -> 53917466 | C79: =C78-C37 -> 4.3153178e+12 | D79: =D78-D37 -> -3.279785e+12 | E79: =E78-E37 -> 1.6000608e+12 | F79: =F78-F37 -> 36664927 | G79: =G78-G37 -> 34360908 | H79: =H78-H37 -> 4551754.9 | I79: =I78-I37 -> -196352.81 | ... R79: =R78-R37 -> 9445108.3 | U79: =U78-U37 -> -2.6381667e+12 | V79: =V78-V37 -> 0
K80: =K79-'Table 1 Water Input table'!X70 -> 2.3391795e+09
A81: Total abstraction | B81: =B53 -> 2.6258543e+08 | C81: =C53 -> 1.6976821e+14 | D81: =D53 -> 5.2592103e+13 | E81: =E53 -> 3.1462908e+13 | F81: =F53 -> 1.3407533e+10 | G81: =G53 -> 1.285228e+08 | H81: =H53 -> 10916480 | I81: =I53 -> 6902369 | ... T81: =T53 -> 0 | U81: =U84+U31 -> 0 | V81: =V84+V31 -> 2.554772e+14 | Y81: 3.2390022e+11
A82: Total supply | B82: =B25+B31 -> 1.3129272e+08 | C82: =C25+C31 -> 1.5279139e+14 | D82: =D25+D31 -> 4.3651444e+13 | E82: =E25+E31 -> 2.5170325e+13 | F82: =F25+F31 -> 1.3083901e+10 | G82: =G25+G31 -> 89965959 | H82: =H25+H31 -> 11114448 | I82: =I25+I31 -> 7569749.9 | ... V82: =V25+V31 -> 2.2324081e+14 | Y82: 2.9175571e+11
A83: Total use of water | B83: =B81+SUM(B55:B56) -> 2.6258543e+08 | C83: =C81+SUM(C55:C56) -> 1.6976821e+14 | D83: =D81+SUM(D55:D56) -> 5.2592132e+13 | E83: =E81+SUM(E55:E56) -> 3.1462908e+13 | F83: =F81+SUM(F55:F56) -> 1.3407533e+10 | G83: =G81+SUM(G55:G56) -> 1.298864e+08 | H83: =H81+SUM(H55:H56) -> 23483525 | I83: =I81+SUM(I55:I56) -> 13249961 | ... Q83: =Q81+SUM(Q55:Q56) -> 12573546 | R83: =R58+R66 -> 1.4057892e+08 | S83: =S58+S66 -> 0 | T83: =T58+T66 -> 0 | U83: =U58+U66 -> 0 | V83: =V58+V66 -> 2.5547722e+14 | Y83: 3.2391312e+11
A84: Consumption= Total use- Total Supply | B84: =B83-B82 -> 1.3129272e+08 | C84: =C83-C82 -> 16976821066725 | D84: =D83-D82 -> 8.9406876e+12 | E84: =E83-E82 -> 6292583384250 | F84: =F83-F82 -> 3.2363194e+08 | G84: =G83-G82 -> 39920444 | H84: =H83-H82 -> 12369077 | I84: =I83-I82 -> 5680210.6 | ... V84: =V83-V82 -> 3.2236405e+13 | Y84: 3.2157411e+10
A85: o/w Losses in distribution- | B85: =B33-B84 -> -53917466 | C85: =C33-C84 -> -4.3153178e+12 | D85: =D33-D84 -> 3.279785e+12 | E85: =E33-E84 -> -1.6000608e+12 | F85: =F33-F84 -> -36664927 | G85: =G33-G84 -> -34360908 | H85: =H33-H84 -> -4551754.9 | I85: =I33-I84 -> 196352.81 | J85: =J33-J84 -> -25627246 | K85: =SUM('Table 1 Water Input table'!AI56:AI59) -> 5.198701e+09 | L85: =L33-L84 -> -63489643 | M85: =M33-M84 -> -434253.2 | N85: =N33-N84 -> -1844049.4 | O85: =O33-O84 -> -791976.51 | P85: =P33-P84 -> -1361165 | Q85: =Q33-Q84 -> -4587624.6 | R85: =R33-R84 -> -9445108.3 | S85: =S33-S84 -> 0 | T85: =T33-T84 -> 0
A87: Balance identity -LHS | B87: =B81+B66 -> 2.6258543e+08 | C87: =C81+C66 -> 1.6976821e+14 | D87: =D81+D66 -> 5.2592103e+13 | E87: =E81+E66 -> 3.1462908e+13 | F87: =F81+F66 -> 1.3407533e+10 | G87: =G81+G66 -> 1.285228e+08 | H87: =H81+H66 -> 10916480 | I87: =I81+I66 -> 6902369 | ... V87: =V81+V66 -> 2.5547722e+14 | Y87: 3.2391312e+11
A88: Balance identity -RHS | B88: =B25+B31+B84 -> 2.6258543e+08 | C88: =C25+C31+C84 -> 1.6976821e+14 | D88: =D25+D31+D84 -> 5.2592132e+13 | E88: =E25+E31+E84 -> 3.1462908e+13 | F88: =F25+F31+F84 -> 1.3407533e+10 | G88: =G25+G31+G84 -> 1.298864e+08 | H88: =H25+H31+H84 -> 23483525 | I88: =I25+I31+I84 -> 13249961 | ... V88: =V25+V31+V84 -> 2.5547722e+14 | Y88: 3.2391312e+11
M90: =K87-K88 -> 15892028
A92: Water use excluding precipitation | D92: =SUM(D49,D55:D56) -> 30285344 | E92: =SUM(E49,E55:E56) -> 2236150 | F92: =SUM(F49,F55:F56) -> 1.7045691e+08 | R92: =SUM(R49,R55:R56) -> 74355884

Sheet Graphs
A2: Water use '000 cubic metres | G2: Water use '000 cubic metres (others)
B3: 2015 | C3: 2016 | D3: 2017 | E3: 2018 | H3: 2015 | I3: 2016 | J3: 2017 | K3: 2018
A4: Agriculture (Rainfed crop) | B4: 1.4107677e+08 | C4: 1.2014738e+08 | D4: 1.3455552e+08 | E4: 1.3455552e+08 | G4: Agriculture (Irrigation) | H4: 74362.049 | I4: 190531.51 | J4: 133045.33 | K4: 155288.34
A5: Agriculture (Livestock) | B5: 68408768 | C5: 58277480 | D5: 65224922 | E5: 65224999 | G5: Agriculture (Fishing) | H5: 64589.5 | I5: 146500.38 | J5: 149664.64 | K5: 133791.98
A6: Agriculture (Forestry) | B6: 26168344 | C6: 22289468 | D6: 24962022 | E6: 24962028 | G6: Crude oil and Mining | H6: 131084.67 | I6: 4119.1856 | J6: 5201.2177 | K6: 16614.061
A7: Electricity | B7: 51920826 | C7: 87453417 | D7: 97363920 | E7: 1.0038233e+08 | G7: Manufacturing (Food and Beverages) | H7: 184161.23 | I7: 19794.383 | J7: 28800.952 | K7: 165271.22
A8: Water Supply; Sewerage and Waste Management Activities | B8: 1285079.7 | C8: 1097894 | D8: 1229214.4 | E8: 1228091.1 | G8: Manufacturing (Other) | H8: 10833.374 | I8: 15476.607 | J8: 20164.091 | K8: 20555.838
G9: Construction | H9: 42106.971 | I9: 15481.141 | J9: 16086.95 | K9: 148803.8
G10: Accommodation | H10: 3373.6287 | I10: 2815.8159 | J10: 4842.5625 | K10: 4666.0687
G11: Public Administration | H11: 17920.303 | I11: 21022.299 | J11: 37350.306 | K11: 36012.195
G12: Education | H12: 2352.5506 | I12: 1740.1594 | J12: 2918.2351 | K12: 2840.5588
G13: Health | H13: 3349.1346 | I13: 3106.7819 | J13: 5610.0051 | K13: 6238.3611
G14: Other | H14: 14773.28 | I14: 10444.06 | J14: 16640.671 | K14: 16481.827
G15: Households | H15: 278412.28 | I15: 89500.694 | J15: 157189.94 | K15: 150081.36
G16: Total | H16: 2.896871e+08 | I16: 2.8978617e+08 | J16: 3.2391312e+08 | K16: 3.2720962e+08
I17: =I16/H16-1 -> 0.00034197834 | J17: =J16/I16-1 -> 0.11776597 | K17: =K16/J16-1 -> 0.010177121
K18: =K16/H16-1 -> 0.12952775
A25: Water use '000 cubic metres (Dominant sectors)-shares | G25: Water use '000 cubic metres (Others)
B26: 2015 | C26: 2016 | D26: 2017 | E26: 2018 | H26: 2015 | I26: 2016 | J26: 2017 | K26: 2018
A27: Agriculture (Rainfed crop) | B27: =(B4/$H$16)*100 -> 48.699706 | C27: =(C4/$I$16)*100 -> 41.460701 | D27: =(D4/$J$16)*100 -> 41.540622 | E27: =(E4/$K$16)*100 -> 41.122117 | G27: Agriculture (Irrigation) | H27: =((H4/$H$16))*100 -> 0.025669782 | I27: =(I4/$I$16)*100 -> 0.065749 | J27: =(J4/$J$16)*100 -> 0.041074387 | K27: =(K4/$K$16)*100 -> 0.047458366
A28: Agriculture (Livestock) | B28: =(B5/$H$16)*100 -> 23.61471 | C28: =(C5/$I$16)*100 -> 20.110511 | D28: =(D5/$J$16)*100 -> 20.136549 | E28: =(E5/$K$16)*100 -> 19.933704 | G28: Agriculture (Fishing) | H28: =((H5/$H$16))*100 -> 0.022296298 | I28: =(I5/$I$16)*100 -> 0.050554648 | J28: =(J5/$J$16)*100 -> 0.04620518 | K28: =(K5/$K$16)*100 -> 0.040888767
A29: Agriculture (Forestry) | B29: =(B6/$H$16)*100 -> 9.0333133 | C29: =(C6/$I$16)*100 -> 7.6916948 | D29: =(D6/$J$16)*100 -> 7.7063943 | E29: =(E6/$K$16)*100 -> 7.6287575 | G29: Crude oil and Mining | H29: =((H6/$H$16))*100 -> 0.045250434 | I29: =(I6/$I$16)*100 -> 0.0014214569 | J29: =(J6/$J$16)*100 -> 0.0016057447 | K29: =(K6/$K$16)*100 -> 0.0050774978
A30: Electricity | B30: =(B7/$H$16)*100 -> 17.923071 | C30: =(C7/$I$16)*100 -> 30.178603 | D30: =(D7/$J$16)*100 -> 30.058653 | E30: =(E7/$K$16)*100 -> 30.678295 | G30: Manufacturing (Food and Beverages) | H30: =((H7/$H$16))*100 -> 0.063572465 | I30: =(I7/$I$16)*100 -> 0.006830686 | J30: =(J7/$J$16)*100 -> 0.0088915671 | K30: =(K7/$K$16)*100 -> 0.05050928
A31: Water Supply; Sewerage and Waste Management Activities | B31: =(B8/$H$16)*100 -> 0.44360957 | C31: =(C8/$I$16)*100 -> 0.37886349 | D31: =(D8/$J$16)*100 -> 0.37948894 | E31: =(E8/$K$16)*100 -> 0.37532243 | G31: Manufacturing (Other) | H31: =((H8/$H$16))*100 -> 0.0037396811 | I31: =(I8/$I$16)*100 -> 0.005340699 | J31: =(J8/$J$16)*100 -> 0.0062251542 | K31: =(K8/$K$16)*100 -> 0.0062821619
G32: Construction | H32: =((H9/$H$16))*100 -> 0.014535328 | I32: =(I9/$I$16)*100 -> 0.0053422636 | J32: =(J9/$J$16)*100 -> 0.0049664399 | K32: =(K9/$K$16)*100 -> 0.045476596
G33: Accommodation | H33: =((H10/$H$16))*100 -> 0.0011645768 | I33: =(I10/$I$16)*100 -> 0.00097168746 | J33: =(J10/$J$16)*100 -> 0.001495019 | K33: =(K10/$K$16)*100 -> 0.0014260182
G34: Public Administration | H34: =((H11/$H$16))*100 -> 0.0061860894 | I34: =(I11/$I$16)*100 -> 0.0072544176 | J34: =(J11/$J$16)*100 -> 0.011530964 | K34: =(K11/$K$16)*100 -> 0.011005848
G35: Education | H35: =((H12/$H$16))*100 -> 0.00081210056 | I35: =(I12/$I$16)*100 -> 0.00060049774 | J35: =(J12/$J$16)*100 -> 0.00090093144 | K35: =(K12/$K$16)*100 -> 0.00086811593
G36: Health | H36: =((H13/$H$16))*100 -> 0.0011561214 | I36: =(I13/$I$16)*100 -> 0.0010720946 | J36: =(J13/$J$16)*100 -> 0.0017319475 | K36: =(K13/$K$16)*100 -> 0.0019065335
G37: Other | H37: =((H14/$H$16))*100 -> 0.0050997367 | I37: =(I14/$I$16)*100 -> 0.0036040575 | J37: =(J14/$J$16)*100 -> 0.0051373871 | K37: =(K14/$K$16)*100 -> 0.005037085
G38: Households | H38: =((H15/$H$16))*100 -> 0.096107932 | I38: =(I15/$I$16)*100 -> 0.030885081 | J38: =(J15/$J$16)*100 -> 0.048528427 | K38: =(K15/$K$16)*100 -> 0.045867036
H39: =SUM(H27:H38,B27:B31) -> 100 | I39: =SUM(I27:I38,C27:C31) -> 100 | J39: =SUM(J27:J38,D27:D31) -> 100 | K39: =SUM(K27:K38,E27:E31) -> 100
A43: % of industry Value Added
B44: 2015 | C44: 2016 | D44: 2017 | E44: 2018
A45: Agriculture (Irrigation) | B45: 0.66808187 | C45: 0.63151493 | D45: 0.60748229 | E45: 0.62156786
A46: Agriculture (Rainfed crop) | B46: 12.693556 | C46: 11.998784 | D46: 11.542164 | E46: 11.809789
A47: Agriculture (Livestock) | B47: 3.9502041 | C47: 3.9922101 | D47: 3.1352759 | E47: 4.1287461
A48: Agriculture (Forestry) | B48: 3.7695617 | C48: 3.4049252 | D48: 2.5576367 | E48: 3.3807854
A49: Agriculture (Fishing) | B49: 1.4851259 | C49: 1.4545695 | D49: 1.1668478 | E49: 1.4331082
A50: Crude oil and Mining | B50: 0.62910131 | C50: 0.64705708 | D50: 0.42938763 | E50: 0.36163767
A51: Manufacturing (Food and Beverages) | B51: 12.531028 | C51: 12.301424 | D51: 9.6896144 | E51: 10.857363
A52: Manufacturing (Other) | B52: 9.1313092 | C52: 11.245736 | D52: 7.6992734 | E52: 9.8614057
A53: Electricity | B53: 0.83015652 | C53: 0.88269517 | D53: 0.76211528 | E53: 1.0261025
A54: Water Supply; Sewerage and Waste Management Activities | B54: 2.3950693 | C54: 2.5833985 | D54: 2.108344 | E54: 2.756943
A55: Construction | B55: 6.9576972 | C55: 6.9031638 | D55: 5.2144334 | E55: 7.5442886
A56: Accommodation | B56: 2.3834565 | C56: 2.4617448 | D56: 2.0898774 | E56: 2.7532129
... A59: Health | B59: 2.9846774 | C59: 2.9398051 | D59: 2.3157203 | E59: 2.9663721
A60: Households
A61: Total | B61: 100 | C61: 100 | D61: 100 | E61: 100
A65: Water consumption '000 cubic metres | G65: Water consumption % Changes | L65: Proportion
B66: 2015 | C66: 2016 | D66: 2017 | E66: 2018 | H66: 2016 | I66: 2017 | J66: 2018 | M66: 2015 | N66: 2016 | O66: 2017 | P66: 2018
A67: Agriculture (Irrigation) | B67: 37181.024 | C67: 95265.754 | D67: 66522.664 | E67: 77644.169 | G67: Agriculture (Irrigation) | H67: =C67/B67-1 -> 1.5622143 | I67: =D67/C67-1 -> -0.30171482 | J67: =E67/D67-1 -> 0.1671837 | L67: Agriculture (Irrigation) | M67: =(B67/$B$84)*100 -> 0.11019319 | N67: =(C67/$C$84)*100 -> 0.3344847 | O67: =(D67/$D$84)*100 -> 0.20678278 | P67: =(E67/$E$84)*100 -> 0.23988915
A68: Agriculture (Rainfed crop) | B68: 14107677 | C68: 12014738 | D68: 13455552 | E68: 13455552 | G68: Agriculture (Rainfed crop) | H68: =C68/B68-1 -> -0.14835461 | I68: =D68/C68-1 -> 0.11992061 | J68: =E68/D68-1 -> 0 | L68: Agriculture (Rainfed crop) | M68: =(B68/$B$84)*100 -> 41.810842 | N68: =(C68/$C$84)*100 -> 42.184582 | O68: =(D68/$D$84)*100 -> 41.825993 | P68: =(E68/$E$84)*100 -> 41.572226
A69: Agriculture (Livestock) | B69: 13700214 | C69: 11685191 | D69: 13045258 | E69: 13045335 | G69: Agriculture (Livestock) | H69: =C69/B69-1 -> -0.14707963 | I69: =D69/C69-1 -> 0.11639235 | J69: =E69/D69-1 -> 5.8665563e-06 | L69: Agriculture (Livestock) | M69: =(B69/$B$84)*100 -> 40.603247 | N69: =(C69/$C$84)*100 -> 41.027522 | O69: =(D69/$D$84)*100 -> 40.550612 | P69: =(E69/$E$84)*100 -> 40.30482
A70: Agriculture (Forestry) | B70: 5233668.7 | C70: 4460548.1 | D70: 4995047.7 | E70: 4995054.1 | G70: Agriculture (Forestry) | H70: =C70/B70-1 -> -0.14772059 | I70: =D70/C70-1 -> 0.11982824 | J70: =E70/D70-1 -> 1.281269e-06 | L70: Agriculture (Forestry) | M70: =(B70/$B$84)*100 -> 15.510995 | N70: =(C70/$C$84)*100 -> 15.661295 | O70: =(D70/$D$84)*100 -> 15.526886 | P70: =(E70/$E$84)*100 -> 15.432701
A71: Agriculture (Fishing) | B71: 0 | C71: 0 | D71: 0 | E71: 0 | G71: Agriculture (Fishing) | H71: =C71/B71-1 -> #DIV/0! | I71: =D71/C71-1 -> #DIV/0! | J71: =E71/D71-1 -> #DIV/0! | L71: Agriculture (Fishing) | M71: =(B71/$B$84)*100 -> 0 | N71: =(C71/$C$84)*100 -> 0 | O71: =(D71/$D$84)*100 -> 0 | P71: =(E71/$E$84)*100 -> 0
A72: Crude oil and Mining | B72: 35430.562 | C72: 1238.1266 | D72: 2159.7255 | E72: 5610.4509 | G72: Crude oil and Mining | H72: =C72/B72-1 -> -0.96505484 | I72: =D72/C72-1 -> 0.74434953 | J72: =E72/D72-1 -> 1.5977611 | L72: Crude oil and Mining | M72: =(B72/$B$84)*100 -> 0.10500536 | N72: =(C72/$C$84)*100 -> 0.0043471488 | O72: =(D72/$D$84)*100 -> 0.0067134117 | P72: =(E72/$E$84)*100 -> 0.017334029
A73: Manufacturing (Food and Beverages) | B73: 92559.661 | C73: 10467.87 | D73: 15023.196 | E73: 83204.108 | G73: Manufacturing (Food and Beverages) | H73: =C73/B73-1 -> -0.88690678 | I73: =D73/C73-1 -> 0.43517216 | J73: =E73/D73-1 -> 4.5383762 | L73: Manufacturing (Food and Beverages) | M73: =(B73/$B$84)*100 -> 0.27431855 | N73: =(C73/$C$84)*100 -> 0.036753422 | O73: =(D73/$D$84)*100 -> 0.046698943 | P73: =(E73/$E$84)*100 -> 0.25706711
A74: Manufacturing (Other) | B74: 4623.7075 | C74: 6536.5411 | D74: 8443.0777 | E74: 8566.9114 | G74: Manufacturing (Other) | H74: =C74/B74-1 -> 0.41370125 | I74: =D74/C74-1 -> 0.29167362 | J74: =E74/D74-1 -> 0.014666893 | L74: Manufacturing (Other) | M74: =(B74/$B$84)*100 -> 0.013703256 | N74: =(C74/$C$84)*100 -> 0.022950252 | O74: =(D74/$D$84)*100 -> 0.026244936 | P74: =(E74/$E$84)*100 -> 0.026468299
A75: Electricity | B75: 51938.267 | C75: 87474.195 | D75: 97386.593 | E75: 100403.03 | G75: Electricity | H75: =C75/B75-1 -> 0.68419548 | I75: =D75/C75-1 -> 0.11331797 | J75: =E75/D75-1 -> 0.030973858 | L75: Electricity | M75: =(B75/$B$84)*100 -> 0.15392915 | N75: =(C75/$C$84)*100 -> 0.307128 | O75: =(D75/$D$84)*100 -> 0.30272194 | P75: =(E75/$E$84)*100 -> 0.31020484
A76: Water Supply; Sewerage and Waste Management Activities | B76: 249272.18 | C76: 19226.49 | D76: 320273.47 | E76: 329973.19 | G76: Water Supply; Sewerage and Waste Management Activities | H76: =C76/B76-1 -> -0.92286949 | I76: =D76/C76-1 -> 15.657927 | J76: =E76/D76-1 -> 0.030285749 | L76: Water Supply; Sewerage and Waste Management Activities | M76: =(B76/$B$84)*100 -> 0.73876655 | N76: =(C76/$C$84)*100 -> 0.067505549 | O76: =(D76/$D$84)*100 -> 0.99555599 | P76: =(E76/$E$84)*100 -> 1.019484
A77: Construction | B77: 28150.758 | C77: 12419.744 | D77: 12907.568 | E77: 119077.74 | G77: Construction | H77: =C77/B77-1 -> -0.55881317 | I77: =D77/C77-1 -> 0.039278087 | J77: =E77/D77-1 -> 8.2254201 | L77: Construction | M77: =(B77/$B$84)*100 -> 0.083430245 | N77: =(C77/$C$84)*100 -> 0.043606587 | O77: =(D77/$D$84)*100 -> 0.040122607 | P77: =(E77/$E$84)*100 -> 0.36790214
A78: Accommodation | B78: 2742.5037 | C78: 2304.5935 | D78: 3930.7274 | E78: 3784.5972 | G78: Accommodation | H78: =C78/B78-1 -> -0.15967534 | I78: =D78/C78-1 -> 0.70560553 | J78: =E78/D78-1 -> -0.037176365 | L78: Accommodation | M78: =(B78/$B$84)*100 -> 0.0081279427 | N78: =(C78/$C$84)*100 -> 0.0080915884 | O78: =(D78/$D$84)*100 -> 0.012218493 | P78: =(E78/$E$84)*100 -> 0.011692878
... A84: Total | B84: 33741671 | C84: 28481348 | D84: 32170312 | E84: 32366687 | G84: Total | H84: =C84/B84-1 -> -0.15589988 | I84: =D84/C84-1 -> 0.12952209 | J84: =E84/D84-1 -> 0.0061042359 | L84: Total | M84: =(B84/$B$84)*100 -> 100 | N84: =(C84/$C$84)*100 -> 100 | O84: =(D84/$D$84)*100 -> 100 | P84: =(E84/$E$84)*100 -> 100
A89: Value Added(shs) per cubic metre of water consumption
A90: Industry | B90: 2015 | C90: 2016 | D90: 2017 | E90: 2018
A91: Agriculture (Irrigation) | B91: 15357.209 | C91: 6202.0133 | D91: 11873.468 | E91: 8771.3717
A92: Agriculture (Rainfed crop) | B92: 769.0096 | C92: 934.34831 | D92: 1115.3195 | E92: 961.67523
A93: Agriculture (Livestock) | B93: 246.43147 | C93: 319.64169 | D93: 312.4904 | E93: 346.77738
A94: Agriculture (Forestry) | B94: 615.5858 | C94: 714.17596 | D94: 665.7525 | E94: 741.59231
A95: Agriculture (Fishing) | B95: 0 | C95: 0 | D95: 0 | E95: 0
A96: Crude oil and Mining | B96: 15175.623 | C96: 488948.84 | D96: 258502.4 | E96: 70625.853
A97: Manufacturing (Food and Beverages) | B97: 115709.48 | C97: 1099468.9 | D97: 838605.63 | E97: 142977.4 | G97: =B97+B98 -> 1803609.3 | H97: =C97+C98 -> 2709097.8 | I97: =D97+D98 -> 2024272.1 | J97: =E97+E98 -> 1404230.8
A98: Manufacturing (Other) | B98: 1687899.8 | C98: 1609628.9 | D98: 1185666.5 | E98: 1261253.4
A99: Electricity | B99: 13660.811 | C99: 9440.9712 | D99: 10175.016 | E99: 11197.775
A100: Water Supply; Sewerage and Waste Management Activities | B100: 8211.987 | C100: 125712.15 | D100: 8559.2184 | E100: 9154.5488
A101: Construction | B101: 211241.57 | C101: 520021.63 | D101: 525262.39 | E101: 69418.55
A102: Accommodation | B102: 742786.46 | C102: 999389.03 | D102: 691291.92 | E102: 797091.06
A103: Public Administration | B103: 165908.21 | C103: 158987.39 | D103: 97036.87 | E103: 107518.03
A104: Education | B104: 2557587 | C104: 4233280.5 | D104: 3000344.6 | E104: 3381406.4
A105: Health | B105: 934782.64 | C105: 1080929.4 | D105: 661378.68 | E105: 643664.41
A106: Other | B106: 2725278.3 | C106: 3204914.9 | D106: 4139058.9 | E106: 2505242
A107: Households
A108: Total | B108: 2533.0128 | C108: 3284.924 | D108: 4041.6465 | E108: 3385.2408
B109: =B108/A108-1 -> #VALUE! | C109: =C108/B108-1 -> 0.29684461 | D109: =D108/C108-1 -> 0.23036224 | E109: =E108/D108-1 -> -0.16241048

Sheet PSUT-Calc
B2: 2015 | C2: 2016 | D2: 2017 | E2: 2018 | I2: 1000
A3: Total abstraction | B3: 2.8967718e+11 | C3: 2.8977435e+11 | D3: 3.2390022e+11 | E3: 3.2719784e+11
A4: Total supply | B4: 2.5595536e+11 | C4: 2.6131664e+11 | D4: 2.9175571e+11 | E4: 2.9485471e+11
A5: Total use of water | B5: 2.896871e+11 | C5: 2.8978617e+11 | D5: 3.2391312e+11 | E5: 3.2720962e+11 | G5: =11 -> 11
A6: Consumption= Total use- Total Supply | B6: 3.3731746e+10 | C6: 2.8469525e+10 | D6: 3.2157411e+10 | E6: 3.2354909e+10
A7: All return flows to envt | B7: 2.8970021e+08 | C7: 2.8976503e+11 | D7: 2.9172991e+11 | E7: 2.9483116e+11
A8: o/w Losses in distribution- | B8: 0
B9: 0
A10: Balance identity -LHS | B10: 2.896871e+11 | C10: 2.8978617e+11 | D10: 3.2391312e+11 | E10: 3.2720962e+11
A11: Balance identity -RHS | B11: 2.896871e+11 | C11: 2.8978617e+11 | D11: 3.2391312e+11 | E11: 3.2720962e+11
A13: Percentage Change
A14: Total abstraction | C14: =C3/B3-1 -> 0.00033543661 | D14: =D3/C3-1 -> 0.11776705 | E14: =E3/D3-1 -> 0.010180995
A15: Total supply | C15: =C4/B4-1 -> 0.020946182 | D15: =D4/C4-1 -> 0.11648345 | E15: =E4/D4-1 -> 0.010621916
A16: Total use of water | C16: =C5/B5-1 -> 0.00034197834 | D16: =D5/C5-1 -> 0.11776597 | E16: =E5/D5-1 -> 0.010177121
A17: Consumption= Total use- Total Supply | C17: =C6/B6-1 -> -0.15600203 | D17: =D6/C6-1 -> 0.12953801 | E17: =E6/D6-1 -> 0.0061416174
A18: o/w Losses in distribution-
A20: Balance identity -LHS | C20: =C10/B10-1 -> 0.00034197834 | D20: =D10/C10-1 -> 0.11776597 | E20: =E10/D10-1 -> 0.010177121
A21: Balance identity -RHS | C21: =C11/B11-1 -> 0.00034197834 | D21: =D11/C11-1 -> 0.11776597 | E21: =E11/D11-1 -> 0.010177121
A24: Gross Water Input | B24: 2.8970021e+08 | C24: 2.8977686e+11 | D24: 3.2378416e+11 | E24: 3.2710201e+11
A25: Total abstracted water | B25: 2.8970021e+08 | C25: 2.8977686e+11 | D25: 3.2378416e+11 | E25: 3.2710201e+11
A26: Imports | B26: 0 | C26: 0 | D26: 0 | E26: 0
A29: Net Domestic Water
B31: 2.5590827e+08 | C31: 2.61293e+11 | D31: 2.9172991e+11 | E31: 2.9483116e+11 | L31: 220
A32: 2018
A33: Industries by SIC | B33: Agriculture (Irrigation) | C33: Agriculture (Rainfed crop) | D33: Agriculture (Livestock) | E33: Agriculture (Forestry) | F33: Agriculture (Fishing) | G33: Crude oil and Mining | H33: Manufacturing (Food and Beverages) | I33: Manufacturing (Other) | J33: Electricity | K33: Water Supply; Sewerage and Waste Management Activities | L33: Construction | M33: Accommodation | N33: Public Administration | O33: Education | P33: Health | Q33: Other | R33: Households | S33: Accumulation | T33: Rest of the World | U33: Flows from the environment | V33: Total Supply
A34: Total abstraction | B34: 1.5528834e+08 | C34: 1.3455552e+11 | D34: 6.5224999e+10 | E34: 2.4962028e+10 | F34: 1.3379198e+08 | G34: 16614061 | H34: 1.6527122e+08 | I34: 20555838 | J34: 1.0038233e+11 | K34: 1.2280911e+09 | L34: 1.488038e+08 | M34: 4666068.7 | N34: 36012195 | O34: 2840558.8 | P34: 6238361.1 | Q34: 16481827 | R34: 1.5008136e+08 | S34: 0 | T34: 0 | U34: 0 | V34: 3.2719784e+11 | Y34: 3.2390022e+11
A35: Total supply | B35: 77644169 | C35: 1.2109997e+11 | D35: 5.2179664e+10 | E35: 1.9966974e+10 | F35: 1.3379198e+08 | G35: 11003610 | H35: 82067115 | I35: 11988927 | J35: 1.0028193e+11 | K35: 8.9811791e+08 | L35: 29726061 | M35: 881471.51 | N35: 6785293.4 | O35: 538356.12 | P35: 1188796.5 | Q35: 3131058.3 | R35: 57529307 | S35: 0 | T35: 0 | U35: 0 | V35: 2.9485471e+11 | Y35: 2.9175571e+11
A36: Total use of water | B36: 1.5528834e+08 | C36: 1.3455552e+11 | D36: 6.5224999e+10 | E36: 2.4962028e+10 | F36: 1.3379198e+08 | G36: 16614061 | H36: 1.6527122e+08 | I36: 20555838 | J36: 1.0038233e+11 | K36: 1.2280911e+09 | L36: 1.488038e+08 | M36: 4666068.7 | N36: 36012195 | O36: 2840558.8 | P36: 6238361.1 | Q36: 16481827 | R36: 1.5008136e+08 | S36: 0 | T36: 0 | U36: 0 | V36: 3.2720962e+11 | Y36: 3.2391312e+11
A37: Consumption= Total use- Total Supply | B37: 77644169 | C37: 1.3455552e+10 | D37: 1.3045335e+10 | E37: 4.9950541e+09 | F37: 0 | G37: 5610450.9 | H37: 83204108 | I37: 8566911.4 | J37: 1.0040303e+08 | K37: 3.2997319e+08 | L37: 1.1907774e+08 | M37: 3784597.2 | N37: 29226901 | O37: 2302202.7 | P37: 5049564.6 | Q37: 13350768 | R37: 92552050 | S37: 0 | T37: 0 | U37: 0 | V37: 3.2354909e+10 | Y37: 3.2157411e+10
A38: o/w Losses in distribution- | B38: -77644169 | C38: -1.3455552e+10 | D38: -1.3045335e+10 | E38: -4.9950541e+09 | F38: 0 | G38: -5610450.9 | H38: -83204108 | I38: -8566911.4 | J38: -1.0040303e+08 | K38: -3.0564692e+08 | L38: -1.1907774e+08 | M38: -3784597.2 | N38: -29226901 | O38: -2302202.7 | P38: -5049564.6 | Q38: -13350768 | R38: -92552050 | S38: 0 | T38: 0
A40: Balance identity -LHS | B40: 1.5528834e+08 | C40: 1.3455552e+11 | D40: 6.5224999e+10 | E40: 2.4962028e+10 | F40: 1.3379198e+08 | G40: 16614061 | H40: 1.6527122e+08 | I40: 20555838 | J40: 1.0038233e+11 | K40: 1.2398688e+09 | L40: 1.488038e+08 | M40: 4666068.7 | N40: 36012195 | O40: 2840558.8 | P40: 6238361.1 | Q40: 16481827 | R40: 1.5008136e+08 | S40: 0 | T40: 0 | U40: 0 | V40: 3.2720962e+11 | Y40: 3.2391312e+11
A41: Balance identity -RHS | B41: 1.5528834e+08 | C41: 1.3455552e+11 | D41: 6.5224999e+10 | E41: 2.4962028e+10 | F41: 1.3379198e+08 | G41: 16614061 | H41: 1.6527122e+08 | I41: 20555838 | J41: 1.0038233e+11 | K41: 1.2280911e+09 | L41: 1.488038e+08 | M41: 4666068.7 | N41: 36012195 | O41: 2840558.8 | P41: 6238361.1 | Q41: 16481827 | R41: 1.5008136e+08 | S41: 0 | T41: 0 | U41: 0 | V41: 3.2720962e+11 | Y41: 3.2391312e+11
A43: 2017
A44: Industries by SIC | B44: Agriculture (Irrigation) | C44: Agriculture (Rainfed crop) | D44: Agriculture (Livestock) | E44: Agriculture (Forestry) | F44: Agriculture (Fishing) | G44: Crude oil and Mining | H44: Manufacturing (Food and Beverages) | I44: Manufacturing (Other) | J44: Electricity | K44: Water Supply; Sewerage and Waste Management Activities | L44: Construction | M44: Accommodation | N44: Public Administration | O44: Education | P44: Health | Q44: Other | R44: Households | S44: Accumulation | T44: Rest of the World | U44: Flows from the environment | V44: Total Supply
A45: Total abstraction | B45: 1.3304533e+08 | C45: 1.3455552e+11 | D45: 6.5224922e+10 | E45: 2.4962022e+10 | F45: 1.4966464e+08 | G45: 5201217.7 | H45: 28800952 | I45: 20164091 | J45: 9.736392e+10 | K45: 1.2292144e+09 | L45: 16086950 | M45: 4842562.5 | N45: 37350306 | O45: 2918235.1 | P45: 5610005.1 | Q45: 16640671 | R45: 1.5718994e+08 | S45: 0 | T45: 0 | U45: 0 | V45: 3.2390022e+11
A46: Total supply | B46: 66522664 | C46: 1.2109997e+11 | D46: 5.2179664e+10 | E46: 1.9966974e+10 | F46: 1.4966464e+08 | G46: 3041492.2 | H46: 13777757 | I46: 11721013 | J46: 9.7266534e+10 | K46: 9.0894098e+08 | L46: 3179382.7 | M46: 911835.16 | N46: 7013128.9 | O46: 551053.32 | P46: 1057509.8 | Q46: 3147060.3 | R46: 60133985 | S46: 0 | T46: 0 | U46: 0 | V46: 2.9175571e+11
A47: Total use of water | B47: 1.3304533e+08 | C47: 1.3455552e+11 | D47: 6.5224922e+10 | E47: 2.4962022e+10 | F47: 1.4966464e+08 | G47: 5201217.7 | H47: 28800952 | I47: 20164091 | J47: 9.736392e+10 | K47: 1.2292144e+09 | L47: 16086950 | M47: 4842562.5 | N47: 37350306 | O47: 2918235.1 | P47: 5610005.1 | Q47: 16640671 | R47: 1.5718994e+08 | S47: 0 | T47: 0 | U47: 0 | V47: 3.2391312e+11
A48: Consumption= Total use- Total Supply | B48: 66522664 | C48: 1.3455552e+10 | D48: 1.3045258e+10 | E48: 4.9950477e+09 | F48: 0 | G48: 2159725.5 | H48: 15023196 | I48: 8443077.7 | J48: 97386593 | K48: 3.2027347e+08 | L48: 12907568 | M48: 3930727.4 | N48: 30337177 | O48: 2367181.8 | P48: 4552495.3 | Q48: 13493610 | R48: 97055956 | S48: 0 | T48: 0 | U48: 0 | V48: 3.2157411e+10
A49: o/w Losses in distribution- | B49: -66522664 | C49: -1.3455552e+10 | D49: -1.3045258e+10 | E49: -4.9950477e+09 | F49: 0 | G49: -2159725.5 | H49: -15023196 | I49: -8443077.7 | J49: -97386593 | K49: -2.959472e+08 | L49: -12907568 | M49: -3930727.4 | N49: -30337177 | O49: -2367181.8 | P49: -4552495.3 | Q49: -13493610 | R49: -97055956 | S49: 0 | T49: 0
A51: Balance identity -LHS | B51: 1.3304533e+08 | C51: 1.3455552e+11 | D51: 6.5224922e+10 | E51: 2.4962022e+10 | F51: 1.4966464e+08 | G51: 5201217.7 | H51: 28800952 | I51: 20164091 | J51: 9.736392e+10 | K51: 1.2421155e+09 | L51: 16086950 | M51: 4842562.5 | N51: 37350306 | O51: 2918235.1 | P51: 5610005.1 | Q51: 16640671 | R51: 1.5718994e+08 | S51: 0 | T51: 0 | U51: 0 | V51: 3.2391312e+11
A52: Balance identity -RHS | B52: 1.3304533e+08 | C52: 1.3455552e+11 | D52: 6.5224922e+10 | E52: 2.4962022e+10 | F52: 1.4966464e+08 | G52: 5201217.7 | H52: 28800952 | I52: 20164091 | J52: 9.736392e+10 | K52: 1.2292144e+09 | L52: 16086950 | M52: 4842562.5 | N52: 37350306 | O52: 2918235.1 | P52: 5610005.1 | Q52: 16640671 | R52: 1.5718994e+08 | S52: 0 | T52: 0 | U52: 0 | V52: 3.2391312e+11
A59: 2016
A60: Industries by SIC | B60: Agriculture (Irrigation) | C60: Agriculture (Rainfed crop) | D60: Agriculture (Livestock) | E60: Agriculture (Forestry) | F60: Agriculture (Fishing) | G60: Crude oil and Mining | H60: Manufacturing (Food and Beverages) | I60: Manufacturing (Other) | J60: Electricity | K60: Water Supply; Sewerage and Waste Management Activities | L60: Construction | M60: Accommodation | N60: Public Administration | O60: Education | P60: Health | Q60: Other | R60: Households | S60: Accumulation | T60: Rest of the World | U60: Flows from the environment | V60: Total Supply
A61: Total abstraction | B61: 1.9053151e+08 | C61: 1.2014738e+11 | D61: 5.827748e+10 | E61: 2.2289468e+10 | F61: 1.4650038e+08 | G61: 4119185.6 | H61: 19794383 | I61: 15476607 | J61: 8.7453417e+10 | K61: 1.097894e+09 | L61: 15481141 | M61: 2815815.9 | N61: 21022299 | O61: 1740159.4 | P61: 3106781.9 | Q61: 10444060 | R61: 89500694 | S61: 0 | T61: 0 | U61: 0 | V61: 2.8977435e+11
A62: Total supply | B62: 95265754 | C62: 1.0813264e+11 | D62: 4.6592288e+10 | E62: 1.7828919e+10 | F62: 1.4650038e+08 | G62: 2881059.1 | H62: 9326513.4 | I62: 8940065.9 | J62: 8.7365943e+10 | K62: 1.0786675e+09 | L62: 3061397.1 | M62: 511222.4 | N62: 3785713.6 | O62: 318162.06 | P62: 562254.74 | Q62: 1922870.7 | R62: 33287436 | S62: 0 | T62: 0 | U62: 0 | V62: 2.6131664e+11
A63: Total use of water | B63: 1.9053151e+08 | C63: 1.2014738e+11 | D63: 5.827748e+10 | E63: 2.2289468e+10 | F63: 1.4650038e+08 | G63: 4119185.6 | H63: 19794383 | I63: 15476607 | J63: 8.7453417e+10 | K63: 1.097894e+09 | L63: 15481141 | M63: 2815815.9 | N63: 21022299 | O63: 1740159.4 | P63: 3106781.9 | Q63: 10444060 | R63: 89500694 | S63: 0 | T63: 0 | U63: 0 | V63: 2.8978617e+11
A64: Consumption= Total use- Total Supply | B64: 95265754 | C64: 1.2014738e+10 | D64: 1.1685191e+10 | E64: 4.4605481e+09 | F64: 0 | G64: 1238126.6 | H64: 10467870 | I64: 6536541.1 | J64: 87474195 | K64: 19226490 | L64: 12419744 | M64: 2304593.5 | N64: 17236585 | O64: 1421997.3 | P64: 2544527.1 | Q64: 8521189.4 | R64: 56213257 | S64: 0 | T64: 0 | U64: 0 | V64: 2.8469525e+10
A65: o/w Losses in distribution- | B65: 0 | C65: 4.5776367e-05 | D65: -4.3869019e-05 | E65: 0 | F65: 0 | G65: 0 | H65: -3599.2172 | I65: -1520.474 | J65: -12.032349 | K65: 2494931.1 | L65: -818.79489 | M65: -1221.0017 | N65: 0 | O65: -702.16715 | P65: -1389.3361 | Q65: -3900.8789 | R65: 0 | S65: 0 | T65: 0
A67: Balance identity -LHS | B67: 1.9053151e+08 | C67: 1.2014738e+11 | D67: 5.827748e+10 | E67: 2.2289468e+10 | F67: 1.4650038e+08 | G67: 4119185.6 | H67: 19794383 | I67: 15476607 | J67: 8.7453417e+10 | K67: 1.1097169e+09 | L67: 15481141 | M67: 2815815.9 | N67: 21022299 | O67: 1740159.4 | P67: 3106781.9 | Q67: 10444060 | R67: 89500694 | S67: 0 | T67: 0 | U67: 0 | V67: 2.8978617e+11
A68: Balance identity -RHS | B68: 1.9053151e+08 | C68: 1.2014738e+11 | D68: 5.827748e+10 | E68: 2.2289468e+10 | F68: 1.4650038e+08 | G68: 4119185.6 | H68: 19794383 | I68: 15476607 | J68: 8.7453417e+10 | K68: 1.097894e+09 | L68: 15481141 | M68: 2815815.9 | N68: 21022299 | O68: 1740159.4 | P68: 3106781.9 | Q68: 10444060 | R68: 89500694 | S68: 0 | T68: 0 | U68: 0 | V68: 2.8978617e+11
A72: 2015
A73: Industries by SIC | B73: Agriculture (Irrigation) | C73: Agriculture (Rainfed crop) | D73: Agriculture (Livestock) | E73: Agriculture (Forestry) | F73: Agriculture (Fishing) | G73: Crude oil and Mining | H73: Manufacturing (Food and Beverages) | I73: Manufacturing (Other) | J73: Electricity | K73: Water Supply; Sewerage and Waste Management Activities | L73: Construction | M73: Accommodation | N73: Public Administration | O73: Education | P73: Health | Q73: Other | R73: Households | S73: Accumulation | T73: Rest of the World | U73: Flows from the environment | V73: Total Supply
A74: Total abstraction | B74: 74362049 | C74: 1.4107677e+11 | D74: 6.8408768e+10 | E74: 2.6168344e+10 | F74: 37354000 | G74: 1.3108467e+08 | H74: 1.8416123e+08 | I74: 10833374 | J74: 5.1920826e+10 | K74: 1.2850797e+09 | L74: 42106971 | M74: 3373628.7 | N74: 17920303 | O74: 2352550.6 | P74: 3349134.6 | Q74: 14773280 | R74: 2.7841228e+08 | S74: 0 | T74: 0 | U74: 0 | V74: 2.8964994e+11
A75: Total supply | B75: 37181024 | C75: 1.2696909e+11 | D75: 5.4708554e+10 | E75: 2.0934675e+10 | F75: 37354000 | G75: 95654110 | H75: 91601570 | I75: 6209666.2 | J75: 5.1868887e+10 | K75: 1.0358075e+09 | L75: 13956213 | M75: 631125 | N75: 3232551.7 | O75: 445436.44 | P75: 620215.14 | Q75: 5040982.3 | R75: 1.0925556e+08 | S75: 0 | T75: 0 | U75: 0 | V75: 2.5592812e+11
A76: Total use of water | B76: 74362049 | C76: 1.4107677e+11 | D76: 6.8408768e+10 | E76: 2.6168344e+10 | F76: 37354000 | G76: 1.3108467e+08 | H76: 1.8416123e+08 | I76: 10833374 | J76: 5.1920826e+10 | K76: 1.2850797e+09 | L76: 42106971 | M76: 3373628.7 | N76: 17920303 | O76: 2352550.6 | P76: 3349134.6 | Q76: 14773280 | R76: 2.7841228e+08 | S76: 0 | T76: 0 | U76: 0 | V76: 2.8965987e+11
A77: Consumption= Total use- Total Supply | B77: 37181024 | C77: 1.4107677e+10 | D77: 1.3700214e+10 | E77: 5.2336687e+09 | F77: 0 | G77: 35430562 | H77: 92559661 | I77: 4623707.5 | J77: 51938267 | K77: 2.4927218e+08 | L77: 28150758 | M77: 2742503.7 | N77: 14687751 | O77: 1907114.2 | P77: 2728919.5 | Q77: 9732297.3 | R77: 1.6915673e+08 | S77: 0 | T77: 0 | U77: 0 | V77: 3.3731746e+10 | W77: 13.180164 | X77: 7.3054526
A78: o/w Losses in distribution- | B78: 0 | C78: 0 | D78: 0 | E78: 0 | F78: 0 | G78: 0 | H78: 0 | I78: 0 | J78: 0 | K78: 5758861.5 | L78: 0 | M78: 0 | N78: 0 | O78: 0 | P78: 0 | Q78: 0 | R78: 0 | S78: 0 | T78: 0 | U78: 0 | V78: 0
B79: 0 | C79: 0 | D79: 0 | E79: 0 | F79: 0 | G79: 0 | H79: 0 | I79: 0 | J79: 0 | K79: 0 | L79: 0 | M79: 0 | N79: 0 | O79: 0 | P79: 0 | Q79: 0 | R79: 0 | S79: 0 | T79: 0 | U79: 0 | V79: 0
A80: Balance identity -LHS | B80: 74362049 | C80: 1.4107677e+11 | D80: 6.8408768e+10 | E80: 2.6168344e+10 | F80: 37354000 | G80: 1.3108467e+08 | H80: 1.8416123e+08 | I80: 10833374 | J80: 5.1920826e+10 | K80: 1.2950042e+09 | L80: 42106971 | M80: 3373628.7 | N80: 17920303 | O80: 2352550.6 | P80: 3349134.6 | Q80: 14773280 | R80: 2.7841228e+08 | S80: 0 | T80: 0 | U80: 0 | V80: 2.8965987e+11
A81: Balance identity -RHS | B81: 74362049 | C81: 1.4107677e+11 | D81: 6.8408768e+10 | E81: 2.6168344e+10 | F81: 37354000 | G81: 1.3108467e+08 | H81: 1.8416123e+08 | I81: 10833374 | J81: 5.1920826e+10 | K81: 1.2850797e+09 | L81: 42106971 | M81: 3373628.7 | N81: 17920303 | O81: 2352550.6 | P81: 3349134.6 | Q81: 14773280 | R81: 2.7841228e+08 | S81: 0 | T81: 0 | U81: 0 | V81: 2.8965987e+11
B82: 0 | C82: 0 | D82: 0 | E82: 0 | F82: 0 | G82: 0 | H82: 0 | I82: 0 | J82: 0 | K82: 0 | L82: 0 | M82: 0 | N82: 0 | O82: 0 | P82: 0 | Q82: 0 | R82: 0 | S82: 0 | T82: 0 | U82: 0 | V82: 0
A85: Percentage Change 2018 anf 2017
A86: Industries by SIC | B86: Agriculture (Irrigation) | C86: Agriculture (Rainfed crop) | D86: Agriculture (Livestock) | E86: Agriculture (Forestry) | F86: Agriculture (Fishing) | G86: Crude oil and Mining | H86: Manufacturing (Food and Beverages) | I86: Manufacturing (Other) | J86: Electricity | K86: Water Supply; Sewerage and Waste Management Activities | L86: Construction | M86: Accommodation | N86: Public Administration | O86: Education | P86: Health | Q86: Other | R86: Households | S86: Accumulation | T86: Rest of the World | U86: Flows from the environment | V86: Total Supply
A87: Total abstraction | B87: =B34/B45-1 -> 0.1671837 | C87: =C34/C45-1 -> 0 | D87: =D34/D45-1 -> 1.1733359e-06 | E87: =E34/E45-1 -> 2.5638949e-07 | F87: =F34/F45-1 -> -0.10605485 | G87: =G34/G45-1 -> 2.1942638 | H87: =H34/H45-1 -> 4.7383944 | I87: =I34/I45-1 -> 0.019427971 | ... R87: =R34/R45-1 -> -0.045222894 | V87: =V34/V45-1 -> 0.010180995
A88: Total supply | B88: =B35/B46-1 -> 0.1671837 | C88: =C35/C46-1 -> 0 | D88: =D35/D46-1 -> 0 | E88: =E35/E46-1 -> 0 | F88: =F35/F46-1 -> -0.10605485 | G88: =G35/G46-1 -> 2.6178328 | H88: =H35/H46-1 -> 4.9564932 | I88: =I35/I46-1 -> 0.022857551 | ... R88: =R35/R46-1 -> -0.043314577 | V88: =V35/V46-1 -> 0.010621916
A89: Total use of water | B89: =B36/B47-1 -> 0.1671837 | C89: =C36/C47-1 -> 0 | D89: =D36/D47-1 -> 1.1733359e-06 | E89: =E36/E47-1 -> 2.5638949e-07 | F89: =F36/F47-1 -> -0.10605485 | G89: =G36/G47-1 -> 2.1942638 | H89: =H36/H47-1 -> 4.7383944 | I89: =I36/I47-1 -> 0.019427971 | ... R89: =R36/R47-1 -> -0.045222894 | V89: =V36/V47-1 -> 0.010177121
A90: Consumption= Total use- Total Supply | B90: =B37/B48-1 -> 0.1671837 | C90: =C37/C48-1 -> 0 | D90: =D37/D48-1 -> 5.8665563e-06 | E90: =E37/E48-1 -> 1.281269e-06 | F90: =F37/F48-1 -> #DIV/0! | G90: =G37/G48-1 -> 1.5977611 | H90: =H37/H48-1 -> 4.5383762 | I90: =I37/I48-1 -> 0.014666893 | ... R90: =R37/R48-1 -> -0.04640525 | V90: =V37/V48-1 -> 0.0061416174
A91: o/w Losses in distribution- | B91: =B38/B49-1 -> 0.1671837 | C91: =C38/C49-1 -> 0 | D91: =D38/D49-1 -> 5.8665563e-06 | E91: =E38/E49-1 -> 1.281269e-06 | F91: =F38/F49-1 -> #DIV/0! | G91: =G38/G49-1 -> 1.5977611 | H91: =H38/H49-1 -> 4.5383762 | I91: =I38/I49-1 -> 0.014666893 | ... R91: =R38/R49-1 -> -0.04640525 | V91: =V38/V49-1 -> #DIV/0!
A93: Balance identity -LHS | B93: =B40/B51-1 -> 0.1671837 | C93: =C40/C51-1 -> 0 | D93: =D40/D51-1 -> 1.1733359e-06 | E93: =E40/E51-1 -> 2.5638949e-07 | F93: =F40/F51-1 -> -0.10605485 | G93: =G40/G51-1 -> 2.1942638 | H93: =H40/H51-1 -> 4.7383944 | I93: =I40/I51-1 -> 0.019427971 | ... R93: =R40/R51-1 -> -0.045222894 | V93: =V40/V51-1 -> 0.010177121
A94: Balance identity -RHS | B94: =B41/B52-1 -> 0.1671837 | C94: =C41/C52-1 -> 0 | D94: =D41/D52-1 -> 1.1733359e-06 | E94: =E41/E52-1 -> 2.5638949e-07 | F94: =F41/F52-1 -> -0.10605485 | G94: =G41/G52-1 -> 2.1942638 | H94: =H41/H52-1 -> 4.7383944 | I94: =I41/I52-1 -> 0.019427971 | ... R94: =R41/R52-1 -> -0.045222894 | V94: =V41/V52-1 -> 0.010177121
A99: Percentage Change 2017 anf 2016
A100: Industries by SIC | B100: Agriculture (Irrigation) | C100: Agriculture (Rainfed crop) | D100: Agriculture (Livestock) | E100: Agriculture (Forestry) | F100: Agriculture (Fishing) | G100: Crude oil and Mining | H100: Manufacturing (Food and Beverages) | I100: Manufacturing (Other) | J100: Electricity | K100: Water Supply; Sewerage and Waste Management Activities | L100: Construction | M100: Accommodation | N100: Public Administration | O100: Education | P100: Health | Q100: Other | R100: Households | S100: Accumulation | T100: Rest of the World | U100: Flows from the environment | V100: Total Supply
A101: Total abstraction | B101: =B45/B61-1 -> -0.30171482 | C101: =C45/C61-1 -> 0.11992061 | D101: =D45/D61-1 -> 0.11921316 | E101: =E45/E61-1 -> 0.11990212 | F101: =F45/F61-1 -> 0.02159901 | G101: =G45/G61-1 -> 0.26268107 | H101: =H45/H61-1 -> 0.45500629 | I101: =I45/I61-1 -> 0.30287543 | ... V101: =V45/V61-1 -> 0.11776705
A102: Total supply | B102: =B46/B62-1 -> -0.30171482 | C102: =C46/C62-1 -> 0.11992061 | D102: =D46/D62-1 -> 0.11992061 | E102: =E46/E62-1 -> 0.11992061 | F102: =F46/F62-1 -> 0.02159901 | G102: =G46/G62-1 -> 0.05568548 | H102: =H46/H62-1 -> 0.47726768 | I102: =I46/I62-1 -> 0.31106564 | ... V102: =V46/V62-1 -> 0.11648345
A103: Total use of water | B103: =B47/B63-1 -> -0.30171482 | C103: =C47/C63-1 -> 0.11992061 | D103: =D47/D63-1 -> 0.11921316 | E103: =E47/E63-1 -> 0.11990212 | F103: =F47/F63-1 -> 0.02159901 | G103: =G47/G63-1 -> 0.26268107 | H103: =H47/H63-1 -> 0.45500629 | I103: =I47/I63-1 -> 0.30287543 | ... V103: =V47/V63-1 -> 0.11776597
A104: Consumption= Total use- Total Supply | B104: =B48/B64-1 -> -0.30171482 | C104: =C48/C64-1 -> 0.11992061 | D104: =D48/D64-1 -> 0.11639235 | E104: =E48/E64-1 -> 0.11982824 | F104: =F48/F64-1 -> #DIV/0! | G104: =G48/G64-1 -> 0.74434953 | H104: =H48/H64-1 -> 0.43517216 | I104: =I48/I64-1 -> 0.29167362 | ... V104: =V48/V64-1 -> 0.12953801
A105: o/w Losses in distribution-
A107: Balance identity -LHS | B107: =B51/B67-1 -> -0.30171482 | C107: =C51/C67-1 -> 0.11992061 | D107: =D51/D67-1 -> 0.11921316 | E107: =E51/E67-1 -> 0.11990212 | F107: =F51/F67-1 -> 0.02159901 | G107: =G51/G67-1 -> 0.26268107 | H107: =H51/H67-1 -> 0.45500629 | I107: =I51/I67-1 -> 0.30287543 | ... V107: =V51/V67-1 -> 0.11776597
A108: Balance identity -RHS | B108: =B52/B68-1 -> -0.30171482 | C108: =C52/C68-1 -> 0.11992061 | D108: =D52/D68-1 -> 0.11921316 | E108: =E52/E68-1 -> 0.11990212 | F108: =F52/F68-1 -> 0.02159901 | G108: =G52/G68-1 -> 0.26268107 | H108: =H52/H68-1 -> 0.45500629 | I108: =I52/I68-1 -> 0.30287543 | ... V108: =V52/V68-1 -> 0.11776597
A112: Percentage Change 2017 anf 2016
A113: Industries by SIC | B113: Agriculture (Irrigation) | C113: Agriculture (Rainfed crop) | D113: Agriculture (Livestock) | E113: Agriculture (Forestry) | F113: Agriculture (Fishing) | G113: Crude oil and Mining | H113: Manufacturing (Food and Beverages) | I113: Manufacturing (Other) | J113: Electricity | K113: Water Supply; Sewerage and Waste Management Activities | L113: Construction | M113: Accommodation | N113: Public Administration | O113: Education | P113: Health | Q113: Other | R113: Households | S113: Accumulation | T113: Rest of the World | U113: Flows from the environment | V113: Total Supply
A114: Total abstraction | B114: =B61/B74-1 -> 1.5622143 | C114: =C61/C74-1 -> -0.14835461 | D114: =D61/D74-1 -> -0.14809927 | E114: =E61/E74-1 -> -0.1482278 | F114: =F61/F74-1 -> 2.9219462 | G114: =G61/G74-1 -> -0.96857615 | H114: =H61/H74-1 -> -0.89251601 | I114: =I61/I74-1 -> 0.42860455 | ... V114: =V61/V74-1 -> 0.00042949717
A115: Total supply | B115: =B62/B75-1 -> 1.5622143 | C115: =C62/C75-1 -> -0.14835461 | D115: =D62/D75-1 -> -0.14835461 | E115: =E62/E75-1 -> -0.14835461 | F115: =F62/F75-1 -> 2.9219462 | G115: =G62/G75-1 -> -0.96988045 | H115: =H62/H75-1 -> -0.89818391 | I115: =I62/I75-1 -> 0.43970152 | ... V115: =V62/V75-1 -> 0.02105483
A116: Total use of water | B116: =B63/B76-1 -> 1.5622143 | C116: =C63/C76-1 -> -0.14835461 | D116: =D63/D76-1 -> -0.14809927 | E116: =E63/E76-1 -> -0.1482278 | F116: =F63/F76-1 -> 2.9219462 | G116: =G63/G76-1 -> -0.96857615 | H116: =H63/H76-1 -> -0.89251601 | I116: =I63/I76-1 -> 0.42860455 | ... V116: =V63/V76-1 -> 0.00043603629
A117: Consumption= Total use- Total Supply | B117: =B64/B77-1 -> 1.5622143 | C117: =C64/C77-1 -> -0.14835461 | D117: =D64/D77-1 -> -0.14707963 | E117: =E64/E77-1 -> -0.14772059 | F117: =F64/F77-1 -> #DIV/0! | G117: =G64/G77-1 -> -0.96505484 | H117: =H64/H77-1 -> -0.88690678 | I117: =I64/I77-1 -> 0.41370125 | ... V117: =V64/V77-1 -> -0.15600203
A118: o/w Losses in distribution-
A120: Balance identity -LHS | B120: =B67/B80-1 -> 1.5622143 | C120: =C67/C80-1 -> -0.14835461 | D120: =D67/D80-1 -> -0.14809927 | E120: =E67/E80-1 -> -0.1482278 | F120: =F67/F80-1 -> 2.9219462 | G120: =G67/G80-1 -> -0.96857615 | H120: =H67/H80-1 -> -0.89251601 | I120: =I67/I80-1 -> 0.42860455 | ... V120: =V67/V80-1 -> 0.00043603629
A121: Balance identity -RHS | B121: =B68/B81-1 -> 1.5622143 | C121: =C68/C81-1 -> -0.14835461 | D121: =D68/D81-1 -> -0.14809927 | E121: =E68/E81-1 -> -0.1482278 | F121: =F68/F81-1 -> 2.9219462 | G121: =G68/G81-1 -> -0.96857615 | H121: =H68/H81-1 -> -0.89251601 | I121: =I68/I81-1 -> 0.42860455 | ... V121: =V68/V81-1 -> 0.00043603629
